date,day_of_week,month,year,is_weekend,is_holiday,menu_item,units_sold,unit_price,revenue
2023-01-01,Sunday,1,2023,1,0,Biryani,160,350,56000
2023-01-01,Sunday,1,2023,1,0,Butter Chicken,114,320,36480
2023-01-01,Sunday,1,2023,1,0,Dal Makhani,79,220,17380
2023-01-01,Sunday,1,2023,1,0,Gulab Jamun,72,80,5760
2023-01-01,Sunday,1,2023,1,0,Mango Lassi,81,90,7290
2023-01-01,Sunday,1,2023,1,0,Masala Dosa,91,120,10920
2023-01-01,Sunday,1,2023,1,0,Naan,170,60,10200
2023-01-01,Sunday,1,2023,1,0,Paneer Tikka,79,280,22120
2023-01-02,Monday,1,2023,0,0,Biryani,83,350,29050
2023-01-02,Monday,1,2023,0,0,Butter Chicken,60,320,19200
2023-01-02,Monday,1,2023,0,0,Dal Makhani,37,220,8140
2023-01-02,Monday,1,2023,0,0,Gulab Jamun,28,80,2240
2023-01-02,Monday,1,2023,0,0,Mango Lassi,41,90,3690
2023-01-02,Monday,1,2023,0,0,Masala Dosa,43,120,5160
2023-01-02,Monday,1,2023,0,0,Naan,107,60,6420
2023-01-02,Monday,1,2023,0,0,Paneer Tikka,51,280,14280
2023-01-03,Tuesday,1,2023,0,0,Biryani,98,350,34300
2023-01-03,Tuesday,1,2023,0,0,Butter Chicken,70,320,22400
2023-01-03,Tuesday,1,2023,0,0,Dal Makhani,41,220,9020
2023-01-03,Tuesday,1,2023,0,0,Gulab Jamun,45,80,3600
2023-01-03,Tuesday,1,2023,0,0,Mango Lassi,45,90,4050
2023-01-03,Tuesday,1,2023,0,0,Masala Dosa,68,120,8160
2023-01-03,Tuesday,1,2023,0,0,Naan,152,60,9120
2023-01-03,Tuesday,1,2023,0,0,Paneer Tikka,62,280,17360
2023-01-04,Wednesday,1,2023,0,0,Biryani,94,350,32900
2023-01-04,Wednesday,1,2023,0,0,Butter Chicken,74,320,23680
2023-01-04,Wednesday,1,2023,0,0,Dal Makhani,52,220,11440
2023-01-04,Wednesday,1,2023,0,0,Gulab Jamun,41,80,3280
2023-01-04,Wednesday,1,2023,0,0,Mango Lassi,67,90,6030
2023-01-04,Wednesday,1,2023,0,0,Masala Dosa,67,120,8040
2023-01-04,Wednesday,1,2023,0,0,Naan,120,60,7200
2023-01-04,Wednesday,1,2023,0,0,Paneer Tikka,60,280,16800
2023-01-05,Thursday,1,2023,0,0,Biryani,120,350,42000
2023-01-05,Thursday,1,2023,0,0,Butter Chicken,79,320,25280
2023-01-05,Thursday,1,2023,0,0,Dal Makhani,42,220,9240
2023-01-05,Thursday,1,2023,0,0,Gulab Jamun,37,80,2960
2023-01-05,Thursday,1,2023,0,0,Mango Lassi,56,90,5040
2023-01-05,Thursday,1,2023,0,0,Masala Dosa,53,120,6360
2023-01-05,Thursday,1,2023,0,0,Naan,133,60,7980
2023-01-05,Thursday,1,2023,0,0,Paneer Tikka,52,280,14560
2023-01-06,Friday,1,2023,0,0,Biryani,146,350,51100
2023-01-06,Friday,1,2023,0,0,Butter Chicken,117,320,37440
2023-01-06,Friday,1,2023,0,0,Dal Makhani,65,220,14300
2023-01-06,Friday,1,2023,0,0,Gulab Jamun,57,80,4560
2023-01-06,Friday,1,2023,0,0,Mango Lassi,83,90,7470
2023-01-06,Friday,1,2023,0,0,Masala Dosa,86,120,10320
2023-01-06,Friday,1,2023,0,0,Naan,144,60,8640
2023-01-06,Friday,1,2023,0,0,Paneer Tikka,82,280,22960
2023-01-07,Saturday,1,2023,1,0,Biryani,154,350,53900
2023-01-07,Saturday,1,2023,1,0,Butter Chicken,112,320,35840
2023-01-07,Saturday,1,2023,1,0,Dal Makhani,64,220,14080
2023-01-07,Saturday,1,2023,1,0,Gulab Jamun,68,80,5440
2023-01-07,Saturday,1,2023,1,0,Mango Lassi,82,90,7380
2023-01-07,Saturday,1,2023,1,0,Masala Dosa,101,120,12120
2023-01-07,Saturday,1,2023,1,0,Naan,161,60,9660
2023-01-07,Saturday,1,2023,1,0,Paneer Tikka,63,280,17640
2023-01-08,Sunday,1,2023,1,0,Biryani,154,350,53900
2023-01-08,Sunday,1,2023,1,0,Butter Chicken,97,320,31040
2023-01-08,Sunday,1,2023,1,0,Dal Makhani,75,220,16500
2023-01-08,Sunday,1,2023,1,0,Gulab Jamun,52,80,4160
2023-01-08,Sunday,1,2023,1,0,Mango Lassi,63,90,5670
2023-01-08,Sunday,1,2023,1,0,Masala Dosa,92,120,11040
2023-01-08,Sunday,1,2023,1,0,Naan,165,60,9900
2023-01-08,Sunday,1,2023,1,0,Paneer Tikka,77,280,21560
2023-01-09,Monday,1,2023,0,0,Biryani,87,350,30450
2023-01-09,Monday,1,2023,0,0,Butter Chicken,70,320,22400
2023-01-09,Monday,1,2023,0,0,Dal Makhani,44,220,9680
2023-01-09,Monday,1,2023,0,0,Gulab Jamun,37,80,2960
2023-01-09,Monday,1,2023,0,0,Mango Lassi,52,90,4680
2023-01-09,Monday,1,2023,0,0,Masala Dosa,51,120,6120
2023-01-09,Monday,1,2023,0,0,Naan,108,60,6480
2023-01-09,Monday,1,2023,0,0,Paneer Tikka,55,280,15400
2023-01-10,Tuesday,1,2023,0,0,Biryani,75,350,26250
2023-01-10,Tuesday,1,2023,0,0,Butter Chicken,79,320,25280
2023-01-10,Tuesday,1,2023,0,0,Dal Makhani,54,220,11880
2023-01-10,Tuesday,1,2023,0,0,Gulab Jamun,45,80,3600
2023-01-10,Tuesday,1,2023,0,0,Mango Lassi,41,90,3690
2023-01-10,Tuesday,1,2023,0,0,Masala Dosa,67,120,8040
2023-01-10,Tuesday,1,2023,0,0,Naan,131,60,7860
2023-01-10,Tuesday,1,2023,0,0,Paneer Tikka,71,280,19880
2023-01-11,Wednesday,1,2023,0,0,Biryani,129,350,45150
2023-01-11,Wednesday,1,2023,0,0,Butter Chicken,77,320,24640
2023-01-11,Wednesday,1,2023,0,0,Dal Makhani,46,220,10120
2023-01-11,Wednesday,1,2023,0,0,Gulab Jamun,49,80,3920
2023-01-11,Wednesday,1,2023,0,0,Mango Lassi,57,90,5130
2023-01-11,Wednesday,1,2023,0,0,Masala Dosa,65,120,7800
2023-01-11,Wednesday,1,2023,0,0,Naan,117,60,7020
2023-01-11,Wednesday,1,2023,0,0,Paneer Tikka,62,280,17360
2023-01-12,Thursday,1,2023,0,0,Biryani,111,350,38850
2023-01-12,Thursday,1,2023,0,0,Butter Chicken,74,320,23680
2023-01-12,Thursday,1,2023,0,0,Dal Makhani,55,220,12100
2023-01-12,Thursday,1,2023,0,0,Gulab Jamun,42,80,3360
2023-01-12,Thursday,1,2023,0,0,Mango Lassi,45,90,4050
2023-01-12,Thursday,1,2023,0,0,Masala Dosa,67,120,8040
2023-01-12,Thursday,1,2023,0,0,Naan,119,60,7140
2023-01-12,Thursday,1,2023,0,0,Paneer Tikka,63,280,17640
2023-01-13,Friday,1,2023,0,0,Biryani,148,350,51800
2023-01-13,Friday,1,2023,0,0,Butter Chicken,111,320,35520
2023-01-13,Friday,1,2023,0,0,Dal Makhani,65,220,14300
2023-01-13,Friday,1,2023,0,0,Gulab Jamun,58,80,4640
2023-01-13,Friday,1,2023,0,0,Mango Lassi,67,90,6030
2023-01-13,Friday,1,2023,0,0,Masala Dosa,89,120,10680
2023-01-13,Friday,1,2023,0,0,Naan,145,60,8700
2023-01-13,Friday,1,2023,0,0,Paneer Tikka,83,280,23240
2023-01-14,Saturday,1,2023,1,0,Biryani,182,350,63700
2023-01-14,Saturday,1,2023,1,0,Butter Chicken,105,320,33600
2023-01-14,Saturday,1,2023,1,0,Dal Makhani,68,220,14960
2023-01-14,Saturday,1,2023,1,0,Gulab Jamun,46,80,3680
2023-01-14,Saturday,1,2023,1,0,Mango Lassi,74,90,6660
2023-01-14,Saturday,1,2023,1,0,Masala Dosa,93,120,11160
2023-01-14,Saturday,1,2023,1,0,Naan,180,60,10800
2023-01-14,Saturday,1,2023,1,0,Paneer Tikka,84,280,23520
2023-01-15,Sunday,1,2023,1,0,Biryani,145,350,50750
2023-01-15,Sunday,1,2023,1,0,Butter Chicken,108,320,34560
2023-01-15,Sunday,1,2023,1,0,Dal Makhani,69,220,15180
2023-01-15,Sunday,1,2023,1,0,Gulab Jamun,69,80,5520
2023-01-15,Sunday,1,2023,1,0,Mango Lassi,80,90,7200
2023-01-15,Sunday,1,2023,1,0,Masala Dosa,81,120,9720
2023-01-15,Sunday,1,2023,1,0,Naan,174,60,10440
2023-01-15,Sunday,1,2023,1,0,Paneer Tikka,104,280,29120
2023-01-16,Monday,1,2023,0,0,Biryani,102,350,35700
2023-01-16,Monday,1,2023,0,0,Butter Chicken,70,320,22400
2023-01-16,Monday,1,2023,0,0,Dal Makhani,33,220,7260
2023-01-16,Monday,1,2023,0,0,Gulab Jamun,31,80,2480
2023-01-16,Monday,1,2023,0,0,Mango Lassi,41,90,3690
2023-01-16,Monday,1,2023,0,0,Masala Dosa,70,120,8400
2023-01-16,Monday,1,2023,0,0,Naan,111,60,6660
2023-01-16,Monday,1,2023,0,0,Paneer Tikka,42,280,11760
2023-01-17,Tuesday,1,2023,0,0,Biryani,89,350,31150
2023-01-17,Tuesday,1,2023,0,0,Butter Chicken,80,320,25600
2023-01-17,Tuesday,1,2023,0,0,Dal Makhani,50,220,11000
2023-01-17,Tuesday,1,2023,0,0,Gulab Jamun,40,80,3200
2023-01-17,Tuesday,1,2023,0,0,Mango Lassi,65,90,5850
2023-01-17,Tuesday,1,2023,0,0,Masala Dosa,73,120,8760
2023-01-17,Tuesday,1,2023,0,0,Naan,113,60,6780
2023-01-17,Tuesday,1,2023,0,0,Paneer Tikka,56,280,15680
2023-01-18,Wednesday,1,2023,0,0,Biryani,120,350,42000
2023-01-18,Wednesday,1,2023,0,0,Butter Chicken,72,320,23040
2023-01-18,Wednesday,1,2023,0,0,Dal Makhani,42,220,9240
2023-01-18,Wednesday,1,2023,0,0,Gulab Jamun,36,80,2880
2023-01-18,Wednesday,1,2023,0,0,Mango Lassi,56,90,5040
2023-01-18,Wednesday,1,2023,0,0,Masala Dosa,80,120,9600
2023-01-18,Wednesday,1,2023,0,0,Naan,133,60,7980
2023-01-18,Wednesday,1,2023,0,0,Paneer Tikka,57,280,15960
2023-01-19,Thursday,1,2023,0,0,Biryani,93,350,32550
2023-01-19,Thursday,1,2023,0,0,Butter Chicken,82,320,26240
2023-01-19,Thursday,1,2023,0,0,Dal Makhani,42,220,9240
2023-01-19,Thursday,1,2023,0,0,Gulab Jamun,46,80,3680
2023-01-19,Thursday,1,2023,0,0,Mango Lassi,57,90,5130
2023-01-19,Thursday,1,2023,0,0,Masala Dosa,72,120,8640
2023-01-19,Thursday,1,2023,0,0,Naan,138,60,8280
2023-01-19,Thursday,1,2023,0,0,Paneer Tikka,65,280,18200
2023-01-20,Friday,1,2023,0,0,Biryani,153,350,53550
2023-01-20,Friday,1,2023,0,0,Butter Chicken,99,320,31680
2023-01-20,Friday,1,2023,0,0,Dal Makhani,61,220,13420
2023-01-20,Friday,1,2023,0,0,Gulab Jamun,52,80,4160
2023-01-20,Friday,1,2023,0,0,Mango Lassi,80,90,7200
2023-01-20,Friday,1,2023,0,0,Masala Dosa,99,120,11880
2023-01-20,Friday,1,2023,0,0,Naan,214,60,12840
2023-01-20,Friday,1,2023,0,0,Paneer Tikka,83,280,23240
2023-01-21,Saturday,1,2023,1,0,Biryani,169,350,59150
2023-01-21,Saturday,1,2023,1,0,Butter Chicken,95,320,30400
2023-01-21,Saturday,1,2023,1,0,Dal Makhani,60,220,13200
2023-01-21,Saturday,1,2023,1,0,Gulab Jamun,66,80,5280
2023-01-21,Saturday,1,2023,1,0,Mango Lassi,91,90,8190
2023-01-21,Saturday,1,2023,1,0,Masala Dosa,99,120,11880
2023-01-21,Saturday,1,2023,1,0,Naan,195,60,11700
2023-01-21,Saturday,1,2023,1,0,Paneer Tikka,88,280,24640
2023-01-22,Sunday,1,2023,1,0,Biryani,132,350,46200
2023-01-22,Sunday,1,2023,1,0,Butter Chicken,104,320,33280
2023-01-22,Sunday,1,2023,1,0,Dal Makhani,60,220,13200
2023-01-22,Sunday,1,2023,1,0,Gulab Jamun,62,80,4960
2023-01-22,Sunday,1,2023,1,0,Mango Lassi,81,90,7290
2023-01-22,Sunday,1,2023,1,0,Masala Dosa,98,120,11760
2023-01-22,Sunday,1,2023,1,0,Naan,173,60,10380
2023-01-22,Sunday,1,2023,1,0,Paneer Tikka,73,280,20440
2023-01-23,Monday,1,2023,0,0,Biryani,85,350,29750
2023-01-23,Monday,1,2023,0,0,Butter Chicken,64,320,20480
2023-01-23,Monday,1,2023,0,0,Dal Makhani,53,220,11660
2023-01-23,Monday,1,2023,0,0,Gulab Jamun,31,80,2480
2023-01-23,Monday,1,2023,0,0,Mango Lassi,46,90,4140
2023-01-23,Monday,1,2023,0,0,Masala Dosa,50,120,6000
2023-01-23,Monday,1,2023,0,0,Naan,111,60,6660
2023-01-23,Monday,1,2023,0,0,Paneer Tikka,56,280,15680
2023-01-24,Tuesday,1,2023,0,0,Biryani,116,350,40600
2023-01-24,Tuesday,1,2023,0,0,Butter Chicken,77,320,24640
2023-01-24,Tuesday,1,2023,0,0,Dal Makhani,49,220,10780
2023-01-24,Tuesday,1,2023,0,0,Gulab Jamun,42,80,3360
2023-01-24,Tuesday,1,2023,0,0,Mango Lassi,60,90,5400
2023-01-24,Tuesday,1,2023,0,0,Masala Dosa,57,120,6840
2023-01-24,Tuesday,1,2023,0,0,Naan,116,60,6960
2023-01-24,Tuesday,1,2023,0,0,Paneer Tikka,65,280,18200
2023-01-25,Wednesday,1,2023,0,0,Biryani,112,350,39200
2023-01-25,Wednesday,1,2023,0,0,Butter Chicken,82,320,26240
2023-01-25,Wednesday,1,2023,0,0,Dal Makhani,52,220,11440
2023-01-25,Wednesday,1,2023,0,0,Gulab Jamun,45,80,3600
2023-01-25,Wednesday,1,2023,0,0,Mango Lassi,47,90,4230
2023-01-25,Wednesday,1,2023,0,0,Masala Dosa,71,120,8520
2023-01-25,Wednesday,1,2023,0,0,Naan,116,60,6960
2023-01-25,Wednesday,1,2023,0,0,Paneer Tikka,51,280,14280
2023-01-26,Thursday,1,2023,0,1,Biryani,192,350,67200
2023-01-26,Thursday,1,2023,0,1,Butter Chicken,129,320,41280
2023-01-26,Thursday,1,2023,0,1,Dal Makhani,87,220,19140
2023-01-26,Thursday,1,2023,0,1,Gulab Jamun,74,80,5920
2023-01-26,Thursday,1,2023,0,1,Mango Lassi,90,90,8100
2023-01-26,Thursday,1,2023,0,1,Masala Dosa,96,120,11520
2023-01-26,Thursday,1,2023,0,1,Naan,168,60,10080
2023-01-26,Thursday,1,2023,0,1,Paneer Tikka,99,280,27720
2023-01-27,Friday,1,2023,0,0,Biryani,158,350,55300
2023-01-27,Friday,1,2023,0,0,Butter Chicken,114,320,36480
2023-01-27,Friday,1,2023,0,0,Dal Makhani,76,220,16720
2023-01-27,Friday,1,2023,0,0,Gulab Jamun,58,80,4640
2023-01-27,Friday,1,2023,0,0,Mango Lassi,81,90,7290
2023-01-27,Friday,1,2023,0,0,Masala Dosa,101,120,12120
2023-01-27,Friday,1,2023,0,0,Naan,195,60,11700
2023-01-27,Friday,1,2023,0,0,Paneer Tikka,118,280,33040
2023-01-28,Saturday,1,2023,1,0,Biryani,139,350,48650
2023-01-28,Saturday,1,2023,1,0,Butter Chicken,97,320,31040
2023-01-28,Saturday,1,2023,1,0,Dal Makhani,68,220,14960
2023-01-28,Saturday,1,2023,1,0,Gulab Jamun,65,80,5200
2023-01-28,Saturday,1,2023,1,0,Mango Lassi,59,90,5310
2023-01-28,Saturday,1,2023,1,0,Masala Dosa,73,120,8760
2023-01-28,Saturday,1,2023,1,0,Naan,224,60,13440
2023-01-28,Saturday,1,2023,1,0,Paneer Tikka,78,280,21840
2023-01-29,Sunday,1,2023,1,0,Biryani,149,350,52150
2023-01-29,Sunday,1,2023,1,0,Butter Chicken,101,320,32320
2023-01-29,Sunday,1,2023,1,0,Dal Makhani,58,220,12760
2023-01-29,Sunday,1,2023,1,0,Gulab Jamun,55,80,4400
2023-01-29,Sunday,1,2023,1,0,Mango Lassi,76,90,6840
2023-01-29,Sunday,1,2023,1,0,Masala Dosa,102,120,12240
2023-01-29,Sunday,1,2023,1,0,Naan,160,60,9600
2023-01-29,Sunday,1,2023,1,0,Paneer Tikka,91,280,25480
2023-01-30,Monday,1,2023,0,0,Biryani,110,350,38500
2023-01-30,Monday,1,2023,0,0,Butter Chicken,64,320,20480
2023-01-30,Monday,1,2023,0,0,Dal Makhani,43,220,9460
2023-01-30,Monday,1,2023,0,0,Gulab Jamun,33,80,2640
2023-01-30,Monday,1,2023,0,0,Mango Lassi,48,90,4320
2023-01-30,Monday,1,2023,0,0,Masala Dosa,57,120,6840
2023-01-30,Monday,1,2023,0,0,Naan,78,60,4680
2023-01-30,Monday,1,2023,0,0,Paneer Tikka,44,280,12320
2023-01-31,Tuesday,1,2023,0,0,Biryani,116,350,40600
2023-01-31,Tuesday,1,2023,0,0,Butter Chicken,72,320,23040
2023-01-31,Tuesday,1,2023,0,0,Dal Makhani,55,220,12100
2023-01-31,Tuesday,1,2023,0,0,Gulab Jamun,42,80,3360
2023-01-31,Tuesday,1,2023,0,0,Mango Lassi,50,90,4500
2023-01-31,Tuesday,1,2023,0,0,Masala Dosa,67,120,8040
2023-01-31,Tuesday,1,2023,0,0,Naan,111,60,6660
2023-01-31,Tuesday,1,2023,0,0,Paneer Tikka,59,280,16520
2023-02-01,Wednesday,2,2023,0,0,Biryani,95,350,33250
2023-02-01,Wednesday,2,2023,0,0,Butter Chicken,98,320,31360
2023-02-01,Wednesday,2,2023,0,0,Dal Makhani,56,220,12320
2023-02-01,Wednesday,2,2023,0,0,Gulab Jamun,37,80,2960
2023-02-01,Wednesday,2,2023,0,0,Mango Lassi,52,90,4680
2023-02-01,Wednesday,2,2023,0,0,Masala Dosa,80,120,9600
2023-02-01,Wednesday,2,2023,0,0,Naan,166,60,9960
2023-02-01,Wednesday,2,2023,0,0,Paneer Tikka,64,280,17920
2023-02-02,Thursday,2,2023,0,0,Biryani,118,350,41300
2023-02-02,Thursday,2,2023,0,0,Butter Chicken,94,320,30080
2023-02-02,Thursday,2,2023,0,0,Dal Makhani,55,220,12100
2023-02-02,Thursday,2,2023,0,0,Gulab Jamun,28,80,2240
2023-02-02,Thursday,2,2023,0,0,Mango Lassi,49,90,4410
2023-02-02,Thursday,2,2023,0,0,Masala Dosa,70,120,8400
2023-02-02,Thursday,2,2023,0,0,Naan,117,60,7020
2023-02-02,Thursday,2,2023,0,0,Paneer Tikka,56,280,15680
2023-02-03,Friday,2,2023,0,0,Biryani,181,350,63350
2023-02-03,Friday,2,2023,0,0,Butter Chicken,106,320,33920
2023-02-03,Friday,2,2023,0,0,Dal Makhani,57,220,12540
2023-02-03,Friday,2,2023,0,0,Gulab Jamun,72,80,5760
2023-02-03,Friday,2,2023,0,0,Mango Lassi,62,90,5580
2023-02-03,Friday,2,2023,0,0,Masala Dosa,97,120,11640
2023-02-03,Friday,2,2023,0,0,Naan,169,60,10140
2023-02-03,Friday,2,2023,0,0,Paneer Tikka,70,280,19600
2023-02-04,Saturday,2,2023,1,0,Biryani,133,350,46550
2023-02-04,Saturday,2,2023,1,0,Butter Chicken,125,320,40000
2023-02-04,Saturday,2,2023,1,0,Dal Makhani,72,220,15840
2023-02-04,Saturday,2,2023,1,0,Gulab Jamun,62,80,4960
2023-02-04,Saturday,2,2023,1,0,Mango Lassi,72,90,6480
2023-02-04,Saturday,2,2023,1,0,Masala Dosa,89,120,10680
2023-02-04,Saturday,2,2023,1,0,Naan,183,60,10980
2023-02-04,Saturday,2,2023,1,0,Paneer Tikka,82,280,22960
2023-02-05,Sunday,2,2023,1,0,Biryani,180,350,63000
2023-02-05,Sunday,2,2023,1,0,Butter Chicken,111,320,35520
2023-02-05,Sunday,2,2023,1,0,Dal Makhani,58,220,12760
2023-02-05,Sunday,2,2023,1,0,Gulab Jamun,60,80,4800
2023-02-05,Sunday,2,2023,1,0,Mango Lassi,81,90,7290
2023-02-05,Sunday,2,2023,1,0,Masala Dosa,73,120,8760
2023-02-05,Sunday,2,2023,1,0,Naan,224,60,13440
2023-02-05,Sunday,2,2023,1,0,Paneer Tikka,89,280,24920
2023-02-06,Monday,2,2023,0,0,Biryani,87,350,30450
2023-02-06,Monday,2,2023,0,0,Butter Chicken,67,320,21440
2023-02-06,Monday,2,2023,0,0,Dal Makhani,38,220,8360
2023-02-06,Monday,2,2023,0,0,Gulab Jamun,38,80,3040
2023-02-06,Monday,2,2023,0,0,Mango Lassi,41,90,3690
2023-02-06,Monday,2,2023,0,0,Masala Dosa,62,120,7440
2023-02-06,Monday,2,2023,0,0,Naan,98,60,5880
2023-02-06,Monday,2,2023,0,0,Paneer Tikka,45,280,12600
2023-02-07,Tuesday,2,2023,0,0,Biryani,123,350,43050
2023-02-07,Tuesday,2,2023,0,0,Butter Chicken,90,320,28800
2023-02-07,Tuesday,2,2023,0,0,Dal Makhani,54,220,11880
2023-02-07,Tuesday,2,2023,0,0,Gulab Jamun,50,80,4000
2023-02-07,Tuesday,2,2023,0,0,Mango Lassi,60,90,5400
2023-02-07,Tuesday,2,2023,0,0,Masala Dosa,66,120,7920
2023-02-07,Tuesday,2,2023,0,0,Naan,119,60,7140
2023-02-07,Tuesday,2,2023,0,0,Paneer Tikka,63,280,17640
2023-02-08,Wednesday,2,2023,0,0,Biryani,129,350,45150
2023-02-08,Wednesday,2,2023,0,0,Butter Chicken,81,320,25920
2023-02-08,Wednesday,2,2023,0,0,Dal Makhani,47,220,10340
2023-02-08,Wednesday,2,2023,0,0,Gulab Jamun,44,80,3520
2023-02-08,Wednesday,2,2023,0,0,Mango Lassi,63,90,5670
2023-02-08,Wednesday,2,2023,0,0,Masala Dosa,69,120,8280
2023-02-08,Wednesday,2,2023,0,0,Naan,141,60,8460
2023-02-08,Wednesday,2,2023,0,0,Paneer Tikka,62,280,17360
2023-02-09,Thursday,2,2023,0,0,Biryani,129,350,45150
2023-02-09,Thursday,2,2023,0,0,Butter Chicken,89,320,28480
2023-02-09,Thursday,2,2023,0,0,Dal Makhani,51,220,11220
2023-02-09,Thursday,2,2023,0,0,Gulab Jamun,47,80,3760
2023-02-09,Thursday,2,2023,0,0,Mango Lassi,55,90,4950
2023-02-09,Thursday,2,2023,0,0,Masala Dosa,68,120,8160
2023-02-09,Thursday,2,2023,0,0,Naan,143,60,8580
2023-02-09,Thursday,2,2023,0,0,Paneer Tikka,67,280,18760
2023-02-10,Friday,2,2023,0,0,Biryani,136,350,47600
2023-02-10,Friday,2,2023,0,0,Butter Chicken,111,320,35520
2023-02-10,Friday,2,2023,0,0,Dal Makhani,86,220,18920
2023-02-10,Friday,2,2023,0,0,Gulab Jamun,70,80,5600
2023-02-10,Friday,2,2023,0,0,Mango Lassi,82,90,7380
2023-02-10,Friday,2,2023,0,0,Masala Dosa,82,120,9840
2023-02-10,Friday,2,2023,0,0,Naan,157,60,9420
2023-02-10,Friday,2,2023,0,0,Paneer Tikka,88,280,24640
2023-02-11,Saturday,2,2023,1,0,Biryani,151,350,52850
2023-02-11,Saturday,2,2023,1,0,Butter Chicken,118,320,37760
2023-02-11,Saturday,2,2023,1,0,Dal Makhani,61,220,13420
2023-02-11,Saturday,2,2023,1,0,Gulab Jamun,69,80,5520
2023-02-11,Saturday,2,2023,1,0,Mango Lassi,74,90,6660
2023-02-11,Saturday,2,2023,1,0,Masala Dosa,88,120,10560
2023-02-11,Saturday,2,2023,1,0,Naan,180,60,10800
2023-02-11,Saturday,2,2023,1,0,Paneer Tikka,88,280,24640
2023-02-12,Sunday,2,2023,1,0,Biryani,158,350,55300
2023-02-12,Sunday,2,2023,1,0,Butter Chicken,99,320,31680
2023-02-12,Sunday,2,2023,1,0,Dal Makhani,64,220,14080
2023-02-12,Sunday,2,2023,1,0,Gulab Jamun,63,80,5040
2023-02-12,Sunday,2,2023,1,0,Mango Lassi,71,90,6390
2023-02-12,Sunday,2,2023,1,0,Masala Dosa,99,120,11880
2023-02-12,Sunday,2,2023,1,0,Naan,161,60,9660
2023-02-12,Sunday,2,2023,1,0,Paneer Tikka,79,280,22120
2023-02-13,Monday,2,2023,0,0,Biryani,74,350,25900
2023-02-13,Monday,2,2023,0,0,Butter Chicken,61,320,19520
2023-02-13,Monday,2,2023,0,0,Dal Makhani,33,220,7260
2023-02-13,Monday,2,2023,0,0,Gulab Jamun,38,80,3040
2023-02-13,Monday,2,2023,0,0,Mango Lassi,52,90,4680
2023-02-13,Monday,2,2023,0,0,Masala Dosa,55,120,6600
2023-02-13,Monday,2,2023,0,0,Naan,96,60,5760
2023-02-13,Monday,2,2023,0,0,Paneer Tikka,50,280,14000
2023-02-14,Tuesday,2,2023,0,0,Biryani,111,350,38850
2023-02-14,Tuesday,2,2023,0,0,Butter Chicken,89,320,28480
2023-02-14,Tuesday,2,2023,0,0,Dal Makhani,44,220,9680
2023-02-14,Tuesday,2,2023,0,0,Gulab Jamun,47,80,3760
2023-02-14,Tuesday,2,2023,0,0,Mango Lassi,50,90,4500
2023-02-14,Tuesday,2,2023,0,0,Masala Dosa,68,120,8160
2023-02-14,Tuesday,2,2023,0,0,Naan,132,60,7920
2023-02-14,Tuesday,2,2023,0,0,Paneer Tikka,60,280,16800
2023-02-15,Wednesday,2,2023,0,0,Biryani,110,350,38500
2023-02-15,Wednesday,2,2023,0,0,Butter Chicken,86,320,27520
2023-02-15,Wednesday,2,2023,0,0,Dal Makhani,53,220,11660
2023-02-15,Wednesday,2,2023,0,0,Gulab Jamun,47,80,3760
2023-02-15,Wednesday,2,2023,0,0,Mango Lassi,56,90,5040
2023-02-15,Wednesday,2,2023,0,0,Masala Dosa,67,120,8040
2023-02-15,Wednesday,2,2023,0,0,Naan,143,60,8580
2023-02-15,Wednesday,2,2023,0,0,Paneer Tikka,72,280,20160
2023-02-16,Thursday,2,2023,0,0,Biryani,112,350,39200
2023-02-16,Thursday,2,2023,0,0,Butter Chicken,82,320,26240
2023-02-16,Thursday,2,2023,0,0,Dal Makhani,54,220,11880
2023-02-16,Thursday,2,2023,0,0,Gulab Jamun,57,80,4560
2023-02-16,Thursday,2,2023,0,0,Mango Lassi,50,90,4500
2023-02-16,Thursday,2,2023,0,0,Masala Dosa,79,120,9480
2023-02-16,Thursday,2,2023,0,0,Naan,155,60,9300
2023-02-16,Thursday,2,2023,0,0,Paneer Tikka,55,280,15400
2023-02-17,Friday,2,2023,0,0,Biryani,191,350,66850
2023-02-17,Friday,2,2023,0,0,Butter Chicken,121,320,38720
2023-02-17,Friday,2,2023,0,0,Dal Makhani,62,220,13640
2023-02-17,Friday,2,2023,0,0,Gulab Jamun,46,80,3680
2023-02-17,Friday,2,2023,0,0,Mango Lassi,70,90,6300
2023-02-17,Friday,2,2023,0,0,Masala Dosa,89,120,10680
2023-02-17,Friday,2,2023,0,0,Naan,160,60,9600
2023-02-17,Friday,2,2023,0,0,Paneer Tikka,84,280,23520
2023-02-18,Saturday,2,2023,1,0,Biryani,157,350,54950
2023-02-18,Saturday,2,2023,1,0,Butter Chicken,100,320,32000
2023-02-18,Saturday,2,2023,1,0,Dal Makhani,84,220,18480
2023-02-18,Saturday,2,2023,1,0,Gulab Jamun,55,80,4400
2023-02-18,Saturday,2,2023,1,0,Mango Lassi,80,90,7200
2023-02-18,Saturday,2,2023,1,0,Masala Dosa,89,120,10680
2023-02-18,Saturday,2,2023,1,0,Naan,199,60,11940
2023-02-18,Saturday,2,2023,1,0,Paneer Tikka,84,280,23520
2023-02-19,Sunday,2,2023,1,0,Biryani,172,350,60200
2023-02-19,Sunday,2,2023,1,0,Butter Chicken,92,320,29440
2023-02-19,Sunday,2,2023,1,0,Dal Makhani,64,220,14080
2023-02-19,Sunday,2,2023,1,0,Gulab Jamun,61,80,4880
2023-02-19,Sunday,2,2023,1,0,Mango Lassi,86,90,7740
2023-02-19,Sunday,2,2023,1,0,Masala Dosa,112,120,13440
2023-02-19,Sunday,2,2023,1,0,Naan,142,60,8520
2023-02-19,Sunday,2,2023,1,0,Paneer Tikka,100,280,28000
2023-02-20,Monday,2,2023,0,0,Biryani,89,350,31150
2023-02-20,Monday,2,2023,0,0,Butter Chicken,52,320,16640
2023-02-20,Monday,2,2023,0,0,Dal Makhani,41,220,9020
2023-02-20,Monday,2,2023,0,0,Gulab Jamun,32,80,2560
2023-02-20,Monday,2,2023,0,0,Mango Lassi,44,90,3960
2023-02-20,Monday,2,2023,0,0,Masala Dosa,61,120,7320
2023-02-20,Monday,2,2023,0,0,Naan,100,60,6000
2023-02-20,Monday,2,2023,0,0,Paneer Tikka,45,280,12600
2023-02-21,Tuesday,2,2023,0,0,Biryani,121,350,42350
2023-02-21,Tuesday,2,2023,0,0,Butter Chicken,82,320,26240
2023-02-21,Tuesday,2,2023,0,0,Dal Makhani,44,220,9680
2023-02-21,Tuesday,2,2023,0,0,Gulab Jamun,47,80,3760
2023-02-21,Tuesday,2,2023,0,0,Mango Lassi,51,90,4590
2023-02-21,Tuesday,2,2023,0,0,Masala Dosa,82,120,9840
2023-02-21,Tuesday,2,2023,0,0,Naan,108,60,6480
2023-02-21,Tuesday,2,2023,0,0,Paneer Tikka,64,280,17920
2023-02-22,Wednesday,2,2023,0,0,Biryani,128,350,44800
2023-02-22,Wednesday,2,2023,0,0,Butter Chicken,96,320,30720
2023-02-22,Wednesday,2,2023,0,0,Dal Makhani,51,220,11220
2023-02-22,Wednesday,2,2023,0,0,Gulab Jamun,44,80,3520
2023-02-22,Wednesday,2,2023,0,0,Mango Lassi,62,90,5580
2023-02-22,Wednesday,2,2023,0,0,Masala Dosa,86,120,10320
2023-02-22,Wednesday,2,2023,0,0,Naan,165,60,9900
2023-02-22,Wednesday,2,2023,0,0,Paneer Tikka,62,280,17360
2023-02-23,Thursday,2,2023,0,0,Biryani,99,350,34650
2023-02-23,Thursday,2,2023,0,0,Butter Chicken,87,320,27840
2023-02-23,Thursday,2,2023,0,0,Dal Makhani,55,220,12100
2023-02-23,Thursday,2,2023,0,0,Gulab Jamun,39,80,3120
2023-02-23,Thursday,2,2023,0,0,Mango Lassi,42,90,3780
2023-02-23,Thursday,2,2023,0,0,Masala Dosa,56,120,6720
2023-02-23,Thursday,2,2023,0,0,Naan,149,60,8940
2023-02-23,Thursday,2,2023,0,0,Paneer Tikka,71,280,19880
2023-02-24,Friday,2,2023,0,0,Biryani,178,350,62300
2023-02-24,Friday,2,2023,0,0,Butter Chicken,106,320,33920
2023-02-24,Friday,2,2023,0,0,Dal Makhani,69,220,15180
2023-02-24,Friday,2,2023,0,0,Gulab Jamun,49,80,3920
2023-02-24,Friday,2,2023,0,0,Mango Lassi,75,90,6750
2023-02-24,Friday,2,2023,0,0,Masala Dosa,80,120,9600
2023-02-24,Friday,2,2023,0,0,Naan,213,60,12780
2023-02-24,Friday,2,2023,0,0,Paneer Tikka,89,280,24920
2023-02-25,Saturday,2,2023,1,0,Biryani,113,350,39550
2023-02-25,Saturday,2,2023,1,0,Butter Chicken,115,320,36800
2023-02-25,Saturday,2,2023,1,0,Dal Makhani,68,220,14960
2023-02-25,Saturday,2,2023,1,0,Gulab Jamun,64,80,5120
2023-02-25,Saturday,2,2023,1,0,Mango Lassi,67,90,6030
2023-02-25,Saturday,2,2023,1,0,Masala Dosa,104,120,12480
2023-02-25,Saturday,2,2023,1,0,Naan,150,60,9000
2023-02-25,Saturday,2,2023,1,0,Paneer Tikka,82,280,22960
2023-02-26,Sunday,2,2023,1,0,Biryani,150,350,52500
2023-02-26,Sunday,2,2023,1,0,Butter Chicken,103,320,32960
2023-02-26,Sunday,2,2023,1,0,Dal Makhani,76,220,16720
2023-02-26,Sunday,2,2023,1,0,Gulab Jamun,58,80,4640
2023-02-26,Sunday,2,2023,1,0,Mango Lassi,68,90,6120
2023-02-26,Sunday,2,2023,1,0,Masala Dosa,102,120,12240
2023-02-26,Sunday,2,2023,1,0,Naan,157,60,9420
2023-02-26,Sunday,2,2023,1,0,Paneer Tikka,72,280,20160
2023-02-27,Monday,2,2023,0,0,Biryani,83,350,29050
2023-02-27,Monday,2,2023,0,0,Butter Chicken,64,320,20480
2023-02-27,Monday,2,2023,0,0,Dal Makhani,34,220,7480
2023-02-27,Monday,2,2023,0,0,Gulab Jamun,33,80,2640
2023-02-27,Monday,2,2023,0,0,Mango Lassi,46,90,4140
2023-02-27,Monday,2,2023,0,0,Masala Dosa,57,120,6840
2023-02-27,Monday,2,2023,0,0,Naan,131,60,7860
2023-02-27,Monday,2,2023,0,0,Paneer Tikka,42,280,11760
2023-02-28,Tuesday,2,2023,0,0,Biryani,120,350,42000
2023-02-28,Tuesday,2,2023,0,0,Butter Chicken,80,320,25600
2023-02-28,Tuesday,2,2023,0,0,Dal Makhani,55,220,12100
2023-02-28,Tuesday,2,2023,0,0,Gulab Jamun,44,80,3520
2023-02-28,Tuesday,2,2023,0,0,Mango Lassi,40,90,3600
2023-02-28,Tuesday,2,2023,0,0,Masala Dosa,66,120,7920
2023-02-28,Tuesday,2,2023,0,0,Naan,124,60,7440
2023-02-28,Tuesday,2,2023,0,0,Paneer Tikka,59,280,16520
2023-03-01,Wednesday,3,2023,0,0,Biryani,130,350,45500
2023-03-01,Wednesday,3,2023,0,0,Butter Chicken,64,320,20480
2023-03-01,Wednesday,3,2023,0,0,Dal Makhani,47,220,10340
2023-03-01,Wednesday,3,2023,0,0,Gulab Jamun,60,80,4800
2023-03-01,Wednesday,3,2023,0,0,Mango Lassi,74,90,6660
2023-03-01,Wednesday,3,2023,0,0,Masala Dosa,71,120,8520
2023-03-01,Wednesday,3,2023,0,0,Naan,137,60,8220
2023-03-01,Wednesday,3,2023,0,0,Paneer Tikka,69,280,19320
2023-03-02,Thursday,3,2023,0,0,Biryani,87,350,30450
2023-03-02,Thursday,3,2023,0,0,Butter Chicken,77,320,24640
2023-03-02,Thursday,3,2023,0,0,Dal Makhani,50,220,11000
2023-03-02,Thursday,3,2023,0,0,Gulab Jamun,41,80,3280
2023-03-02,Thursday,3,2023,0,0,Mango Lassi,57,90,5130
2023-03-02,Thursday,3,2023,0,0,Masala Dosa,57,120,6840
2023-03-02,Thursday,3,2023,0,0,Naan,116,60,6960
2023-03-02,Thursday,3,2023,0,0,Paneer Tikka,52,280,14560
2023-03-03,Friday,3,2023,0,0,Biryani,146,350,51100
2023-03-03,Friday,3,2023,0,0,Butter Chicken,128,320,40960
2023-03-03,Friday,3,2023,0,0,Dal Makhani,78,220,17160
2023-03-03,Friday,3,2023,0,0,Gulab Jamun,70,80,5600
2023-03-03,Friday,3,2023,0,0,Mango Lassi,94,90,8460
2023-03-03,Friday,3,2023,0,0,Masala Dosa,83,120,9960
2023-03-03,Friday,3,2023,0,0,Naan,175,60,10500
2023-03-03,Friday,3,2023,0,0,Paneer Tikka,88,280,24640
2023-03-04,Saturday,3,2023,1,0,Biryani,131,350,45850
2023-03-04,Saturday,3,2023,1,0,Butter Chicken,93,320,29760
2023-03-04,Saturday,3,2023,1,0,Dal Makhani,55,220,12100
2023-03-04,Saturday,3,2023,1,0,Gulab Jamun,49,80,3920
2023-03-04,Saturday,3,2023,1,0,Mango Lassi,94,90,8460
2023-03-04,Saturday,3,2023,1,0,Masala Dosa,114,120,13680
2023-03-04,Saturday,3,2023,1,0,Naan,192,60,11520
2023-03-04,Saturday,3,2023,1,0,Paneer Tikka,78,280,21840
2023-03-05,Sunday,3,2023,1,0,Biryani,136,350,47600
2023-03-05,Sunday,3,2023,1,0,Butter Chicken,98,320,31360
2023-03-05,Sunday,3,2023,1,0,Dal Makhani,59,220,12980
2023-03-05,Sunday,3,2023,1,0,Gulab Jamun,61,80,4880
2023-03-05,Sunday,3,2023,1,0,Mango Lassi,88,90,7920
2023-03-05,Sunday,3,2023,1,0,Masala Dosa,84,120,10080
2023-03-05,Sunday,3,2023,1,0,Naan,174,60,10440
2023-03-05,Sunday,3,2023,1,0,Paneer Tikka,75,280,21000
2023-03-06,Monday,3,2023,0,0,Biryani,80,350,28000
2023-03-06,Monday,3,2023,0,0,Butter Chicken,61,320,19520
2023-03-06,Monday,3,2023,0,0,Dal Makhani,43,220,9460
2023-03-06,Monday,3,2023,0,0,Gulab Jamun,35,80,2800
2023-03-06,Monday,3,2023,0,0,Mango Lassi,57,90,5130
2023-03-06,Monday,3,2023,0,0,Masala Dosa,48,120,5760
2023-03-06,Monday,3,2023,0,0,Naan,108,60,6480
2023-03-06,Monday,3,2023,0,0,Paneer Tikka,42,280,11760
2023-03-07,Tuesday,3,2023,0,0,Biryani,100,350,35000
2023-03-07,Tuesday,3,2023,0,0,Butter Chicken,63,320,20160
2023-03-07,Tuesday,3,2023,0,0,Dal Makhani,52,220,11440
2023-03-07,Tuesday,3,2023,0,0,Gulab Jamun,35,80,2800
2023-03-07,Tuesday,3,2023,0,0,Mango Lassi,66,90,5940
2023-03-07,Tuesday,3,2023,0,0,Masala Dosa,54,120,6480
2023-03-07,Tuesday,3,2023,0,0,Naan,116,60,6960
2023-03-07,Tuesday,3,2023,0,0,Paneer Tikka,63,280,17640
2023-03-08,Wednesday,3,2023,0,1,Biryani,181,350,63350
2023-03-08,Wednesday,3,2023,0,1,Butter Chicken,126,320,40320
2023-03-08,Wednesday,3,2023,0,1,Dal Makhani,61,220,13420
2023-03-08,Wednesday,3,2023,0,1,Gulab Jamun,63,80,5040
2023-03-08,Wednesday,3,2023,0,1,Mango Lassi,102,90,9180
2023-03-08,Wednesday,3,2023,0,1,Masala Dosa,91,120,10920
2023-03-08,Wednesday,3,2023,0,1,Naan,197,60,11820
2023-03-08,Wednesday,3,2023,0,1,Paneer Tikka,81,280,22680
2023-03-09,Thursday,3,2023,0,0,Biryani,121,350,42350
2023-03-09,Thursday,3,2023,0,0,Butter Chicken,70,320,22400
2023-03-09,Thursday,3,2023,0,0,Dal Makhani,45,220,9900
2023-03-09,Thursday,3,2023,0,0,Gulab Jamun,47,80,3760
2023-03-09,Thursday,3,2023,0,0,Mango Lassi,77,90,6930
2023-03-09,Thursday,3,2023,0,0,Masala Dosa,59,120,7080
2023-03-09,Thursday,3,2023,0,0,Naan,141,60,8460
2023-03-09,Thursday,3,2023,0,0,Paneer Tikka,56,280,15680
2023-03-10,Friday,3,2023,0,0,Biryani,156,350,54600
2023-03-10,Friday,3,2023,0,0,Butter Chicken,75,320,24000
2023-03-10,Friday,3,2023,0,0,Dal Makhani,65,220,14300
2023-03-10,Friday,3,2023,0,0,Gulab Jamun,60,80,4800
2023-03-10,Friday,3,2023,0,0,Mango Lassi,87,90,7830
2023-03-10,Friday,3,2023,0,0,Masala Dosa,86,120,10320
2023-03-10,Friday,3,2023,0,0,Naan,181,60,10860
2023-03-10,Friday,3,2023,0,0,Paneer Tikka,72,280,20160
2023-03-11,Saturday,3,2023,1,0,Biryani,152,350,53200
2023-03-11,Saturday,3,2023,1,0,Butter Chicken,121,320,38720
2023-03-11,Saturday,3,2023,1,0,Dal Makhani,63,220,13860
2023-03-11,Saturday,3,2023,1,0,Gulab Jamun,62,80,4960
2023-03-11,Saturday,3,2023,1,0,Mango Lassi,84,90,7560
2023-03-11,Saturday,3,2023,1,0,Masala Dosa,88,120,10560
2023-03-11,Saturday,3,2023,1,0,Naan,163,60,9780
2023-03-11,Saturday,3,2023,1,0,Paneer Tikka,82,280,22960
2023-03-12,Sunday,3,2023,1,0,Biryani,162,350,56700
2023-03-12,Sunday,3,2023,1,0,Butter Chicken,110,320,35200
2023-03-12,Sunday,3,2023,1,0,Dal Makhani,64,220,14080
2023-03-12,Sunday,3,2023,1,0,Gulab Jamun,45,80,3600
2023-03-12,Sunday,3,2023,1,0,Mango Lassi,78,90,7020
2023-03-12,Sunday,3,2023,1,0,Masala Dosa,88,120,10560
2023-03-12,Sunday,3,2023,1,0,Naan,198,60,11880
2023-03-12,Sunday,3,2023,1,0,Paneer Tikka,99,280,27720
2023-03-13,Monday,3,2023,0,0,Biryani,87,350,30450
2023-03-13,Monday,3,2023,0,0,Butter Chicken,49,320,15680
2023-03-13,Monday,3,2023,0,0,Dal Makhani,47,220,10340
2023-03-13,Monday,3,2023,0,0,Gulab Jamun,39,80,3120
2023-03-13,Monday,3,2023,0,0,Mango Lassi,38,90,3420
2023-03-13,Monday,3,2023,0,0,Masala Dosa,53,120,6360
2023-03-13,Monday,3,2023,0,0,Naan,106,60,6360
2023-03-13,Monday,3,2023,0,0,Paneer Tikka,45,280,12600
2023-03-14,Tuesday,3,2023,0,0,Biryani,89,350,31150
2023-03-14,Tuesday,3,2023,0,0,Butter Chicken,81,320,25920
2023-03-14,Tuesday,3,2023,0,0,Dal Makhani,56,220,12320
2023-03-14,Tuesday,3,2023,0,0,Gulab Jamun,47,80,3760
2023-03-14,Tuesday,3,2023,0,0,Mango Lassi,83,90,7470
2023-03-14,Tuesday,3,2023,0,0,Masala Dosa,65,120,7800
2023-03-14,Tuesday,3,2023,0,0,Naan,133,60,7980
2023-03-14,Tuesday,3,2023,0,0,Paneer Tikka,64,280,17920
2023-03-15,Wednesday,3,2023,0,0,Biryani,102,350,35700
2023-03-15,Wednesday,3,2023,0,0,Butter Chicken,80,320,25600
2023-03-15,Wednesday,3,2023,0,0,Dal Makhani,44,220,9680
2023-03-15,Wednesday,3,2023,0,0,Gulab Jamun,44,80,3520
2023-03-15,Wednesday,3,2023,0,0,Mango Lassi,62,90,5580
2023-03-15,Wednesday,3,2023,0,0,Masala Dosa,62,120,7440
2023-03-15,Wednesday,3,2023,0,0,Naan,141,60,8460
2023-03-15,Wednesday,3,2023,0,0,Paneer Tikka,61,280,17080
2023-03-16,Thursday,3,2023,0,0,Biryani,122,350,42700
2023-03-16,Thursday,3,2023,0,0,Butter Chicken,83,320,26560
2023-03-16,Thursday,3,2023,0,0,Dal Makhani,46,220,10120
2023-03-16,Thursday,3,2023,0,0,Gulab Jamun,42,80,3360
2023-03-16,Thursday,3,2023,0,0,Mango Lassi,68,90,6120
2023-03-16,Thursday,3,2023,0,0,Masala Dosa,61,120,7320
2023-03-16,Thursday,3,2023,0,0,Naan,124,60,7440
2023-03-16,Thursday,3,2023,0,0,Paneer Tikka,61,280,17080
2023-03-17,Friday,3,2023,0,0,Biryani,162,350,56700
2023-03-17,Friday,3,2023,0,0,Butter Chicken,116,320,37120
2023-03-17,Friday,3,2023,0,0,Dal Makhani,77,220,16940
2023-03-17,Friday,3,2023,0,0,Gulab Jamun,54,80,4320
2023-03-17,Friday,3,2023,0,0,Mango Lassi,75,90,6750
2023-03-17,Friday,3,2023,0,0,Masala Dosa,114,120,13680
2023-03-17,Friday,3,2023,0,0,Naan,181,60,10860
2023-03-17,Friday,3,2023,0,0,Paneer Tikka,71,280,19880
2023-03-18,Saturday,3,2023,1,0,Biryani,158,350,55300
2023-03-18,Saturday,3,2023,1,0,Butter Chicken,83,320,26560
2023-03-18,Saturday,3,2023,1,0,Dal Makhani,66,220,14520
2023-03-18,Saturday,3,2023,1,0,Gulab Jamun,77,80,6160
2023-03-18,Saturday,3,2023,1,0,Mango Lassi,90,90,8100
2023-03-18,Saturday,3,2023,1,0,Masala Dosa,80,120,9600
2023-03-18,Saturday,3,2023,1,0,Naan,179,60,10740
2023-03-18,Saturday,3,2023,1,0,Paneer Tikka,94,280,26320
2023-03-19,Sunday,3,2023,1,0,Biryani,155,350,54250
2023-03-19,Sunday,3,2023,1,0,Butter Chicken,108,320,34560
2023-03-19,Sunday,3,2023,1,0,Dal Makhani,68,220,14960
2023-03-19,Sunday,3,2023,1,0,Gulab Jamun,73,80,5840
2023-03-19,Sunday,3,2023,1,0,Mango Lassi,103,90,9270
2023-03-19,Sunday,3,2023,1,0,Masala Dosa,98,120,11760
2023-03-19,Sunday,3,2023,1,0,Naan,156,60,9360
2023-03-19,Sunday,3,2023,1,0,Paneer Tikka,86,280,24080
2023-03-20,Monday,3,2023,0,0,Biryani,76,350,26600
2023-03-20,Monday,3,2023,0,0,Butter Chicken,75,320,24000
2023-03-20,Monday,3,2023,0,0,Dal Makhani,38,220,8360
2023-03-20,Monday,3,2023,0,0,Gulab Jamun,28,80,2240
2023-03-20,Monday,3,2023,0,0,Mango Lassi,62,90,5580
2023-03-20,Monday,3,2023,0,0,Masala Dosa,62,120,7440
2023-03-20,Monday,3,2023,0,0,Naan,103,60,6180
2023-03-20,Monday,3,2023,0,0,Paneer Tikka,44,280,12320
2023-03-21,Tuesday,3,2023,0,0,Biryani,95,350,33250
2023-03-21,Tuesday,3,2023,0,0,Butter Chicken,77,320,24640
2023-03-21,Tuesday,3,2023,0,0,Dal Makhani,39,220,8580
2023-03-21,Tuesday,3,2023,0,0,Gulab Jamun,37,80,2960
2023-03-21,Tuesday,3,2023,0,0,Mango Lassi,55,90,4950
2023-03-21,Tuesday,3,2023,0,0,Masala Dosa,69,120,8280
2023-03-21,Tuesday,3,2023,0,0,Naan,141,60,8460
2023-03-21,Tuesday,3,2023,0,0,Paneer Tikka,56,280,15680
2023-03-22,Wednesday,3,2023,0,0,Biryani,105,350,36750
2023-03-22,Wednesday,3,2023,0,0,Butter Chicken,75,320,24000
2023-03-22,Wednesday,3,2023,0,0,Dal Makhani,40,220,8800
2023-03-22,Wednesday,3,2023,0,0,Gulab Jamun,30,80,2400
2023-03-22,Wednesday,3,2023,0,0,Mango Lassi,65,90,5850
2023-03-22,Wednesday,3,2023,0,0,Masala Dosa,66,120,7920
2023-03-22,Wednesday,3,2023,0,0,Naan,124,60,7440
2023-03-22,Wednesday,3,2023,0,0,Paneer Tikka,71,280,19880
2023-03-23,Thursday,3,2023,0,0,Biryani,132,350,46200
2023-03-23,Thursday,3,2023,0,0,Butter Chicken,76,320,24320
2023-03-23,Thursday,3,2023,0,0,Dal Makhani,56,220,12320
2023-03-23,Thursday,3,2023,0,0,Gulab Jamun,58,80,4640
2023-03-23,Thursday,3,2023,0,0,Mango Lassi,66,90,5940
2023-03-23,Thursday,3,2023,0,0,Masala Dosa,59,120,7080
2023-03-23,Thursday,3,2023,0,0,Naan,124,60,7440
2023-03-23,Thursday,3,2023,0,0,Paneer Tikka,64,280,17920
2023-03-24,Friday,3,2023,0,0,Biryani,150,350,52500
2023-03-24,Friday,3,2023,0,0,Butter Chicken,106,320,33920
2023-03-24,Friday,3,2023,0,0,Dal Makhani,65,220,14300
2023-03-24,Friday,3,2023,0,0,Gulab Jamun,59,80,4720
2023-03-24,Friday,3,2023,0,0,Mango Lassi,83,90,7470
2023-03-24,Friday,3,2023,0,0,Masala Dosa,87,120,10440
2023-03-24,Friday,3,2023,0,0,Naan,161,60,9660
2023-03-24,Friday,3,2023,0,0,Paneer Tikka,79,280,22120
2023-03-25,Saturday,3,2023,1,0,Biryani,142,350,49700
2023-03-25,Saturday,3,2023,1,0,Butter Chicken,97,320,31040
2023-03-25,Saturday,3,2023,1,0,Dal Makhani,78,220,17160
2023-03-25,Saturday,3,2023,1,0,Gulab Jamun,68,80,5440
2023-03-25,Saturday,3,2023,1,0,Mango Lassi,66,90,5940
2023-03-25,Saturday,3,2023,1,0,Masala Dosa,105,120,12600
2023-03-25,Saturday,3,2023,1,0,Naan,118,60,7080
2023-03-25,Saturday,3,2023,1,0,Paneer Tikka,81,280,22680
2023-03-26,Sunday,3,2023,1,0,Biryani,121,350,42350
2023-03-26,Sunday,3,2023,1,0,Butter Chicken,102,320,32640
2023-03-26,Sunday,3,2023,1,0,Dal Makhani,60,220,13200
2023-03-26,Sunday,3,2023,1,0,Gulab Jamun,66,80,5280
2023-03-26,Sunday,3,2023,1,0,Mango Lassi,102,90,9180
2023-03-26,Sunday,3,2023,1,0,Masala Dosa,112,120,13440
2023-03-26,Sunday,3,2023,1,0,Naan,150,60,9000
2023-03-26,Sunday,3,2023,1,0,Paneer Tikka,76,280,21280
2023-03-27,Monday,3,2023,0,0,Biryani,81,350,28350
2023-03-27,Monday,3,2023,0,0,Butter Chicken,68,320,21760
2023-03-27,Monday,3,2023,0,0,Dal Makhani,41,220,9020
2023-03-27,Monday,3,2023,0,0,Gulab Jamun,34,80,2720
2023-03-27,Monday,3,2023,0,0,Mango Lassi,50,90,4500
2023-03-27,Monday,3,2023,0,0,Masala Dosa,60,120,7200
2023-03-27,Monday,3,2023,0,0,Naan,87,60,5220
2023-03-27,Monday,3,2023,0,0,Paneer Tikka,40,280,11200
2023-03-28,Tuesday,3,2023,0,0,Biryani,103,350,36050
2023-03-28,Tuesday,3,2023,0,0,Butter Chicken,85,320,27200
2023-03-28,Tuesday,3,2023,0,0,Dal Makhani,56,220,12320
2023-03-28,Tuesday,3,2023,0,0,Gulab Jamun,47,80,3760
2023-03-28,Tuesday,3,2023,0,0,Mango Lassi,63,90,5670
2023-03-28,Tuesday,3,2023,0,0,Masala Dosa,74,120,8880
2023-03-28,Tuesday,3,2023,0,0,Naan,111,60,6660
2023-03-28,Tuesday,3,2023,0,0,Paneer Tikka,62,280,17360
2023-03-29,Wednesday,3,2023,0,0,Biryani,120,350,42000
2023-03-29,Wednesday,3,2023,0,0,Butter Chicken,82,320,26240
2023-03-29,Wednesday,3,2023,0,0,Dal Makhani,48,220,10560
2023-03-29,Wednesday,3,2023,0,0,Gulab Jamun,40,80,3200
2023-03-29,Wednesday,3,2023,0,0,Mango Lassi,54,90,4860
2023-03-29,Wednesday,3,2023,0,0,Masala Dosa,77,120,9240
2023-03-29,Wednesday,3,2023,0,0,Naan,120,60,7200
2023-03-29,Wednesday,3,2023,0,0,Paneer Tikka,50,280,14000
2023-03-30,Thursday,3,2023,0,0,Biryani,91,350,31850
2023-03-30,Thursday,3,2023,0,0,Butter Chicken,64,320,20480
2023-03-30,Thursday,3,2023,0,0,Dal Makhani,59,220,12980
2023-03-30,Thursday,3,2023,0,0,Gulab Jamun,45,80,3600
2023-03-30,Thursday,3,2023,0,0,Mango Lassi,65,90,5850
2023-03-30,Thursday,3,2023,0,0,Masala Dosa,83,120,9960
2023-03-30,Thursday,3,2023,0,0,Naan,96,60,5760
2023-03-30,Thursday,3,2023,0,0,Paneer Tikka,63,280,17640
2023-03-31,Friday,3,2023,0,0,Biryani,146,350,51100
2023-03-31,Friday,3,2023,0,0,Butter Chicken,99,320,31680
2023-03-31,Friday,3,2023,0,0,Dal Makhani,75,220,16500
2023-03-31,Friday,3,2023,0,0,Gulab Jamun,57,80,4560
2023-03-31,Friday,3,2023,0,0,Mango Lassi,88,90,7920
2023-03-31,Friday,3,2023,0,0,Masala Dosa,95,120,11400
2023-03-31,Friday,3,2023,0,0,Naan,175,60,10500
2023-03-31,Friday,3,2023,0,0,Paneer Tikka,83,280,23240
2023-04-01,Saturday,4,2023,1,0,Biryani,125,350,43750
2023-04-01,Saturday,4,2023,1,0,Butter Chicken,112,320,35840
2023-04-01,Saturday,4,2023,1,0,Dal Makhani,74,220,16280
2023-04-01,Saturday,4,2023,1,0,Gulab Jamun,61,80,4880
2023-04-01,Saturday,4,2023,1,0,Mango Lassi,94,90,8460
2023-04-01,Saturday,4,2023,1,0,Masala Dosa,93,120,11160
2023-04-01,Saturday,4,2023,1,0,Naan,180,60,10800
2023-04-01,Saturday,4,2023,1,0,Paneer Tikka,64,280,17920
2023-04-02,Sunday,4,2023,1,0,Biryani,153,350,53550
2023-04-02,Sunday,4,2023,1,0,Butter Chicken,101,320,32320
2023-04-02,Sunday,4,2023,1,0,Dal Makhani,59,220,12980
2023-04-02,Sunday,4,2023,1,0,Gulab Jamun,68,80,5440
2023-04-02,Sunday,4,2023,1,0,Mango Lassi,95,90,8550
2023-04-02,Sunday,4,2023,1,0,Masala Dosa,75,120,9000
2023-04-02,Sunday,4,2023,1,0,Naan,185,60,11100
2023-04-02,Sunday,4,2023,1,0,Paneer Tikka,73,280,20440
2023-04-03,Monday,4,2023,0,0,Biryani,106,350,37100
2023-04-03,Monday,4,2023,0,0,Butter Chicken,66,320,21120
2023-04-03,Monday,4,2023,0,0,Dal Makhani,45,220,9900
2023-04-03,Monday,4,2023,0,0,Gulab Jamun,33,80,2640
2023-04-03,Monday,4,2023,0,0,Mango Lassi,53,90,4770
2023-04-03,Monday,4,2023,0,0,Masala Dosa,47,120,5640
2023-04-03,Monday,4,2023,0,0,Naan,81,60,4860
2023-04-03,Monday,4,2023,0,0,Paneer Tikka,54,280,15120
2023-04-04,Tuesday,4,2023,0,0,Biryani,113,350,39550
2023-04-04,Tuesday,4,2023,0,0,Butter Chicken,85,320,27200
2023-04-04,Tuesday,4,2023,0,0,Dal Makhani,45,220,9900
2023-04-04,Tuesday,4,2023,0,0,Gulab Jamun,40,80,3200
2023-04-04,Tuesday,4,2023,0,0,Mango Lassi,56,90,5040
2023-04-04,Tuesday,4,2023,0,0,Masala Dosa,58,120,6960
2023-04-04,Tuesday,4,2023,0,0,Naan,121,60,7260
2023-04-04,Tuesday,4,2023,0,0,Paneer Tikka,55,280,15400
2023-04-05,Wednesday,4,2023,0,0,Biryani,98,350,34300
2023-04-05,Wednesday,4,2023,0,0,Butter Chicken,71,320,22720
2023-04-05,Wednesday,4,2023,0,0,Dal Makhani,66,220,14520
2023-04-05,Wednesday,4,2023,0,0,Gulab Jamun,40,80,3200
2023-04-05,Wednesday,4,2023,0,0,Mango Lassi,72,90,6480
2023-04-05,Wednesday,4,2023,0,0,Masala Dosa,72,120,8640
2023-04-05,Wednesday,4,2023,0,0,Naan,138,60,8280
2023-04-05,Wednesday,4,2023,0,0,Paneer Tikka,68,280,19040
2023-04-06,Thursday,4,2023,0,0,Biryani,144,350,50400
2023-04-06,Thursday,4,2023,0,0,Butter Chicken,74,320,23680
2023-04-06,Thursday,4,2023,0,0,Dal Makhani,49,220,10780
2023-04-06,Thursday,4,2023,0,0,Gulab Jamun,45,80,3600
2023-04-06,Thursday,4,2023,0,0,Mango Lassi,81,90,7290
2023-04-06,Thursday,4,2023,0,0,Masala Dosa,64,120,7680
2023-04-06,Thursday,4,2023,0,0,Naan,148,60,8880
2023-04-06,Thursday,4,2023,0,0,Paneer Tikka,61,280,17080
2023-04-07,Friday,4,2023,0,0,Biryani,162,350,56700
2023-04-07,Friday,4,2023,0,0,Butter Chicken,100,320,32000
2023-04-07,Friday,4,2023,0,0,Dal Makhani,63,220,13860
2023-04-07,Friday,4,2023,0,0,Gulab Jamun,65,80,5200
2023-04-07,Friday,4,2023,0,0,Mango Lassi,73,90,6570
2023-04-07,Friday,4,2023,0,0,Masala Dosa,106,120,12720
2023-04-07,Friday,4,2023,0,0,Naan,190,60,11400
2023-04-07,Friday,4,2023,0,0,Paneer Tikka,99,280,27720
2023-04-08,Saturday,4,2023,1,0,Biryani,148,350,51800
2023-04-08,Saturday,4,2023,1,0,Butter Chicken,99,320,31680
2023-04-08,Saturday,4,2023,1,0,Dal Makhani,73,220,16060
2023-04-08,Saturday,4,2023,1,0,Gulab Jamun,63,80,5040
2023-04-08,Saturday,4,2023,1,0,Mango Lassi,97,90,8730
2023-04-08,Saturday,4,2023,1,0,Masala Dosa,79,120,9480
2023-04-08,Saturday,4,2023,1,0,Naan,180,60,10800
2023-04-08,Saturday,4,2023,1,0,Paneer Tikka,79,280,22120
2023-04-09,Sunday,4,2023,1,0,Biryani,164,350,57400
2023-04-09,Sunday,4,2023,1,0,Butter Chicken,116,320,37120
2023-04-09,Sunday,4,2023,1,0,Dal Makhani,71,220,15620
2023-04-09,Sunday,4,2023,1,0,Gulab Jamun,64,80,5120
2023-04-09,Sunday,4,2023,1,0,Mango Lassi,92,90,8280
2023-04-09,Sunday,4,2023,1,0,Masala Dosa,76,120,9120
2023-04-09,Sunday,4,2023,1,0,Naan,175,60,10500
2023-04-09,Sunday,4,2023,1,0,Paneer Tikka,92,280,25760
2023-04-10,Monday,4,2023,0,0,Biryani,77,350,26950
2023-04-10,Monday,4,2023,0,0,Butter Chicken,66,320,21120
2023-04-10,Monday,4,2023,0,0,Dal Makhani,45,220,9900
2023-04-10,Monday,4,2023,0,0,Gulab Jamun,36,80,2880
2023-04-10,Monday,4,2023,0,0,Mango Lassi,53,90,4770
2023-04-10,Monday,4,2023,0,0,Masala Dosa,61,120,7320
2023-04-10,Monday,4,2023,0,0,Naan,104,60,6240
2023-04-10,Monday,4,2023,0,0,Paneer Tikka,40,280,11200
2023-04-11,Tuesday,4,2023,0,0,Biryani,112,350,39200
2023-04-11,Tuesday,4,2023,0,0,Butter Chicken,89,320,28480
2023-04-11,Tuesday,4,2023,0,0,Dal Makhani,47,220,10340
2023-04-11,Tuesday,4,2023,0,0,Gulab Jamun,46,80,3680
2023-04-11,Tuesday,4,2023,0,0,Mango Lassi,63,90,5670
2023-04-11,Tuesday,4,2023,0,0,Masala Dosa,67,120,8040
2023-04-11,Tuesday,4,2023,0,0,Naan,124,60,7440
2023-04-11,Tuesday,4,2023,0,0,Paneer Tikka,56,280,15680
2023-04-12,Wednesday,4,2023,0,0,Biryani,108,350,37800
2023-04-12,Wednesday,4,2023,0,0,Butter Chicken,92,320,29440
2023-04-12,Wednesday,4,2023,0,0,Dal Makhani,47,220,10340
2023-04-12,Wednesday,4,2023,0,0,Gulab Jamun,50,80,4000
2023-04-12,Wednesday,4,2023,0,0,Mango Lassi,55,90,4950
2023-04-12,Wednesday,4,2023,0,0,Masala Dosa,72,120,8640
2023-04-12,Wednesday,4,2023,0,0,Naan,153,60,9180
2023-04-12,Wednesday,4,2023,0,0,Paneer Tikka,53,280,14840
2023-04-13,Thursday,4,2023,0,0,Biryani,111,350,38850
2023-04-13,Thursday,4,2023,0,0,Butter Chicken,83,320,26560
2023-04-13,Thursday,4,2023,0,0,Dal Makhani,56,220,12320
2023-04-13,Thursday,4,2023,0,0,Gulab Jamun,57,80,4560
2023-04-13,Thursday,4,2023,0,0,Mango Lassi,64,90,5760
2023-04-13,Thursday,4,2023,0,0,Masala Dosa,82,120,9840
2023-04-13,Thursday,4,2023,0,0,Naan,122,60,7320
2023-04-13,Thursday,4,2023,0,0,Paneer Tikka,66,280,18480
2023-04-14,Friday,4,2023,0,0,Biryani,177,350,61950
2023-04-14,Friday,4,2023,0,0,Butter Chicken,102,320,32640
2023-04-14,Friday,4,2023,0,0,Dal Makhani,63,220,13860
2023-04-14,Friday,4,2023,0,0,Gulab Jamun,51,80,4080
2023-04-14,Friday,4,2023,0,0,Mango Lassi,80,90,7200
2023-04-14,Friday,4,2023,0,0,Masala Dosa,91,120,10920
2023-04-14,Friday,4,2023,0,0,Naan,167,60,10020
2023-04-14,Friday,4,2023,0,0,Paneer Tikka,95,280,26600
2023-04-15,Saturday,4,2023,1,0,Biryani,148,350,51800
2023-04-15,Saturday,4,2023,1,0,Butter Chicken,95,320,30400
2023-04-15,Saturday,4,2023,1,0,Dal Makhani,69,220,15180
2023-04-15,Saturday,4,2023,1,0,Gulab Jamun,68,80,5440
2023-04-15,Saturday,4,2023,1,0,Mango Lassi,88,90,7920
2023-04-15,Saturday,4,2023,1,0,Masala Dosa,83,120,9960
2023-04-15,Saturday,4,2023,1,0,Naan,209,60,12540
2023-04-15,Saturday,4,2023,1,0,Paneer Tikka,74,280,20720
2023-04-16,Sunday,4,2023,1,0,Biryani,129,350,45150
2023-04-16,Sunday,4,2023,1,0,Butter Chicken,108,320,34560
2023-04-16,Sunday,4,2023,1,0,Dal Makhani,71,220,15620
2023-04-16,Sunday,4,2023,1,0,Gulab Jamun,63,80,5040
2023-04-16,Sunday,4,2023,1,0,Mango Lassi,117,90,10530
2023-04-16,Sunday,4,2023,1,0,Masala Dosa,100,120,12000
2023-04-16,Sunday,4,2023,1,0,Naan,180,60,10800
2023-04-16,Sunday,4,2023,1,0,Paneer Tikka,88,280,24640
2023-04-17,Monday,4,2023,0,0,Biryani,81,350,28350
2023-04-17,Monday,4,2023,0,0,Butter Chicken,59,320,18880
2023-04-17,Monday,4,2023,0,0,Dal Makhani,37,220,8140
2023-04-17,Monday,4,2023,0,0,Gulab Jamun,42,80,3360
2023-04-17,Monday,4,2023,0,0,Mango Lassi,49,90,4410
2023-04-17,Monday,4,2023,0,0,Masala Dosa,64,120,7680
2023-04-17,Monday,4,2023,0,0,Naan,96,60,5760
2023-04-17,Monday,4,2023,0,0,Paneer Tikka,45,280,12600
2023-04-18,Tuesday,4,2023,0,0,Biryani,103,350,36050
2023-04-18,Tuesday,4,2023,0,0,Butter Chicken,72,320,23040
2023-04-18,Tuesday,4,2023,0,0,Dal Makhani,54,220,11880
2023-04-18,Tuesday,4,2023,0,0,Gulab Jamun,53,80,4240
2023-04-18,Tuesday,4,2023,0,0,Mango Lassi,81,90,7290
2023-04-18,Tuesday,4,2023,0,0,Masala Dosa,57,120,6840
2023-04-18,Tuesday,4,2023,0,0,Naan,134,60,8040
2023-04-18,Tuesday,4,2023,0,0,Paneer Tikka,63,280,17640
2023-04-19,Wednesday,4,2023,0,0,Biryani,114,350,39900
2023-04-19,Wednesday,4,2023,0,0,Butter Chicken,74,320,23680
2023-04-19,Wednesday,4,2023,0,0,Dal Makhani,52,220,11440
2023-04-19,Wednesday,4,2023,0,0,Gulab Jamun,44,80,3520
2023-04-19,Wednesday,4,2023,0,0,Mango Lassi,60,90,5400
2023-04-19,Wednesday,4,2023,0,0,Masala Dosa,87,120,10440
2023-04-19,Wednesday,4,2023,0,0,Naan,141,60,8460
2023-04-19,Wednesday,4,2023,0,0,Paneer Tikka,57,280,15960
2023-04-20,Thursday,4,2023,0,0,Biryani,110,350,38500
2023-04-20,Thursday,4,2023,0,0,Butter Chicken,67,320,21440
2023-04-20,Thursday,4,2023,0,0,Dal Makhani,61,220,13420
2023-04-20,Thursday,4,2023,0,0,Gulab Jamun,45,80,3600
2023-04-20,Thursday,4,2023,0,0,Mango Lassi,76,90,6840
2023-04-20,Thursday,4,2023,0,0,Masala Dosa,72,120,8640
2023-04-20,Thursday,4,2023,0,0,Naan,122,60,7320
2023-04-20,Thursday,4,2023,0,0,Paneer Tikka,55,280,15400
2023-04-21,Friday,4,2023,0,0,Biryani,140,350,49000
2023-04-21,Friday,4,2023,0,0,Butter Chicken,141,320,45120
2023-04-21,Friday,4,2023,0,0,Dal Makhani,76,220,16720
2023-04-21,Friday,4,2023,0,0,Gulab Jamun,65,80,5200
2023-04-21,Friday,4,2023,0,0,Mango Lassi,86,90,7740
2023-04-21,Friday,4,2023,0,0,Masala Dosa,116,120,13920
2023-04-21,Friday,4,2023,0,0,Naan,191,60,11460
2023-04-21,Friday,4,2023,0,0,Paneer Tikka,76,280,21280
2023-04-22,Saturday,4,2023,1,1,Biryani,254,350,88900
2023-04-22,Saturday,4,2023,1,1,Butter Chicken,180,320,57600
2023-04-22,Saturday,4,2023,1,1,Dal Makhani,111,220,24420
2023-04-22,Saturday,4,2023,1,1,Gulab Jamun,110,80,8800
2023-04-22,Saturday,4,2023,1,1,Mango Lassi,151,90,13590
2023-04-22,Saturday,4,2023,1,1,Masala Dosa,168,120,20160
2023-04-22,Saturday,4,2023,1,1,Naan,308,60,18480
2023-04-22,Saturday,4,2023,1,1,Paneer Tikka,143,280,40040
2023-04-23,Sunday,4,2023,1,0,Biryani,171,350,59850
2023-04-23,Sunday,4,2023,1,0,Butter Chicken,106,320,33920
2023-04-23,Sunday,4,2023,1,0,Dal Makhani,61,220,13420
2023-04-23,Sunday,4,2023,1,0,Gulab Jamun,61,80,4880
2023-04-23,Sunday,4,2023,1,0,Mango Lassi,104,90,9360
2023-04-23,Sunday,4,2023,1,0,Masala Dosa,90,120,10800
2023-04-23,Sunday,4,2023,1,0,Naan,184,60,11040
2023-04-23,Sunday,4,2023,1,0,Paneer Tikka,83,280,23240
2023-04-24,Monday,4,2023,0,0,Biryani,74,350,25900
2023-04-24,Monday,4,2023,0,0,Butter Chicken,65,320,20800
2023-04-24,Monday,4,2023,0,0,Dal Makhani,43,220,9460
2023-04-24,Monday,4,2023,0,0,Gulab Jamun,34,80,2720
2023-04-24,Monday,4,2023,0,0,Mango Lassi,55,90,4950
2023-04-24,Monday,4,2023,0,0,Masala Dosa,71,120,8520
2023-04-24,Monday,4,2023,0,0,Naan,112,60,6720
2023-04-24,Monday,4,2023,0,0,Paneer Tikka,48,280,13440
2023-04-25,Tuesday,4,2023,0,0,Biryani,109,350,38150
2023-04-25,Tuesday,4,2023,0,0,Butter Chicken,82,320,26240
2023-04-25,Tuesday,4,2023,0,0,Dal Makhani,52,220,11440
2023-04-25,Tuesday,4,2023,0,0,Gulab Jamun,42,80,3360
2023-04-25,Tuesday,4,2023,0,0,Mango Lassi,68,90,6120
2023-04-25,Tuesday,4,2023,0,0,Masala Dosa,72,120,8640
2023-04-25,Tuesday,4,2023,0,0,Naan,140,60,8400
2023-04-25,Tuesday,4,2023,0,0,Paneer Tikka,71,280,19880
2023-04-26,Wednesday,4,2023,0,0,Biryani,112,350,39200
2023-04-26,Wednesday,4,2023,0,0,Butter Chicken,90,320,28800
2023-04-26,Wednesday,4,2023,0,0,Dal Makhani,46,220,10120
2023-04-26,Wednesday,4,2023,0,0,Gulab Jamun,42,80,3360
2023-04-26,Wednesday,4,2023,0,0,Mango Lassi,70,90,6300
2023-04-26,Wednesday,4,2023,0,0,Masala Dosa,57,120,6840
2023-04-26,Wednesday,4,2023,0,0,Naan,149,60,8940
2023-04-26,Wednesday,4,2023,0,0,Paneer Tikka,52,280,14560
2023-04-27,Thursday,4,2023,0,0,Biryani,103,350,36050
2023-04-27,Thursday,4,2023,0,0,Butter Chicken,95,320,30400
2023-04-27,Thursday,4,2023,0,0,Dal Makhani,61,220,13420
2023-04-27,Thursday,4,2023,0,0,Gulab Jamun,47,80,3760
2023-04-27,Thursday,4,2023,0,0,Mango Lassi,63,90,5670
2023-04-27,Thursday,4,2023,0,0,Masala Dosa,51,120,6120
2023-04-27,Thursday,4,2023,0,0,Naan,108,60,6480
2023-04-27,Thursday,4,2023,0,0,Paneer Tikka,59,280,16520
2023-04-28,Friday,4,2023,0,0,Biryani,153,350,53550
2023-04-28,Friday,4,2023,0,0,Butter Chicken,95,320,30400
2023-04-28,Friday,4,2023,0,0,Dal Makhani,63,220,13860
2023-04-28,Friday,4,2023,0,0,Gulab Jamun,65,80,5200
2023-04-28,Friday,4,2023,0,0,Mango Lassi,89,90,8010
2023-04-28,Friday,4,2023,0,0,Masala Dosa,105,120,12600
2023-04-28,Friday,4,2023,0,0,Naan,149,60,8940
2023-04-28,Friday,4,2023,0,0,Paneer Tikka,88,280,24640
2023-04-29,Saturday,4,2023,1,0,Biryani,122,350,42700
2023-04-29,Saturday,4,2023,1,0,Butter Chicken,132,320,42240
2023-04-29,Saturday,4,2023,1,0,Dal Makhani,62,220,13640
2023-04-29,Saturday,4,2023,1,0,Gulab Jamun,59,80,4720
2023-04-29,Saturday,4,2023,1,0,Mango Lassi,94,90,8460
2023-04-29,Saturday,4,2023,1,0,Masala Dosa,97,120,11640
2023-04-29,Saturday,4,2023,1,0,Naan,175,60,10500
2023-04-29,Saturday,4,2023,1,0,Paneer Tikka,71,280,19880
2023-04-30,Sunday,4,2023,1,0,Biryani,148,350,51800
2023-04-30,Sunday,4,2023,1,0,Butter Chicken,92,320,29440
2023-04-30,Sunday,4,2023,1,0,Dal Makhani,77,220,16940
2023-04-30,Sunday,4,2023,1,0,Gulab Jamun,65,80,5200
2023-04-30,Sunday,4,2023,1,0,Mango Lassi,95,90,8550
2023-04-30,Sunday,4,2023,1,0,Masala Dosa,100,120,12000
2023-04-30,Sunday,4,2023,1,0,Naan,183,60,10980
2023-04-30,Sunday,4,2023,1,0,Paneer Tikka,95,280,26600
2023-05-01,Monday,5,2023,0,0,Biryani,92,350,32200
2023-05-01,Monday,5,2023,0,0,Butter Chicken,70,320,22400
2023-05-01,Monday,5,2023,0,0,Dal Makhani,44,220,9680
2023-05-01,Monday,5,2023,0,0,Gulab Jamun,33,80,2640
2023-05-01,Monday,5,2023,0,0,Mango Lassi,66,90,5940
2023-05-01,Monday,5,2023,0,0,Masala Dosa,67,120,8040
2023-05-01,Monday,5,2023,0,0,Naan,105,60,6300
2023-05-01,Monday,5,2023,0,0,Paneer Tikka,57,280,15960
2023-05-02,Tuesday,5,2023,0,0,Biryani,114,350,39900
2023-05-02,Tuesday,5,2023,0,0,Butter Chicken,81,320,25920
2023-05-02,Tuesday,5,2023,0,0,Dal Makhani,47,220,10340
2023-05-02,Tuesday,5,2023,0,0,Gulab Jamun,43,80,3440
2023-05-02,Tuesday,5,2023,0,0,Mango Lassi,52,90,4680
2023-05-02,Tuesday,5,2023,0,0,Masala Dosa,66,120,7920
2023-05-02,Tuesday,5,2023,0,0,Naan,146,60,8760
2023-05-02,Tuesday,5,2023,0,0,Paneer Tikka,50,280,14000
2023-05-03,Wednesday,5,2023,0,0,Biryani,91,350,31850
2023-05-03,Wednesday,5,2023,0,0,Butter Chicken,77,320,24640
2023-05-03,Wednesday,5,2023,0,0,Dal Makhani,55,220,12100
2023-05-03,Wednesday,5,2023,0,0,Gulab Jamun,40,80,3200
2023-05-03,Wednesday,5,2023,0,0,Mango Lassi,67,90,6030
2023-05-03,Wednesday,5,2023,0,0,Masala Dosa,75,120,9000
2023-05-03,Wednesday,5,2023,0,0,Naan,145,60,8700
2023-05-03,Wednesday,5,2023,0,0,Paneer Tikka,43,280,12040
2023-05-04,Thursday,5,2023,0,0,Biryani,133,350,46550
2023-05-04,Thursday,5,2023,0,0,Butter Chicken,82,320,26240
2023-05-04,Thursday,5,2023,0,0,Dal Makhani,56,220,12320
2023-05-04,Thursday,5,2023,0,0,Gulab Jamun,47,80,3760
2023-05-04,Thursday,5,2023,0,0,Mango Lassi,51,90,4590
2023-05-04,Thursday,5,2023,0,0,Masala Dosa,72,120,8640
2023-05-04,Thursday,5,2023,0,0,Naan,129,60,7740
2023-05-04,Thursday,5,2023,0,0,Paneer Tikka,53,280,14840
2023-05-05,Friday,5,2023,0,0,Biryani,134,350,46900
2023-05-05,Friday,5,2023,0,0,Butter Chicken,107,320,34240
2023-05-05,Friday,5,2023,0,0,Dal Makhani,66,220,14520
2023-05-05,Friday,5,2023,0,0,Gulab Jamun,58,80,4640
2023-05-05,Friday,5,2023,0,0,Mango Lassi,98,90,8820
2023-05-05,Friday,5,2023,0,0,Masala Dosa,104,120,12480
2023-05-05,Friday,5,2023,0,0,Naan,218,60,13080
2023-05-05,Friday,5,2023,0,0,Paneer Tikka,76,280,21280
2023-05-06,Saturday,5,2023,1,0,Biryani,153,350,53550
2023-05-06,Saturday,5,2023,1,0,Butter Chicken,129,320,41280
2023-05-06,Saturday,5,2023,1,0,Dal Makhani,63,220,13860
2023-05-06,Saturday,5,2023,1,0,Gulab Jamun,69,80,5520
2023-05-06,Saturday,5,2023,1,0,Mango Lassi,99,90,8910
2023-05-06,Saturday,5,2023,1,0,Masala Dosa,101,120,12120
2023-05-06,Saturday,5,2023,1,0,Naan,195,60,11700
2023-05-06,Saturday,5,2023,1,0,Paneer Tikka,92,280,25760
2023-05-07,Sunday,5,2023,1,0,Biryani,176,350,61600
2023-05-07,Sunday,5,2023,1,0,Butter Chicken,124,320,39680
2023-05-07,Sunday,5,2023,1,0,Dal Makhani,70,220,15400
2023-05-07,Sunday,5,2023,1,0,Gulab Jamun,75,80,6000
2023-05-07,Sunday,5,2023,1,0,Mango Lassi,94,90,8460
2023-05-07,Sunday,5,2023,1,0,Masala Dosa,88,120,10560
2023-05-07,Sunday,5,2023,1,0,Naan,224,60,13440
2023-05-07,Sunday,5,2023,1,0,Paneer Tikka,77,280,21560
2023-05-08,Monday,5,2023,0,0,Biryani,86,350,30100
2023-05-08,Monday,5,2023,0,0,Butter Chicken,60,320,19200
2023-05-08,Monday,5,2023,0,0,Dal Makhani,43,220,9460
2023-05-08,Monday,5,2023,0,0,Gulab Jamun,36,80,2880
2023-05-08,Monday,5,2023,0,0,Mango Lassi,68,90,6120
2023-05-08,Monday,5,2023,0,0,Masala Dosa,53,120,6360
2023-05-08,Monday,5,2023,0,0,Naan,113,60,6780
2023-05-08,Monday,5,2023,0,0,Paneer Tikka,46,280,12880
2023-05-09,Tuesday,5,2023,0,0,Biryani,113,350,39550
2023-05-09,Tuesday,5,2023,0,0,Butter Chicken,99,320,31680
2023-05-09,Tuesday,5,2023,0,0,Dal Makhani,52,220,11440
2023-05-09,Tuesday,5,2023,0,0,Gulab Jamun,44,80,3520
2023-05-09,Tuesday,5,2023,0,0,Mango Lassi,54,90,4860
2023-05-09,Tuesday,5,2023,0,0,Masala Dosa,63,120,7560
2023-05-09,Tuesday,5,2023,0,0,Naan,143,60,8580
2023-05-09,Tuesday,5,2023,0,0,Paneer Tikka,64,280,17920
2023-05-10,Wednesday,5,2023,0,0,Biryani,106,350,37100
2023-05-10,Wednesday,5,2023,0,0,Butter Chicken,86,320,27520
2023-05-10,Wednesday,5,2023,0,0,Dal Makhani,60,220,13200
2023-05-10,Wednesday,5,2023,0,0,Gulab Jamun,47,80,3760
2023-05-10,Wednesday,5,2023,0,0,Mango Lassi,76,90,6840
2023-05-10,Wednesday,5,2023,0,0,Masala Dosa,59,120,7080
2023-05-10,Wednesday,5,2023,0,0,Naan,113,60,6780
2023-05-10,Wednesday,5,2023,0,0,Paneer Tikka,66,280,18480
2023-05-11,Thursday,5,2023,0,0,Biryani,127,350,44450
2023-05-11,Thursday,5,2023,0,0,Butter Chicken,98,320,31360
2023-05-11,Thursday,5,2023,0,0,Dal Makhani,51,220,11220
2023-05-11,Thursday,5,2023,0,0,Gulab Jamun,49,80,3920
2023-05-11,Thursday,5,2023,0,0,Mango Lassi,55,90,4950
2023-05-11,Thursday,5,2023,0,0,Masala Dosa,79,120,9480
2023-05-11,Thursday,5,2023,0,0,Naan,130,60,7800
2023-05-11,Thursday,5,2023,0,0,Paneer Tikka,58,280,16240
2023-05-12,Friday,5,2023,0,0,Biryani,140,350,49000
2023-05-12,Friday,5,2023,0,0,Butter Chicken,130,320,41600
2023-05-12,Friday,5,2023,0,0,Dal Makhani,72,220,15840
2023-05-12,Friday,5,2023,0,0,Gulab Jamun,58,80,4640
2023-05-12,Friday,5,2023,0,0,Mango Lassi,84,90,7560
2023-05-12,Friday,5,2023,0,0,Masala Dosa,99,120,11880
2023-05-12,Friday,5,2023,0,0,Naan,190,60,11400
2023-05-12,Friday,5,2023,0,0,Paneer Tikka,96,280,26880
2023-05-13,Saturday,5,2023,1,0,Biryani,162,350,56700
2023-05-13,Saturday,5,2023,1,0,Butter Chicken,110,320,35200
2023-05-13,Saturday,5,2023,1,0,Dal Makhani,66,220,14520
2023-05-13,Saturday,5,2023,1,0,Gulab Jamun,70,80,5600
2023-05-13,Saturday,5,2023,1,0,Mango Lassi,72,90,6480
2023-05-13,Saturday,5,2023,1,0,Masala Dosa,63,120,7560
2023-05-13,Saturday,5,2023,1,0,Naan,196,60,11760
2023-05-13,Saturday,5,2023,1,0,Paneer Tikka,94,280,26320
2023-05-14,Sunday,5,2023,1,0,Biryani,128,350,44800
2023-05-14,Sunday,5,2023,1,0,Butter Chicken,105,320,33600
2023-05-14,Sunday,5,2023,1,0,Dal Makhani,78,220,17160
2023-05-14,Sunday,5,2023,1,0,Gulab Jamun,61,80,4880
2023-05-14,Sunday,5,2023,1,0,Mango Lassi,97,90,8730
2023-05-14,Sunday,5,2023,1,0,Masala Dosa,100,120,12000
2023-05-14,Sunday,5,2023,1,0,Naan,169,60,10140
2023-05-14,Sunday,5,2023,1,0,Paneer Tikka,71,280,19880
2023-05-15,Monday,5,2023,0,0,Biryani,101,350,35350
2023-05-15,Monday,5,2023,0,0,Butter Chicken,66,320,21120
2023-05-15,Monday,5,2023,0,0,Dal Makhani,38,220,8360
2023-05-15,Monday,5,2023,0,0,Gulab Jamun,43,80,3440
2023-05-15,Monday,5,2023,0,0,Mango Lassi,60,90,5400
2023-05-15,Monday,5,2023,0,0,Masala Dosa,54,120,6480
2023-05-15,Monday,5,2023,0,0,Naan,86,60,5160
2023-05-15,Monday,5,2023,0,0,Paneer Tikka,41,280,11480
2023-05-16,Tuesday,5,2023,0,0,Biryani,108,350,37800
2023-05-16,Tuesday,5,2023,0,0,Butter Chicken,78,320,24960
2023-05-16,Tuesday,5,2023,0,0,Dal Makhani,64,220,14080
2023-05-16,Tuesday,5,2023,0,0,Gulab Jamun,51,80,4080
2023-05-16,Tuesday,5,2023,0,0,Mango Lassi,70,90,6300
2023-05-16,Tuesday,5,2023,0,0,Masala Dosa,75,120,9000
2023-05-16,Tuesday,5,2023,0,0,Naan,139,60,8340
2023-05-16,Tuesday,5,2023,0,0,Paneer Tikka,58,280,16240
2023-05-17,Wednesday,5,2023,0,0,Biryani,111,350,38850
2023-05-17,Wednesday,5,2023,0,0,Butter Chicken,79,320,25280
2023-05-17,Wednesday,5,2023,0,0,Dal Makhani,51,220,11220
2023-05-17,Wednesday,5,2023,0,0,Gulab Jamun,50,80,4000
2023-05-17,Wednesday,5,2023,0,0,Mango Lassi,67,90,6030
2023-05-17,Wednesday,5,2023,0,0,Masala Dosa,72,120,8640
2023-05-17,Wednesday,5,2023,0,0,Naan,145,60,8700
2023-05-17,Wednesday,5,2023,0,0,Paneer Tikka,60,280,16800
2023-05-18,Thursday,5,2023,0,0,Biryani,125,350,43750
2023-05-18,Thursday,5,2023,0,0,Butter Chicken,82,320,26240
2023-05-18,Thursday,5,2023,0,0,Dal Makhani,53,220,11660
2023-05-18,Thursday,5,2023,0,0,Gulab Jamun,57,80,4560
2023-05-18,Thursday,5,2023,0,0,Mango Lassi,67,90,6030
2023-05-18,Thursday,5,2023,0,0,Masala Dosa,46,120,5520
2023-05-18,Thursday,5,2023,0,0,Naan,149,60,8940
2023-05-18,Thursday,5,2023,0,0,Paneer Tikka,46,280,12880
2023-05-19,Friday,5,2023,0,0,Biryani,163,350,57050
2023-05-19,Friday,5,2023,0,0,Butter Chicken,125,320,40000
2023-05-19,Friday,5,2023,0,0,Dal Makhani,60,220,13200
2023-05-19,Friday,5,2023,0,0,Gulab Jamun,60,80,4800
2023-05-19,Friday,5,2023,0,0,Mango Lassi,94,90,8460
2023-05-19,Friday,5,2023,0,0,Masala Dosa,119,120,14280
2023-05-19,Friday,5,2023,0,0,Naan,166,60,9960
2023-05-19,Friday,5,2023,0,0,Paneer Tikka,72,280,20160
2023-05-20,Saturday,5,2023,1,0,Biryani,155,350,54250
2023-05-20,Saturday,5,2023,1,0,Butter Chicken,122,320,39040
2023-05-20,Saturday,5,2023,1,0,Dal Makhani,72,220,15840
2023-05-20,Saturday,5,2023,1,0,Gulab Jamun,63,80,5040
2023-05-20,Saturday,5,2023,1,0,Mango Lassi,103,90,9270
2023-05-20,Saturday,5,2023,1,0,Masala Dosa,96,120,11520
2023-05-20,Saturday,5,2023,1,0,Naan,231,60,13860
2023-05-20,Saturday,5,2023,1,0,Paneer Tikka,88,280,24640
2023-05-21,Sunday,5,2023,1,0,Biryani,164,350,57400
2023-05-21,Sunday,5,2023,1,0,Butter Chicken,125,320,40000
2023-05-21,Sunday,5,2023,1,0,Dal Makhani,59,220,12980
2023-05-21,Sunday,5,2023,1,0,Gulab Jamun,64,80,5120
2023-05-21,Sunday,5,2023,1,0,Mango Lassi,83,90,7470
2023-05-21,Sunday,5,2023,1,0,Masala Dosa,83,120,9960
2023-05-21,Sunday,5,2023,1,0,Naan,215,60,12900
2023-05-21,Sunday,5,2023,1,0,Paneer Tikka,94,280,26320
2023-05-22,Monday,5,2023,0,0,Biryani,93,350,32550
2023-05-22,Monday,5,2023,0,0,Butter Chicken,65,320,20800
2023-05-22,Monday,5,2023,0,0,Dal Makhani,43,220,9460
2023-05-22,Monday,5,2023,0,0,Gulab Jamun,35,80,2800
2023-05-22,Monday,5,2023,0,0,Mango Lassi,60,90,5400
2023-05-22,Monday,5,2023,0,0,Masala Dosa,60,120,7200
2023-05-22,Monday,5,2023,0,0,Naan,127,60,7620
2023-05-22,Monday,5,2023,0,0,Paneer Tikka,51,280,14280
2023-05-23,Tuesday,5,2023,0,0,Biryani,120,350,42000
2023-05-23,Tuesday,5,2023,0,0,Butter Chicken,93,320,29760
2023-05-23,Tuesday,5,2023,0,0,Dal Makhani,55,220,12100
2023-05-23,Tuesday,5,2023,0,0,Gulab Jamun,45,80,3600
2023-05-23,Tuesday,5,2023,0,0,Mango Lassi,69,90,6210
2023-05-23,Tuesday,5,2023,0,0,Masala Dosa,83,120,9960
2023-05-23,Tuesday,5,2023,0,0,Naan,128,60,7680
2023-05-23,Tuesday,5,2023,0,0,Paneer Tikka,52,280,14560
2023-05-24,Wednesday,5,2023,0,0,Biryani,98,350,34300
2023-05-24,Wednesday,5,2023,0,0,Butter Chicken,80,320,25600
2023-05-24,Wednesday,5,2023,0,0,Dal Makhani,42,220,9240
2023-05-24,Wednesday,5,2023,0,0,Gulab Jamun,40,80,3200
2023-05-24,Wednesday,5,2023,0,0,Mango Lassi,50,90,4500
2023-05-24,Wednesday,5,2023,0,0,Masala Dosa,64,120,7680
2023-05-24,Wednesday,5,2023,0,0,Naan,158,60,9480
2023-05-24,Wednesday,5,2023,0,0,Paneer Tikka,61,280,17080
2023-05-25,Thursday,5,2023,0,0,Biryani,135,350,47250
2023-05-25,Thursday,5,2023,0,0,Butter Chicken,75,320,24000
2023-05-25,Thursday,5,2023,0,0,Dal Makhani,57,220,12540
2023-05-25,Thursday,5,2023,0,0,Gulab Jamun,51,80,4080
2023-05-25,Thursday,5,2023,0,0,Mango Lassi,65,90,5850
2023-05-25,Thursday,5,2023,0,0,Masala Dosa,91,120,10920
2023-05-25,Thursday,5,2023,0,0,Naan,122,60,7320
2023-05-25,Thursday,5,2023,0,0,Paneer Tikka,51,280,14280
2023-05-26,Friday,5,2023,0,0,Biryani,126,350,44100
2023-05-26,Friday,5,2023,0,0,Butter Chicken,77,320,24640
2023-05-26,Friday,5,2023,0,0,Dal Makhani,55,220,12100
2023-05-26,Friday,5,2023,0,0,Gulab Jamun,72,80,5760
2023-05-26,Friday,5,2023,0,0,Mango Lassi,98,90,8820
2023-05-26,Friday,5,2023,0,0,Masala Dosa,125,120,15000
2023-05-26,Friday,5,2023,0,0,Naan,202,60,12120
2023-05-26,Friday,5,2023,0,0,Paneer Tikka,105,280,29400
2023-05-27,Saturday,5,2023,1,0,Biryani,166,350,58100
2023-05-27,Saturday,5,2023,1,0,Butter Chicken,118,320,37760
2023-05-27,Saturday,5,2023,1,0,Dal Makhani,71,220,15620
2023-05-27,Saturday,5,2023,1,0,Gulab Jamun,56,80,4480
2023-05-27,Saturday,5,2023,1,0,Mango Lassi,89,90,8010
2023-05-27,Saturday,5,2023,1,0,Masala Dosa,96,120,11520
2023-05-27,Saturday,5,2023,1,0,Naan,182,60,10920
2023-05-27,Saturday,5,2023,1,0,Paneer Tikka,91,280,25480
2023-05-28,Sunday,5,2023,1,0,Biryani,134,350,46900
2023-05-28,Sunday,5,2023,1,0,Butter Chicken,88,320,28160
2023-05-28,Sunday,5,2023,1,0,Dal Makhani,60,220,13200
2023-05-28,Sunday,5,2023,1,0,Gulab Jamun,69,80,5520
2023-05-28,Sunday,5,2023,1,0,Mango Lassi,74,90,6660
2023-05-28,Sunday,5,2023,1,0,Masala Dosa,113,120,13560
2023-05-28,Sunday,5,2023,1,0,Naan,183,60,10980
2023-05-28,Sunday,5,2023,1,0,Paneer Tikka,82,280,22960
2023-05-29,Monday,5,2023,0,0,Biryani,79,350,27650
2023-05-29,Monday,5,2023,0,0,Butter Chicken,57,320,18240
2023-05-29,Monday,5,2023,0,0,Dal Makhani,39,220,8580
2023-05-29,Monday,5,2023,0,0,Gulab Jamun,37,80,2960
2023-05-29,Monday,5,2023,0,0,Mango Lassi,45,90,4050
2023-05-29,Monday,5,2023,0,0,Masala Dosa,50,120,6000
2023-05-29,Monday,5,2023,0,0,Naan,113,60,6780
2023-05-29,Monday,5,2023,0,0,Paneer Tikka,54,280,15120
2023-05-30,Tuesday,5,2023,0,0,Biryani,91,350,31850
2023-05-30,Tuesday,5,2023,0,0,Butter Chicken,76,320,24320
2023-05-30,Tuesday,5,2023,0,0,Dal Makhani,54,220,11880
2023-05-30,Tuesday,5,2023,0,0,Gulab Jamun,47,80,3760
2023-05-30,Tuesday,5,2023,0,0,Mango Lassi,79,90,7110
2023-05-30,Tuesday,5,2023,0,0,Masala Dosa,76,120,9120
2023-05-30,Tuesday,5,2023,0,0,Naan,133,60,7980
2023-05-30,Tuesday,5,2023,0,0,Paneer Tikka,63,280,17640
2023-05-31,Wednesday,5,2023,0,0,Biryani,114,350,39900
2023-05-31,Wednesday,5,2023,0,0,Butter Chicken,83,320,26560
2023-05-31,Wednesday,5,2023,0,0,Dal Makhani,54,220,11880
2023-05-31,Wednesday,5,2023,0,0,Gulab Jamun,42,80,3360
2023-05-31,Wednesday,5,2023,0,0,Mango Lassi,62,90,5580
2023-05-31,Wednesday,5,2023,0,0,Masala Dosa,72,120,8640
2023-05-31,Wednesday,5,2023,0,0,Naan,134,60,8040
2023-05-31,Wednesday,5,2023,0,0,Paneer Tikka,58,280,16240
2023-06-01,Thursday,6,2023,0,0,Biryani,90,350,31500
2023-06-01,Thursday,6,2023,0,0,Butter Chicken,64,320,20480
2023-06-01,Thursday,6,2023,0,0,Dal Makhani,44,220,9680
2023-06-01,Thursday,6,2023,0,0,Gulab Jamun,42,80,3360
2023-06-01,Thursday,6,2023,0,0,Mango Lassi,61,90,5490
2023-06-01,Thursday,6,2023,0,0,Masala Dosa,75,120,9000
2023-06-01,Thursday,6,2023,0,0,Naan,114,60,6840
2023-06-01,Thursday,6,2023,0,0,Paneer Tikka,70,280,19600
2023-06-02,Friday,6,2023,0,0,Biryani,129,350,45150
2023-06-02,Friday,6,2023,0,0,Butter Chicken,96,320,30720
2023-06-02,Friday,6,2023,0,0,Dal Makhani,82,220,18040
2023-06-02,Friday,6,2023,0,0,Gulab Jamun,63,80,5040
2023-06-02,Friday,6,2023,0,0,Mango Lassi,75,90,6750
2023-06-02,Friday,6,2023,0,0,Masala Dosa,94,120,11280
2023-06-02,Friday,6,2023,0,0,Naan,145,60,8700
2023-06-02,Friday,6,2023,0,0,Paneer Tikka,81,280,22680
2023-06-03,Saturday,6,2023,1,0,Biryani,144,350,50400
2023-06-03,Saturday,6,2023,1,0,Butter Chicken,102,320,32640
2023-06-03,Saturday,6,2023,1,0,Dal Makhani,64,220,14080
2023-06-03,Saturday,6,2023,1,0,Gulab Jamun,54,80,4320
2023-06-03,Saturday,6,2023,1,0,Mango Lassi,60,90,5400
2023-06-03,Saturday,6,2023,1,0,Masala Dosa,115,120,13800
2023-06-03,Saturday,6,2023,1,0,Naan,189,60,11340
2023-06-03,Saturday,6,2023,1,0,Paneer Tikka,77,280,21560
2023-06-04,Sunday,6,2023,1,0,Biryani,129,350,45150
2023-06-04,Sunday,6,2023,1,0,Butter Chicken,103,320,32960
2023-06-04,Sunday,6,2023,1,0,Dal Makhani,78,220,17160
2023-06-04,Sunday,6,2023,1,0,Gulab Jamun,62,80,4960
2023-06-04,Sunday,6,2023,1,0,Mango Lassi,85,90,7650
2023-06-04,Sunday,6,2023,1,0,Masala Dosa,85,120,10200
2023-06-04,Sunday,6,2023,1,0,Naan,204,60,12240
2023-06-04,Sunday,6,2023,1,0,Paneer Tikka,102,280,28560
2023-06-05,Monday,6,2023,0,0,Biryani,79,350,27650
2023-06-05,Monday,6,2023,0,0,Butter Chicken,59,320,18880
2023-06-05,Monday,6,2023,0,0,Dal Makhani,34,220,7480
2023-06-05,Monday,6,2023,0,0,Gulab Jamun,34,80,2720
2023-06-05,Monday,6,2023,0,0,Mango Lassi,38,90,3420
2023-06-05,Monday,6,2023,0,0,Masala Dosa,46,120,5520
2023-06-05,Monday,6,2023,0,0,Naan,92,60,5520
2023-06-05,Monday,6,2023,0,0,Paneer Tikka,45,280,12600
2023-06-06,Tuesday,6,2023,0,0,Biryani,110,350,38500
2023-06-06,Tuesday,6,2023,0,0,Butter Chicken,79,320,25280
2023-06-06,Tuesday,6,2023,0,0,Dal Makhani,53,220,11660
2023-06-06,Tuesday,6,2023,0,0,Gulab Jamun,49,80,3920
2023-06-06,Tuesday,6,2023,0,0,Mango Lassi,45,90,4050
2023-06-06,Tuesday,6,2023,0,0,Masala Dosa,70,120,8400
2023-06-06,Tuesday,6,2023,0,0,Naan,95,60,5700
2023-06-06,Tuesday,6,2023,0,0,Paneer Tikka,47,280,13160
2023-06-07,Wednesday,6,2023,0,0,Biryani,97,350,33950
2023-06-07,Wednesday,6,2023,0,0,Butter Chicken,92,320,29440
2023-06-07,Wednesday,6,2023,0,0,Dal Makhani,48,220,10560
2023-06-07,Wednesday,6,2023,0,0,Gulab Jamun,46,80,3680
2023-06-07,Wednesday,6,2023,0,0,Mango Lassi,47,90,4230
2023-06-07,Wednesday,6,2023,0,0,Masala Dosa,68,120,8160
2023-06-07,Wednesday,6,2023,0,0,Naan,134,60,8040
2023-06-07,Wednesday,6,2023,0,0,Paneer Tikka,61,280,17080
2023-06-08,Thursday,6,2023,0,0,Biryani,105,350,36750
2023-06-08,Thursday,6,2023,0,0,Butter Chicken,79,320,25280
2023-06-08,Thursday,6,2023,0,0,Dal Makhani,43,220,9460
2023-06-08,Thursday,6,2023,0,0,Gulab Jamun,49,80,3920
2023-06-08,Thursday,6,2023,0,0,Mango Lassi,57,90,5130
2023-06-08,Thursday,6,2023,0,0,Masala Dosa,77,120,9240
2023-06-08,Thursday,6,2023,0,0,Naan,114,60,6840
2023-06-08,Thursday,6,2023,0,0,Paneer Tikka,48,280,13440
2023-06-09,Friday,6,2023,0,0,Biryani,164,350,57400
2023-06-09,Friday,6,2023,0,0,Butter Chicken,90,320,28800
2023-06-09,Friday,6,2023,0,0,Dal Makhani,66,220,14520
2023-06-09,Friday,6,2023,0,0,Gulab Jamun,60,80,4800
2023-06-09,Friday,6,2023,0,0,Mango Lassi,69,90,6210
2023-06-09,Friday,6,2023,0,0,Masala Dosa,95,120,11400
2023-06-09,Friday,6,2023,0,0,Naan,217,60,13020
2023-06-09,Friday,6,2023,0,0,Paneer Tikka,75,280,21000
2023-06-10,Saturday,6,2023,1,0,Biryani,155,350,54250
2023-06-10,Saturday,6,2023,1,0,Butter Chicken,106,320,33920
2023-06-10,Saturday,6,2023,1,0,Dal Makhani,72,220,15840
2023-06-10,Saturday,6,2023,1,0,Gulab Jamun,45,80,3600
2023-06-10,Saturday,6,2023,1,0,Mango Lassi,76,90,6840
2023-06-10,Saturday,6,2023,1,0,Masala Dosa,76,120,9120
2023-06-10,Saturday,6,2023,1,0,Naan,153,60,9180
2023-06-10,Saturday,6,2023,1,0,Paneer Tikka,76,280,21280
2023-06-11,Sunday,6,2023,1,0,Biryani,150,350,52500
2023-06-11,Sunday,6,2023,1,0,Butter Chicken,90,320,28800
2023-06-11,Sunday,6,2023,1,0,Dal Makhani,84,220,18480
2023-06-11,Sunday,6,2023,1,0,Gulab Jamun,59,80,4720
2023-06-11,Sunday,6,2023,1,0,Mango Lassi,71,90,6390
2023-06-11,Sunday,6,2023,1,0,Masala Dosa,100,120,12000
2023-06-11,Sunday,6,2023,1,0,Naan,169,60,10140
2023-06-11,Sunday,6,2023,1,0,Paneer Tikka,58,280,16240
2023-06-12,Monday,6,2023,0,0,Biryani,87,350,30450
2023-06-12,Monday,6,2023,0,0,Butter Chicken,68,320,21760
2023-06-12,Monday,6,2023,0,0,Dal Makhani,40,220,8800
2023-06-12,Monday,6,2023,0,0,Gulab Jamun,34,80,2720
2023-06-12,Monday,6,2023,0,0,Mango Lassi,38,90,3420
2023-06-12,Monday,6,2023,0,0,Masala Dosa,60,120,7200
2023-06-12,Monday,6,2023,0,0,Naan,92,60,5520
2023-06-12,Monday,6,2023,0,0,Paneer Tikka,44,280,12320
2023-06-13,Tuesday,6,2023,0,0,Biryani,106,350,37100
2023-06-13,Tuesday,6,2023,0,0,Butter Chicken,82,320,26240
2023-06-13,Tuesday,6,2023,0,0,Dal Makhani,48,220,10560
2023-06-13,Tuesday,6,2023,0,0,Gulab Jamun,43,80,3440
2023-06-13,Tuesday,6,2023,0,0,Mango Lassi,58,90,5220
2023-06-13,Tuesday,6,2023,0,0,Masala Dosa,71,120,8520
2023-06-13,Tuesday,6,2023,0,0,Naan,142,60,8520
2023-06-13,Tuesday,6,2023,0,0,Paneer Tikka,51,280,14280
2023-06-14,Wednesday,6,2023,0,0,Biryani,106,350,37100
2023-06-14,Wednesday,6,2023,0,0,Butter Chicken,90,320,28800
2023-06-14,Wednesday,6,2023,0,0,Dal Makhani,40,220,8800
2023-06-14,Wednesday,6,2023,0,0,Gulab Jamun,40,80,3200
2023-06-14,Wednesday,6,2023,0,0,Mango Lassi,52,90,4680
2023-06-14,Wednesday,6,2023,0,0,Masala Dosa,65,120,7800
2023-06-14,Wednesday,6,2023,0,0,Naan,109,60,6540
2023-06-14,Wednesday,6,2023,0,0,Paneer Tikka,61,280,17080
2023-06-15,Thursday,6,2023,0,0,Biryani,105,350,36750
2023-06-15,Thursday,6,2023,0,0,Butter Chicken,77,320,24640
2023-06-15,Thursday,6,2023,0,0,Dal Makhani,51,220,11220
2023-06-15,Thursday,6,2023,0,0,Gulab Jamun,38,80,3040
2023-06-15,Thursday,6,2023,0,0,Mango Lassi,52,90,4680
2023-06-15,Thursday,6,2023,0,0,Masala Dosa,51,120,6120
2023-06-15,Thursday,6,2023,0,0,Naan,126,60,7560
2023-06-15,Thursday,6,2023,0,0,Paneer Tikka,61,280,17080
2023-06-16,Friday,6,2023,0,0,Biryani,170,350,59500
2023-06-16,Friday,6,2023,0,0,Butter Chicken,89,320,28480
2023-06-16,Friday,6,2023,0,0,Dal Makhani,74,220,16280
2023-06-16,Friday,6,2023,0,0,Gulab Jamun,59,80,4720
2023-06-16,Friday,6,2023,0,0,Mango Lassi,68,90,6120
2023-06-16,Friday,6,2023,0,0,Masala Dosa,107,120,12840
2023-06-16,Friday,6,2023,0,0,Naan,165,60,9900
2023-06-16,Friday,6,2023,0,0,Paneer Tikka,84,280,23520
2023-06-17,Saturday,6,2023,1,0,Biryani,137,350,47950
2023-06-17,Saturday,6,2023,1,0,Butter Chicken,96,320,30720
2023-06-17,Saturday,6,2023,1,0,Dal Makhani,66,220,14520
2023-06-17,Saturday,6,2023,1,0,Gulab Jamun,61,80,4880
2023-06-17,Saturday,6,2023,1,0,Mango Lassi,82,90,7380
2023-06-17,Saturday,6,2023,1,0,Masala Dosa,91,120,10920
2023-06-17,Saturday,6,2023,1,0,Naan,173,60,10380
2023-06-17,Saturday,6,2023,1,0,Paneer Tikka,75,280,21000
2023-06-18,Sunday,6,2023,1,0,Biryani,99,350,34650
2023-06-18,Sunday,6,2023,1,0,Butter Chicken,116,320,37120
2023-06-18,Sunday,6,2023,1,0,Dal Makhani,72,220,15840
2023-06-18,Sunday,6,2023,1,0,Gulab Jamun,50,80,4000
2023-06-18,Sunday,6,2023,1,0,Mango Lassi,56,90,5040
2023-06-18,Sunday,6,2023,1,0,Masala Dosa,89,120,10680
2023-06-18,Sunday,6,2023,1,0,Naan,142,60,8520
2023-06-18,Sunday,6,2023,1,0,Paneer Tikka,64,280,17920
2023-06-19,Monday,6,2023,0,0,Biryani,79,350,27650
2023-06-19,Monday,6,2023,0,0,Butter Chicken,65,320,20800
2023-06-19,Monday,6,2023,0,0,Dal Makhani,26,220,5720
2023-06-19,Monday,6,2023,0,0,Gulab Jamun,28,80,2240
2023-06-19,Monday,6,2023,0,0,Mango Lassi,43,90,3870
2023-06-19,Monday,6,2023,0,0,Masala Dosa,56,120,6720
2023-06-19,Monday,6,2023,0,0,Naan,94,60,5640
2023-06-19,Monday,6,2023,0,0,Paneer Tikka,50,280,14000
2023-06-20,Tuesday,6,2023,0,0,Biryani,108,350,37800
2023-06-20,Tuesday,6,2023,0,0,Butter Chicken,77,320,24640
2023-06-20,Tuesday,6,2023,0,0,Dal Makhani,42,220,9240
2023-06-20,Tuesday,6,2023,0,0,Gulab Jamun,43,80,3440
2023-06-20,Tuesday,6,2023,0,0,Mango Lassi,47,90,4230
2023-06-20,Tuesday,6,2023,0,0,Masala Dosa,66,120,7920
2023-06-20,Tuesday,6,2023,0,0,Naan,143,60,8580
2023-06-20,Tuesday,6,2023,0,0,Paneer Tikka,62,280,17360
2023-06-21,Wednesday,6,2023,0,0,Biryani,104,350,36400
2023-06-21,Wednesday,6,2023,0,0,Butter Chicken,73,320,23360
2023-06-21,Wednesday,6,2023,0,0,Dal Makhani,58,220,12760
2023-06-21,Wednesday,6,2023,0,0,Gulab Jamun,51,80,4080
2023-06-21,Wednesday,6,2023,0,0,Mango Lassi,51,90,4590
2023-06-21,Wednesday,6,2023,0,0,Masala Dosa,54,120,6480
2023-06-21,Wednesday,6,2023,0,0,Naan,105,60,6300
2023-06-21,Wednesday,6,2023,0,0,Paneer Tikka,51,280,14280
2023-06-22,Thursday,6,2023,0,0,Biryani,98,350,34300
2023-06-22,Thursday,6,2023,0,0,Butter Chicken,71,320,22720
2023-06-22,Thursday,6,2023,0,0,Dal Makhani,59,220,12980
2023-06-22,Thursday,6,2023,0,0,Gulab Jamun,54,80,4320
2023-06-22,Thursday,6,2023,0,0,Mango Lassi,49,90,4410
2023-06-22,Thursday,6,2023,0,0,Masala Dosa,63,120,7560
2023-06-22,Thursday,6,2023,0,0,Naan,136,60,8160
2023-06-22,Thursday,6,2023,0,0,Paneer Tikka,65,280,18200
2023-06-23,Friday,6,2023,0,0,Biryani,166,350,58100
2023-06-23,Friday,6,2023,0,0,Butter Chicken,113,320,36160
2023-06-23,Friday,6,2023,0,0,Dal Makhani,77,220,16940
2023-06-23,Friday,6,2023,0,0,Gulab Jamun,62,80,4960
2023-06-23,Friday,6,2023,0,0,Mango Lassi,66,90,5940
2023-06-23,Friday,6,2023,0,0,Masala Dosa,83,120,9960
2023-06-23,Friday,6,2023,0,0,Naan,170,60,10200
2023-06-23,Friday,6,2023,0,0,Paneer Tikka,81,280,22680
2023-06-24,Saturday,6,2023,1,0,Biryani,137,350,47950
2023-06-24,Saturday,6,2023,1,0,Butter Chicken,129,320,41280
2023-06-24,Saturday,6,2023,1,0,Dal Makhani,66,220,14520
2023-06-24,Saturday,6,2023,1,0,Gulab Jamun,67,80,5360
2023-06-24,Saturday,6,2023,1,0,Mango Lassi,66,90,5940
2023-06-24,Saturday,6,2023,1,0,Masala Dosa,80,120,9600
2023-06-24,Saturday,6,2023,1,0,Naan,142,60,8520
2023-06-24,Saturday,6,2023,1,0,Paneer Tikka,79,280,22120
2023-06-25,Sunday,6,2023,1,0,Biryani,164,350,57400
2023-06-25,Sunday,6,2023,1,0,Butter Chicken,91,320,29120
2023-06-25,Sunday,6,2023,1,0,Dal Makhani,70,220,15400
2023-06-25,Sunday,6,2023,1,0,Gulab Jamun,48,80,3840
2023-06-25,Sunday,6,2023,1,0,Mango Lassi,84,90,7560
2023-06-25,Sunday,6,2023,1,0,Masala Dosa,83,120,9960
2023-06-25,Sunday,6,2023,1,0,Naan,190,60,11400
2023-06-25,Sunday,6,2023,1,0,Paneer Tikka,83,280,23240
2023-06-26,Monday,6,2023,0,0,Biryani,98,350,34300
2023-06-26,Monday,6,2023,0,0,Butter Chicken,59,320,18880
2023-06-26,Monday,6,2023,0,0,Dal Makhani,41,220,9020
2023-06-26,Monday,6,2023,0,0,Gulab Jamun,32,80,2560
2023-06-26,Monday,6,2023,0,0,Mango Lassi,47,90,4230
2023-06-26,Monday,6,2023,0,0,Masala Dosa,68,120,8160
2023-06-26,Monday,6,2023,0,0,Naan,106,60,6360
2023-06-26,Monday,6,2023,0,0,Paneer Tikka,45,280,12600
2023-06-27,Tuesday,6,2023,0,0,Biryani,126,350,44100
2023-06-27,Tuesday,6,2023,0,0,Butter Chicken,77,320,24640
2023-06-27,Tuesday,6,2023,0,0,Dal Makhani,51,220,11220
2023-06-27,Tuesday,6,2023,0,0,Gulab Jamun,41,80,3280
2023-06-27,Tuesday,6,2023,0,0,Mango Lassi,47,90,4230
2023-06-27,Tuesday,6,2023,0,0,Masala Dosa,76,120,9120
2023-06-27,Tuesday,6,2023,0,0,Naan,133,60,7980
2023-06-27,Tuesday,6,2023,0,0,Paneer Tikka,59,280,16520
2023-06-28,Wednesday,6,2023,0,0,Biryani,132,350,46200
2023-06-28,Wednesday,6,2023,0,0,Butter Chicken,67,320,21440
2023-06-28,Wednesday,6,2023,0,0,Dal Makhani,41,220,9020
2023-06-28,Wednesday,6,2023,0,0,Gulab Jamun,45,80,3600
2023-06-28,Wednesday,6,2023,0,0,Mango Lassi,58,90,5220
2023-06-28,Wednesday,6,2023,0,0,Masala Dosa,65,120,7800
2023-06-28,Wednesday,6,2023,0,0,Naan,122,60,7320
2023-06-28,Wednesday,6,2023,0,0,Paneer Tikka,44,280,12320
2023-06-29,Thursday,6,2023,0,0,Biryani,104,350,36400
2023-06-29,Thursday,6,2023,0,0,Butter Chicken,85,320,27200
2023-06-29,Thursday,6,2023,0,0,Dal Makhani,50,220,11000
2023-06-29,Thursday,6,2023,0,0,Gulab Jamun,46,80,3680
2023-06-29,Thursday,6,2023,0,0,Mango Lassi,57,90,5130
2023-06-29,Thursday,6,2023,0,0,Masala Dosa,80,120,9600
2023-06-29,Thursday,6,2023,0,0,Naan,122,60,7320
2023-06-29,Thursday,6,2023,0,0,Paneer Tikka,54,280,15120
2023-06-30,Friday,6,2023,0,0,Biryani,146,350,51100
2023-06-30,Friday,6,2023,0,0,Butter Chicken,112,320,35840
2023-06-30,Friday,6,2023,0,0,Dal Makhani,55,220,12100
2023-06-30,Friday,6,2023,0,0,Gulab Jamun,55,80,4400
2023-06-30,Friday,6,2023,0,0,Mango Lassi,76,90,6840
2023-06-30,Friday,6,2023,0,0,Masala Dosa,84,120,10080
2023-06-30,Friday,6,2023,0,0,Naan,178,60,10680
2023-06-30,Friday,6,2023,0,0,Paneer Tikka,89,280,24920
2023-07-01,Saturday,7,2023,1,0,Biryani,151,350,52850
2023-07-01,Saturday,7,2023,1,0,Butter Chicken,122,320,39040
2023-07-01,Saturday,7,2023,1,0,Dal Makhani,80,220,17600
2023-07-01,Saturday,7,2023,1,0,Gulab Jamun,63,80,5040
2023-07-01,Saturday,7,2023,1,0,Mango Lassi,57,90,5130
2023-07-01,Saturday,7,2023,1,0,Masala Dosa,122,120,14640
2023-07-01,Saturday,7,2023,1,0,Naan,177,60,10620
2023-07-01,Saturday,7,2023,1,0,Paneer Tikka,80,280,22400
2023-07-02,Sunday,7,2023,1,0,Biryani,169,350,59150
2023-07-02,Sunday,7,2023,1,0,Butter Chicken,116,320,37120
2023-07-02,Sunday,7,2023,1,0,Dal Makhani,71,220,15620
2023-07-02,Sunday,7,2023,1,0,Gulab Jamun,58,80,4640
2023-07-02,Sunday,7,2023,1,0,Mango Lassi,65,90,5850
2023-07-02,Sunday,7,2023,1,0,Masala Dosa,79,120,9480
2023-07-02,Sunday,7,2023,1,0,Naan,170,60,10200
2023-07-02,Sunday,7,2023,1,0,Paneer Tikka,83,280,23240
2023-07-03,Monday,7,2023,0,0,Biryani,104,350,36400
2023-07-03,Monday,7,2023,0,0,Butter Chicken,58,320,18560
2023-07-03,Monday,7,2023,0,0,Dal Makhani,41,220,9020
2023-07-03,Monday,7,2023,0,0,Gulab Jamun,40,80,3200
2023-07-03,Monday,7,2023,0,0,Mango Lassi,40,90,3600
2023-07-03,Monday,7,2023,0,0,Masala Dosa,58,120,6960
2023-07-03,Monday,7,2023,0,0,Naan,87,60,5220
2023-07-03,Monday,7,2023,0,0,Paneer Tikka,50,280,14000
2023-07-04,Tuesday,7,2023,0,0,Biryani,98,350,34300
2023-07-04,Tuesday,7,2023,0,0,Butter Chicken,77,320,24640
2023-07-04,Tuesday,7,2023,0,0,Dal Makhani,53,220,11660
2023-07-04,Tuesday,7,2023,0,0,Gulab Jamun,39,80,3120
2023-07-04,Tuesday,7,2023,0,0,Mango Lassi,51,90,4590
2023-07-04,Tuesday,7,2023,0,0,Masala Dosa,72,120,8640
2023-07-04,Tuesday,7,2023,0,0,Naan,126,60,7560
2023-07-04,Tuesday,7,2023,0,0,Paneer Tikka,59,280,16520
2023-07-05,Wednesday,7,2023,0,0,Biryani,130,350,45500
2023-07-05,Wednesday,7,2023,0,0,Butter Chicken,85,320,27200
2023-07-05,Wednesday,7,2023,0,0,Dal Makhani,46,220,10120
2023-07-05,Wednesday,7,2023,0,0,Gulab Jamun,36,80,2880
2023-07-05,Wednesday,7,2023,0,0,Mango Lassi,42,90,3780
2023-07-05,Wednesday,7,2023,0,0,Masala Dosa,76,120,9120
2023-07-05,Wednesday,7,2023,0,0,Naan,131,60,7860
2023-07-05,Wednesday,7,2023,0,0,Paneer Tikka,56,280,15680
2023-07-06,Thursday,7,2023,0,0,Biryani,101,350,35350
2023-07-06,Thursday,7,2023,0,0,Butter Chicken,64,320,20480
2023-07-06,Thursday,7,2023,0,0,Dal Makhani,64,220,14080
2023-07-06,Thursday,7,2023,0,0,Gulab Jamun,52,80,4160
2023-07-06,Thursday,7,2023,0,0,Mango Lassi,67,90,6030
2023-07-06,Thursday,7,2023,0,0,Masala Dosa,70,120,8400
2023-07-06,Thursday,7,2023,0,0,Naan,119,60,7140
2023-07-06,Thursday,7,2023,0,0,Paneer Tikka,68,280,19040
2023-07-07,Friday,7,2023,0,0,Biryani,164,350,57400
2023-07-07,Friday,7,2023,0,0,Butter Chicken,132,320,42240
2023-07-07,Friday,7,2023,0,0,Dal Makhani,71,220,15620
2023-07-07,Friday,7,2023,0,0,Gulab Jamun,53,80,4240
2023-07-07,Friday,7,2023,0,0,Mango Lassi,73,90,6570
2023-07-07,Friday,7,2023,0,0,Masala Dosa,86,120,10320
2023-07-07,Friday,7,2023,0,0,Naan,189,60,11340
2023-07-07,Friday,7,2023,0,0,Paneer Tikka,91,280,25480
2023-07-08,Saturday,7,2023,1,0,Biryani,158,350,55300
2023-07-08,Saturday,7,2023,1,0,Butter Chicken,104,320,33280
2023-07-08,Saturday,7,2023,1,0,Dal Makhani,74,220,16280
2023-07-08,Saturday,7,2023,1,0,Gulab Jamun,51,80,4080
2023-07-08,Saturday,7,2023,1,0,Mango Lassi,71,90,6390
2023-07-08,Saturday,7,2023,1,0,Masala Dosa,109,120,13080
2023-07-08,Saturday,7,2023,1,0,Naan,174,60,10440
2023-07-08,Saturday,7,2023,1,0,Paneer Tikka,75,280,21000
2023-07-09,Sunday,7,2023,1,0,Biryani,144,350,50400
2023-07-09,Sunday,7,2023,1,0,Butter Chicken,97,320,31040
2023-07-09,Sunday,7,2023,1,0,Dal Makhani,65,220,14300
2023-07-09,Sunday,7,2023,1,0,Gulab Jamun,52,80,4160
2023-07-09,Sunday,7,2023,1,0,Mango Lassi,89,90,8010
2023-07-09,Sunday,7,2023,1,0,Masala Dosa,100,120,12000
2023-07-09,Sunday,7,2023,1,0,Naan,204,60,12240
2023-07-09,Sunday,7,2023,1,0,Paneer Tikka,61,280,17080
2023-07-10,Monday,7,2023,0,0,Biryani,84,350,29400
2023-07-10,Monday,7,2023,0,0,Butter Chicken,72,320,23040
2023-07-10,Monday,7,2023,0,0,Dal Makhani,34,220,7480
2023-07-10,Monday,7,2023,0,0,Gulab Jamun,43,80,3440
2023-07-10,Monday,7,2023,0,0,Mango Lassi,51,90,4590
2023-07-10,Monday,7,2023,0,0,Masala Dosa,62,120,7440
2023-07-10,Monday,7,2023,0,0,Naan,97,60,5820
2023-07-10,Monday,7,2023,0,0,Paneer Tikka,50,280,14000
2023-07-11,Tuesday,7,2023,0,0,Biryani,110,350,38500
2023-07-11,Tuesday,7,2023,0,0,Butter Chicken,74,320,23680
2023-07-11,Tuesday,7,2023,0,0,Dal Makhani,38,220,8360
2023-07-11,Tuesday,7,2023,0,0,Gulab Jamun,41,80,3280
2023-07-11,Tuesday,7,2023,0,0,Mango Lassi,43,90,3870
2023-07-11,Tuesday,7,2023,0,0,Masala Dosa,67,120,8040
2023-07-11,Tuesday,7,2023,0,0,Naan,133,60,7980
2023-07-11,Tuesday,7,2023,0,0,Paneer Tikka,51,280,14280
2023-07-12,Wednesday,7,2023,0,0,Biryani,93,350,32550
2023-07-12,Wednesday,7,2023,0,0,Butter Chicken,83,320,26560
2023-07-12,Wednesday,7,2023,0,0,Dal Makhani,32,220,7040
2023-07-12,Wednesday,7,2023,0,0,Gulab Jamun,53,80,4240
2023-07-12,Wednesday,7,2023,0,0,Mango Lassi,51,90,4590
2023-07-12,Wednesday,7,2023,0,0,Masala Dosa,83,120,9960
2023-07-12,Wednesday,7,2023,0,0,Naan,127,60,7620
2023-07-12,Wednesday,7,2023,0,0,Paneer Tikka,55,280,15400
2023-07-13,Thursday,7,2023,0,0,Biryani,95,350,33250
2023-07-13,Thursday,7,2023,0,0,Butter Chicken,73,320,23360
2023-07-13,Thursday,7,2023,0,0,Dal Makhani,51,220,11220
2023-07-13,Thursday,7,2023,0,0,Gulab Jamun,43,80,3440
2023-07-13,Thursday,7,2023,0,0,Mango Lassi,52,90,4680
2023-07-13,Thursday,7,2023,0,0,Masala Dosa,79,120,9480
2023-07-13,Thursday,7,2023,0,0,Naan,139,60,8340
2023-07-13,Thursday,7,2023,0,0,Paneer Tikka,62,280,17360
2023-07-14,Friday,7,2023,0,0,Biryani,142,350,49700
2023-07-14,Friday,7,2023,0,0,Butter Chicken,95,320,30400
2023-07-14,Friday,7,2023,0,0,Dal Makhani,69,220,15180
2023-07-14,Friday,7,2023,0,0,Gulab Jamun,70,80,5600
2023-07-14,Friday,7,2023,0,0,Mango Lassi,70,90,6300
2023-07-14,Friday,7,2023,0,0,Masala Dosa,84,120,10080
2023-07-14,Friday,7,2023,0,0,Naan,191,60,11460
2023-07-14,Friday,7,2023,0,0,Paneer Tikka,71,280,19880
2023-07-15,Saturday,7,2023,1,0,Biryani,103,350,36050
2023-07-15,Saturday,7,2023,1,0,Butter Chicken,106,320,33920
2023-07-15,Saturday,7,2023,1,0,Dal Makhani,73,220,16060
2023-07-15,Saturday,7,2023,1,0,Gulab Jamun,60,80,4800
2023-07-15,Saturday,7,2023,1,0,Mango Lassi,77,90,6930
2023-07-15,Saturday,7,2023,1,0,Masala Dosa,89,120,10680
2023-07-15,Saturday,7,2023,1,0,Naan,188,60,11280
2023-07-15,Saturday,7,2023,1,0,Paneer Tikka,72,280,20160
2023-07-16,Sunday,7,2023,1,0,Biryani,160,350,56000
2023-07-16,Sunday,7,2023,1,0,Butter Chicken,86,320,27520
2023-07-16,Sunday,7,2023,1,0,Dal Makhani,56,220,12320
2023-07-16,Sunday,7,2023,1,0,Gulab Jamun,63,80,5040
2023-07-16,Sunday,7,2023,1,0,Mango Lassi,72,90,6480
2023-07-16,Sunday,7,2023,1,0,Masala Dosa,77,120,9240
2023-07-16,Sunday,7,2023,1,0,Naan,179,60,10740
2023-07-16,Sunday,7,2023,1,0,Paneer Tikka,74,280,20720
2023-07-17,Monday,7,2023,0,0,Biryani,79,350,27650
2023-07-17,Monday,7,2023,0,0,Butter Chicken,50,320,16000
2023-07-17,Monday,7,2023,0,0,Dal Makhani,35,220,7700
2023-07-17,Monday,7,2023,0,0,Gulab Jamun,31,80,2480
2023-07-17,Monday,7,2023,0,0,Mango Lassi,43,90,3870
2023-07-17,Monday,7,2023,0,0,Masala Dosa,62,120,7440
2023-07-17,Monday,7,2023,0,0,Naan,104,60,6240
2023-07-17,Monday,7,2023,0,0,Paneer Tikka,53,280,14840
2023-07-18,Tuesday,7,2023,0,0,Biryani,110,350,38500
2023-07-18,Tuesday,7,2023,0,0,Butter Chicken,82,320,26240
2023-07-18,Tuesday,7,2023,0,0,Dal Makhani,47,220,10340
2023-07-18,Tuesday,7,2023,0,0,Gulab Jamun,38,80,3040
2023-07-18,Tuesday,7,2023,0,0,Mango Lassi,35,90,3150
2023-07-18,Tuesday,7,2023,0,0,Masala Dosa,69,120,8280
2023-07-18,Tuesday,7,2023,0,0,Naan,115,60,6900
2023-07-18,Tuesday,7,2023,0,0,Paneer Tikka,64,280,17920
2023-07-19,Wednesday,7,2023,0,0,Biryani,77,350,26950
2023-07-19,Wednesday,7,2023,0,0,Butter Chicken,82,320,26240
2023-07-19,Wednesday,7,2023,0,0,Dal Makhani,43,220,9460
2023-07-19,Wednesday,7,2023,0,0,Gulab Jamun,44,80,3520
2023-07-19,Wednesday,7,2023,0,0,Mango Lassi,49,90,4410
2023-07-19,Wednesday,7,2023,0,0,Masala Dosa,86,120,10320
2023-07-19,Wednesday,7,2023,0,0,Naan,137,60,8220
2023-07-19,Wednesday,7,2023,0,0,Paneer Tikka,65,280,18200
2023-07-20,Thursday,7,2023,0,0,Biryani,100,350,35000
2023-07-20,Thursday,7,2023,0,0,Butter Chicken,77,320,24640
2023-07-20,Thursday,7,2023,0,0,Dal Makhani,44,220,9680
2023-07-20,Thursday,7,2023,0,0,Gulab Jamun,45,80,3600
2023-07-20,Thursday,7,2023,0,0,Mango Lassi,64,90,5760
2023-07-20,Thursday,7,2023,0,0,Masala Dosa,61,120,7320
2023-07-20,Thursday,7,2023,0,0,Naan,120,60,7200
2023-07-20,Thursday,7,2023,0,0,Paneer Tikka,68,280,19040
2023-07-21,Friday,7,2023,0,0,Biryani,141,350,49350
2023-07-21,Friday,7,2023,0,0,Butter Chicken,110,320,35200
2023-07-21,Friday,7,2023,0,0,Dal Makhani,54,220,11880
2023-07-21,Friday,7,2023,0,0,Gulab Jamun,58,80,4640
2023-07-21,Friday,7,2023,0,0,Mango Lassi,101,90,9090
2023-07-21,Friday,7,2023,0,0,Masala Dosa,92,120,11040
2023-07-21,Friday,7,2023,0,0,Naan,191,60,11460
2023-07-21,Friday,7,2023,0,0,Paneer Tikka,77,280,21560
2023-07-22,Saturday,7,2023,1,0,Biryani,138,350,48300
2023-07-22,Saturday,7,2023,1,0,Butter Chicken,110,320,35200
2023-07-22,Saturday,7,2023,1,0,Dal Makhani,75,220,16500
2023-07-22,Saturday,7,2023,1,0,Gulab Jamun,66,80,5280
2023-07-22,Saturday,7,2023,1,0,Mango Lassi,67,90,6030
2023-07-22,Saturday,7,2023,1,0,Masala Dosa,77,120,9240
2023-07-22,Saturday,7,2023,1,0,Naan,175,60,10500
2023-07-22,Saturday,7,2023,1,0,Paneer Tikka,72,280,20160
2023-07-23,Sunday,7,2023,1,0,Biryani,138,350,48300
2023-07-23,Sunday,7,2023,1,0,Butter Chicken,130,320,41600
2023-07-23,Sunday,7,2023,1,0,Dal Makhani,76,220,16720
2023-07-23,Sunday,7,2023,1,0,Gulab Jamun,63,80,5040
2023-07-23,Sunday,7,2023,1,0,Mango Lassi,65,90,5850
2023-07-23,Sunday,7,2023,1,0,Masala Dosa,102,120,12240
2023-07-23,Sunday,7,2023,1,0,Naan,174,60,10440
2023-07-23,Sunday,7,2023,1,0,Paneer Tikka,90,280,25200
2023-07-24,Monday,7,2023,0,0,Biryani,83,350,29050
2023-07-24,Monday,7,2023,0,0,Butter Chicken,58,320,18560
2023-07-24,Monday,7,2023,0,0,Dal Makhani,37,220,8140
2023-07-24,Monday,7,2023,0,0,Gulab Jamun,44,80,3520
2023-07-24,Monday,7,2023,0,0,Mango Lassi,37,90,3330
2023-07-24,Monday,7,2023,0,0,Masala Dosa,57,120,6840
2023-07-24,Monday,7,2023,0,0,Naan,90,60,5400
2023-07-24,Monday,7,2023,0,0,Paneer Tikka,53,280,14840
2023-07-25,Tuesday,7,2023,0,0,Biryani,107,350,37450
2023-07-25,Tuesday,7,2023,0,0,Butter Chicken,79,320,25280
2023-07-25,Tuesday,7,2023,0,0,Dal Makhani,51,220,11220
2023-07-25,Tuesday,7,2023,0,0,Gulab Jamun,43,80,3440
2023-07-25,Tuesday,7,2023,0,0,Mango Lassi,60,90,5400
2023-07-25,Tuesday,7,2023,0,0,Masala Dosa,72,120,8640
2023-07-25,Tuesday,7,2023,0,0,Naan,111,60,6660
2023-07-25,Tuesday,7,2023,0,0,Paneer Tikka,69,280,19320
2023-07-26,Wednesday,7,2023,0,0,Biryani,115,350,40250
2023-07-26,Wednesday,7,2023,0,0,Butter Chicken,90,320,28800
2023-07-26,Wednesday,7,2023,0,0,Dal Makhani,51,220,11220
2023-07-26,Wednesday,7,2023,0,0,Gulab Jamun,46,80,3680
2023-07-26,Wednesday,7,2023,0,0,Mango Lassi,52,90,4680
2023-07-26,Wednesday,7,2023,0,0,Masala Dosa,66,120,7920
2023-07-26,Wednesday,7,2023,0,0,Naan,131,60,7860
2023-07-26,Wednesday,7,2023,0,0,Paneer Tikka,77,280,21560
2023-07-27,Thursday,7,2023,0,0,Biryani,95,350,33250
2023-07-27,Thursday,7,2023,0,0,Butter Chicken,80,320,25600
2023-07-27,Thursday,7,2023,0,0,Dal Makhani,56,220,12320
2023-07-27,Thursday,7,2023,0,0,Gulab Jamun,33,80,2640
2023-07-27,Thursday,7,2023,0,0,Mango Lassi,50,90,4500
2023-07-27,Thursday,7,2023,0,0,Masala Dosa,68,120,8160
2023-07-27,Thursday,7,2023,0,0,Naan,148,60,8880
2023-07-27,Thursday,7,2023,0,0,Paneer Tikka,68,280,19040
2023-07-28,Friday,7,2023,0,0,Biryani,128,350,44800
2023-07-28,Friday,7,2023,0,0,Butter Chicken,123,320,39360
2023-07-28,Friday,7,2023,0,0,Dal Makhani,62,220,13640
2023-07-28,Friday,7,2023,0,0,Gulab Jamun,58,80,4640
2023-07-28,Friday,7,2023,0,0,Mango Lassi,69,90,6210
2023-07-28,Friday,7,2023,0,0,Masala Dosa,99,120,11880
2023-07-28,Friday,7,2023,0,0,Naan,190,60,11400
2023-07-28,Friday,7,2023,0,0,Paneer Tikka,79,280,22120
2023-07-29,Saturday,7,2023,1,0,Biryani,174,350,60900
2023-07-29,Saturday,7,2023,1,0,Butter Chicken,101,320,32320
2023-07-29,Saturday,7,2023,1,0,Dal Makhani,63,220,13860
2023-07-29,Saturday,7,2023,1,0,Gulab Jamun,67,80,5360
2023-07-29,Saturday,7,2023,1,0,Mango Lassi,69,90,6210
2023-07-29,Saturday,7,2023,1,0,Masala Dosa,110,120,13200
2023-07-29,Saturday,7,2023,1,0,Naan,198,60,11880
2023-07-29,Saturday,7,2023,1,0,Paneer Tikka,70,280,19600
2023-07-30,Sunday,7,2023,1,0,Biryani,130,350,45500
2023-07-30,Sunday,7,2023,1,0,Butter Chicken,111,320,35520
2023-07-30,Sunday,7,2023,1,0,Dal Makhani,69,220,15180
2023-07-30,Sunday,7,2023,1,0,Gulab Jamun,56,80,4480
2023-07-30,Sunday,7,2023,1,0,Mango Lassi,74,90,6660
2023-07-30,Sunday,7,2023,1,0,Masala Dosa,106,120,12720
2023-07-30,Sunday,7,2023,1,0,Naan,148,60,8880
2023-07-30,Sunday,7,2023,1,0,Paneer Tikka,79,280,22120
2023-07-31,Monday,7,2023,0,0,Biryani,92,350,32200
2023-07-31,Monday,7,2023,0,0,Butter Chicken,65,320,20800
2023-07-31,Monday,7,2023,0,0,Dal Makhani,37,220,8140
2023-07-31,Monday,7,2023,0,0,Gulab Jamun,36,80,2880
2023-07-31,Monday,7,2023,0,0,Mango Lassi,53,90,4770
2023-07-31,Monday,7,2023,0,0,Masala Dosa,46,120,5520
2023-07-31,Monday,7,2023,0,0,Naan,113,60,6780
2023-07-31,Monday,7,2023,0,0,Paneer Tikka,45,280,12600
2023-08-01,Tuesday,8,2023,0,0,Biryani,117,350,40950
2023-08-01,Tuesday,8,2023,0,0,Butter Chicken,70,320,22400
2023-08-01,Tuesday,8,2023,0,0,Dal Makhani,51,220,11220
2023-08-01,Tuesday,8,2023,0,0,Gulab Jamun,48,80,3840
2023-08-01,Tuesday,8,2023,0,0,Mango Lassi,62,90,5580
2023-08-01,Tuesday,8,2023,0,0,Masala Dosa,74,120,8880
2023-08-01,Tuesday,8,2023,0,0,Naan,135,60,8100
2023-08-01,Tuesday,8,2023,0,0,Paneer Tikka,55,280,15400
2023-08-02,Wednesday,8,2023,0,0,Biryani,119,350,41650
2023-08-02,Wednesday,8,2023,0,0,Butter Chicken,84,320,26880
2023-08-02,Wednesday,8,2023,0,0,Dal Makhani,61,220,13420
2023-08-02,Wednesday,8,2023,0,0,Gulab Jamun,51,80,4080
2023-08-02,Wednesday,8,2023,0,0,Mango Lassi,54,90,4860
2023-08-02,Wednesday,8,2023,0,0,Masala Dosa,62,120,7440
2023-08-02,Wednesday,8,2023,0,0,Naan,128,60,7680
2023-08-02,Wednesday,8,2023,0,0,Paneer Tikka,58,280,16240
2023-08-03,Thursday,8,2023,0,0,Biryani,103,350,36050
2023-08-03,Thursday,8,2023,0,0,Butter Chicken,59,320,18880
2023-08-03,Thursday,8,2023,0,0,Dal Makhani,49,220,10780
2023-08-03,Thursday,8,2023,0,0,Gulab Jamun,48,80,3840
2023-08-03,Thursday,8,2023,0,0,Mango Lassi,52,90,4680
2023-08-03,Thursday,8,2023,0,0,Masala Dosa,71,120,8520
2023-08-03,Thursday,8,2023,0,0,Naan,135,60,8100
2023-08-03,Thursday,8,2023,0,0,Paneer Tikka,66,280,18480
2023-08-04,Friday,8,2023,0,0,Biryani,162,350,56700
2023-08-04,Friday,8,2023,0,0,Butter Chicken,115,320,36800
2023-08-04,Friday,8,2023,0,0,Dal Makhani,72,220,15840
2023-08-04,Friday,8,2023,0,0,Gulab Jamun,57,80,4560
2023-08-04,Friday,8,2023,0,0,Mango Lassi,81,90,7290
2023-08-04,Friday,8,2023,0,0,Masala Dosa,107,120,12840
2023-08-04,Friday,8,2023,0,0,Naan,156,60,9360
2023-08-04,Friday,8,2023,0,0,Paneer Tikka,78,280,21840
2023-08-05,Saturday,8,2023,1,0,Biryani,144,350,50400
2023-08-05,Saturday,8,2023,1,0,Butter Chicken,113,320,36160
2023-08-05,Saturday,8,2023,1,0,Dal Makhani,64,220,14080
2023-08-05,Saturday,8,2023,1,0,Gulab Jamun,66,80,5280
2023-08-05,Saturday,8,2023,1,0,Mango Lassi,60,90,5400
2023-08-05,Saturday,8,2023,1,0,Masala Dosa,91,120,10920
2023-08-05,Saturday,8,2023,1,0,Naan,175,60,10500
2023-08-05,Saturday,8,2023,1,0,Paneer Tikka,99,280,27720
2023-08-06,Sunday,8,2023,1,0,Biryani,165,350,57750
2023-08-06,Sunday,8,2023,1,0,Butter Chicken,94,320,30080
2023-08-06,Sunday,8,2023,1,0,Dal Makhani,81,220,17820
2023-08-06,Sunday,8,2023,1,0,Gulab Jamun,61,80,4880
2023-08-06,Sunday,8,2023,1,0,Mango Lassi,84,90,7560
2023-08-06,Sunday,8,2023,1,0,Masala Dosa,92,120,11040
2023-08-06,Sunday,8,2023,1,0,Naan,173,60,10380
2023-08-06,Sunday,8,2023,1,0,Paneer Tikka,70,280,19600
2023-08-07,Monday,8,2023,0,0,Biryani,98,350,34300
2023-08-07,Monday,8,2023,0,0,Butter Chicken,57,320,18240
2023-08-07,Monday,8,2023,0,0,Dal Makhani,42,220,9240
2023-08-07,Monday,8,2023,0,0,Gulab Jamun,24,80,1920
2023-08-07,Monday,8,2023,0,0,Mango Lassi,47,90,4230
2023-08-07,Monday,8,2023,0,0,Masala Dosa,62,120,7440
2023-08-07,Monday,8,2023,0,0,Naan,106,60,6360
2023-08-07,Monday,8,2023,0,0,Paneer Tikka,49,280,13720
2023-08-08,Tuesday,8,2023,0,0,Biryani,117,350,40950
2023-08-08,Tuesday,8,2023,0,0,Butter Chicken,73,320,23360
2023-08-08,Tuesday,8,2023,0,0,Dal Makhani,58,220,12760
2023-08-08,Tuesday,8,2023,0,0,Gulab Jamun,53,80,4240
2023-08-08,Tuesday,8,2023,0,0,Mango Lassi,63,90,5670
2023-08-08,Tuesday,8,2023,0,0,Masala Dosa,78,120,9360
2023-08-08,Tuesday,8,2023,0,0,Naan,128,60,7680
2023-08-08,Tuesday,8,2023,0,0,Paneer Tikka,46,280,12880
2023-08-09,Wednesday,8,2023,0,0,Biryani,111,350,38850
2023-08-09,Wednesday,8,2023,0,0,Butter Chicken,96,320,30720
2023-08-09,Wednesday,8,2023,0,0,Dal Makhani,40,220,8800
2023-08-09,Wednesday,8,2023,0,0,Gulab Jamun,56,80,4480
2023-08-09,Wednesday,8,2023,0,0,Mango Lassi,54,90,4860
2023-08-09,Wednesday,8,2023,0,0,Masala Dosa,63,120,7560
2023-08-09,Wednesday,8,2023,0,0,Naan,126,60,7560
2023-08-09,Wednesday,8,2023,0,0,Paneer Tikka,65,280,18200
2023-08-10,Thursday,8,2023,0,0,Biryani,110,350,38500
2023-08-10,Thursday,8,2023,0,0,Butter Chicken,81,320,25920
2023-08-10,Thursday,8,2023,0,0,Dal Makhani,60,220,13200
2023-08-10,Thursday,8,2023,0,0,Gulab Jamun,41,80,3280
2023-08-10,Thursday,8,2023,0,0,Mango Lassi,46,90,4140
2023-08-10,Thursday,8,2023,0,0,Masala Dosa,71,120,8520
2023-08-10,Thursday,8,2023,0,0,Naan,120,60,7200
2023-08-10,Thursday,8,2023,0,0,Paneer Tikka,64,280,17920
2023-08-11,Friday,8,2023,0,0,Biryani,141,350,49350
2023-08-11,Friday,8,2023,0,0,Butter Chicken,100,320,32000
2023-08-11,Friday,8,2023,0,0,Dal Makhani,62,220,13640
2023-08-11,Friday,8,2023,0,0,Gulab Jamun,49,80,3920
2023-08-11,Friday,8,2023,0,0,Mango Lassi,81,90,7290
2023-08-11,Friday,8,2023,0,0,Masala Dosa,93,120,11160
2023-08-11,Friday,8,2023,0,0,Naan,146,60,8760
2023-08-11,Friday,8,2023,0,0,Paneer Tikka,80,280,22400
2023-08-12,Saturday,8,2023,1,0,Biryani,143,350,50050
2023-08-12,Saturday,8,2023,1,0,Butter Chicken,109,320,34880
2023-08-12,Saturday,8,2023,1,0,Dal Makhani,61,220,13420
2023-08-12,Saturday,8,2023,1,0,Gulab Jamun,47,80,3760
2023-08-12,Saturday,8,2023,1,0,Mango Lassi,75,90,6750
2023-08-12,Saturday,8,2023,1,0,Masala Dosa,110,120,13200
2023-08-12,Saturday,8,2023,1,0,Naan,182,60,10920
2023-08-12,Saturday,8,2023,1,0,Paneer Tikka,67,280,18760
2023-08-13,Sunday,8,2023,1,0,Biryani,152,350,53200
2023-08-13,Sunday,8,2023,1,0,Butter Chicken,106,320,33920
2023-08-13,Sunday,8,2023,1,0,Dal Makhani,61,220,13420
2023-08-13,Sunday,8,2023,1,0,Gulab Jamun,68,80,5440
2023-08-13,Sunday,8,2023,1,0,Mango Lassi,74,90,6660
2023-08-13,Sunday,8,2023,1,0,Masala Dosa,85,120,10200
2023-08-13,Sunday,8,2023,1,0,Naan,169,60,10140
2023-08-13,Sunday,8,2023,1,0,Paneer Tikka,87,280,24360
2023-08-14,Monday,8,2023,0,0,Biryani,80,350,28000
2023-08-14,Monday,8,2023,0,0,Butter Chicken,78,320,24960
2023-08-14,Monday,8,2023,0,0,Dal Makhani,32,220,7040
2023-08-14,Monday,8,2023,0,0,Gulab Jamun,37,80,2960
2023-08-14,Monday,8,2023,0,0,Mango Lassi,46,90,4140
2023-08-14,Monday,8,2023,0,0,Masala Dosa,45,120,5400
2023-08-14,Monday,8,2023,0,0,Naan,81,60,4860
2023-08-14,Monday,8,2023,0,0,Paneer Tikka,47,280,13160
2023-08-15,Tuesday,8,2023,0,1,Biryani,161,350,56350
2023-08-15,Tuesday,8,2023,0,1,Butter Chicken,100,320,32000
2023-08-15,Tuesday,8,2023,0,1,Dal Makhani,79,220,17380
2023-08-15,Tuesday,8,2023,0,1,Gulab Jamun,67,80,5360
2023-08-15,Tuesday,8,2023,0,1,Mango Lassi,76,90,6840
2023-08-15,Tuesday,8,2023,0,1,Masala Dosa,120,120,14400
2023-08-15,Tuesday,8,2023,0,1,Naan,241,60,14460
2023-08-15,Tuesday,8,2023,0,1,Paneer Tikka,103,280,28840
2023-08-16,Wednesday,8,2023,0,0,Biryani,107,350,37450
2023-08-16,Wednesday,8,2023,0,0,Butter Chicken,59,320,18880
2023-08-16,Wednesday,8,2023,0,0,Dal Makhani,44,220,9680
2023-08-16,Wednesday,8,2023,0,0,Gulab Jamun,43,80,3440
2023-08-16,Wednesday,8,2023,0,0,Mango Lassi,50,90,4500
2023-08-16,Wednesday,8,2023,0,0,Masala Dosa,70,120,8400
2023-08-16,Wednesday,8,2023,0,0,Naan,128,60,7680
2023-08-16,Wednesday,8,2023,0,0,Paneer Tikka,54,280,15120
2023-08-17,Thursday,8,2023,0,0,Biryani,95,350,33250
2023-08-17,Thursday,8,2023,0,0,Butter Chicken,81,320,25920
2023-08-17,Thursday,8,2023,0,0,Dal Makhani,58,220,12760
2023-08-17,Thursday,8,2023,0,0,Gulab Jamun,48,80,3840
2023-08-17,Thursday,8,2023,0,0,Mango Lassi,56,90,5040
2023-08-17,Thursday,8,2023,0,0,Masala Dosa,70,120,8400
2023-08-17,Thursday,8,2023,0,0,Naan,128,60,7680
2023-08-17,Thursday,8,2023,0,0,Paneer Tikka,63,280,17640
2023-08-18,Friday,8,2023,0,0,Biryani,138,350,48300
2023-08-18,Friday,8,2023,0,0,Butter Chicken,120,320,38400
2023-08-18,Friday,8,2023,0,0,Dal Makhani,70,220,15400
2023-08-18,Friday,8,2023,0,0,Gulab Jamun,60,80,4800
2023-08-18,Friday,8,2023,0,0,Mango Lassi,72,90,6480
2023-08-18,Friday,8,2023,0,0,Masala Dosa,96,120,11520
2023-08-18,Friday,8,2023,0,0,Naan,151,60,9060
2023-08-18,Friday,8,2023,0,0,Paneer Tikka,84,280,23520
2023-08-19,Saturday,8,2023,1,0,Biryani,139,350,48650
2023-08-19,Saturday,8,2023,1,0,Butter Chicken,106,320,33920
2023-08-19,Saturday,8,2023,1,0,Dal Makhani,68,220,14960
2023-08-19,Saturday,8,2023,1,0,Gulab Jamun,70,80,5600
2023-08-19,Saturday,8,2023,1,0,Mango Lassi,66,90,5940
2023-08-19,Saturday,8,2023,1,0,Masala Dosa,83,120,9960
2023-08-19,Saturday,8,2023,1,0,Naan,179,60,10740
2023-08-19,Saturday,8,2023,1,0,Paneer Tikka,62,280,17360
2023-08-20,Sunday,8,2023,1,0,Biryani,137,350,47950
2023-08-20,Sunday,8,2023,1,0,Butter Chicken,120,320,38400
2023-08-20,Sunday,8,2023,1,0,Dal Makhani,82,220,18040
2023-08-20,Sunday,8,2023,1,0,Gulab Jamun,68,80,5440
2023-08-20,Sunday,8,2023,1,0,Mango Lassi,68,90,6120
2023-08-20,Sunday,8,2023,1,0,Masala Dosa,105,120,12600
2023-08-20,Sunday,8,2023,1,0,Naan,150,60,9000
2023-08-20,Sunday,8,2023,1,0,Paneer Tikka,85,280,23800
2023-08-21,Monday,8,2023,0,0,Biryani,91,350,31850
2023-08-21,Monday,8,2023,0,0,Butter Chicken,74,320,23680
2023-08-21,Monday,8,2023,0,0,Dal Makhani,41,220,9020
2023-08-21,Monday,8,2023,0,0,Gulab Jamun,39,80,3120
2023-08-21,Monday,8,2023,0,0,Mango Lassi,34,90,3060
2023-08-21,Monday,8,2023,0,0,Masala Dosa,61,120,7320
2023-08-21,Monday,8,2023,0,0,Naan,102,60,6120
2023-08-21,Monday,8,2023,0,0,Paneer Tikka,46,280,12880
2023-08-22,Tuesday,8,2023,0,0,Biryani,124,350,43400
2023-08-22,Tuesday,8,2023,0,0,Butter Chicken,92,320,29440
2023-08-22,Tuesday,8,2023,0,0,Dal Makhani,56,220,12320
2023-08-22,Tuesday,8,2023,0,0,Gulab Jamun,39,80,3120
2023-08-22,Tuesday,8,2023,0,0,Mango Lassi,53,90,4770
2023-08-22,Tuesday,8,2023,0,0,Masala Dosa,66,120,7920
2023-08-22,Tuesday,8,2023,0,0,Naan,113,60,6780
2023-08-22,Tuesday,8,2023,0,0,Paneer Tikka,48,280,13440
2023-08-23,Wednesday,8,2023,0,0,Biryani,127,350,44450
2023-08-23,Wednesday,8,2023,0,0,Butter Chicken,77,320,24640
2023-08-23,Wednesday,8,2023,0,0,Dal Makhani,58,220,12760
2023-08-23,Wednesday,8,2023,0,0,Gulab Jamun,36,80,2880
2023-08-23,Wednesday,8,2023,0,0,Mango Lassi,49,90,4410
2023-08-23,Wednesday,8,2023,0,0,Masala Dosa,68,120,8160
2023-08-23,Wednesday,8,2023,0,0,Naan,121,60,7260
2023-08-23,Wednesday,8,2023,0,0,Paneer Tikka,65,280,18200
2023-08-24,Thursday,8,2023,0,0,Biryani,94,350,32900
2023-08-24,Thursday,8,2023,0,0,Butter Chicken,89,320,28480
2023-08-24,Thursday,8,2023,0,0,Dal Makhani,46,220,10120
2023-08-24,Thursday,8,2023,0,0,Gulab Jamun,40,80,3200
2023-08-24,Thursday,8,2023,0,0,Mango Lassi,57,90,5130
2023-08-24,Thursday,8,2023,0,0,Masala Dosa,72,120,8640
2023-08-24,Thursday,8,2023,0,0,Naan,130,60,7800
2023-08-24,Thursday,8,2023,0,0,Paneer Tikka,71,280,19880
2023-08-25,Friday,8,2023,0,0,Biryani,158,350,55300
2023-08-25,Friday,8,2023,0,0,Butter Chicken,102,320,32640
2023-08-25,Friday,8,2023,0,0,Dal Makhani,67,220,14740
2023-08-25,Friday,8,2023,0,0,Gulab Jamun,60,80,4800
2023-08-25,Friday,8,2023,0,0,Mango Lassi,71,90,6390
2023-08-25,Friday,8,2023,0,0,Masala Dosa,93,120,11160
2023-08-25,Friday,8,2023,0,0,Naan,166,60,9960
2023-08-25,Friday,8,2023,0,0,Paneer Tikka,81,280,22680
2023-08-26,Saturday,8,2023,1,0,Biryani,159,350,55650
2023-08-26,Saturday,8,2023,1,0,Butter Chicken,104,320,33280
2023-08-26,Saturday,8,2023,1,0,Dal Makhani,65,220,14300
2023-08-26,Saturday,8,2023,1,0,Gulab Jamun,69,80,5520
2023-08-26,Saturday,8,2023,1,0,Mango Lassi,77,90,6930
2023-08-26,Saturday,8,2023,1,0,Masala Dosa,91,120,10920
2023-08-26,Saturday,8,2023,1,0,Naan,190,60,11400
2023-08-26,Saturday,8,2023,1,0,Paneer Tikka,96,280,26880
2023-08-27,Sunday,8,2023,1,0,Biryani,120,350,42000
2023-08-27,Sunday,8,2023,1,0,Butter Chicken,106,320,33920
2023-08-27,Sunday,8,2023,1,0,Dal Makhani,58,220,12760
2023-08-27,Sunday,8,2023,1,0,Gulab Jamun,73,80,5840
2023-08-27,Sunday,8,2023,1,0,Mango Lassi,94,90,8460
2023-08-27,Sunday,8,2023,1,0,Masala Dosa,96,120,11520
2023-08-27,Sunday,8,2023,1,0,Naan,150,60,9000
2023-08-27,Sunday,8,2023,1,0,Paneer Tikka,85,280,23800
2023-08-28,Monday,8,2023,0,0,Biryani,69,350,24150
2023-08-28,Monday,8,2023,0,0,Butter Chicken,69,320,22080
2023-08-28,Monday,8,2023,0,0,Dal Makhani,37,220,8140
2023-08-28,Monday,8,2023,0,0,Gulab Jamun,35,80,2800
2023-08-28,Monday,8,2023,0,0,Mango Lassi,41,90,3690
2023-08-28,Monday,8,2023,0,0,Masala Dosa,51,120,6120
2023-08-28,Monday,8,2023,0,0,Naan,94,60,5640
2023-08-28,Monday,8,2023,0,0,Paneer Tikka,51,280,14280
2023-08-29,Tuesday,8,2023,0,0,Biryani,96,350,33600
2023-08-29,Tuesday,8,2023,0,0,Butter Chicken,61,320,19520
2023-08-29,Tuesday,8,2023,0,0,Dal Makhani,51,220,11220
2023-08-29,Tuesday,8,2023,0,0,Gulab Jamun,31,80,2480
2023-08-29,Tuesday,8,2023,0,0,Mango Lassi,53,90,4770
2023-08-29,Tuesday,8,2023,0,0,Masala Dosa,62,120,7440
2023-08-29,Tuesday,8,2023,0,0,Naan,162,60,9720
2023-08-29,Tuesday,8,2023,0,0,Paneer Tikka,65,280,18200
2023-08-30,Wednesday,8,2023,0,0,Biryani,94,350,32900
2023-08-30,Wednesday,8,2023,0,0,Butter Chicken,90,320,28800
2023-08-30,Wednesday,8,2023,0,0,Dal Makhani,53,220,11660
2023-08-30,Wednesday,8,2023,0,0,Gulab Jamun,59,80,4720
2023-08-30,Wednesday,8,2023,0,0,Mango Lassi,45,90,4050
2023-08-30,Wednesday,8,2023,0,0,Masala Dosa,69,120,8280
2023-08-30,Wednesday,8,2023,0,0,Naan,123,60,7380
2023-08-30,Wednesday,8,2023,0,0,Paneer Tikka,74,280,20720
2023-08-31,Thursday,8,2023,0,0,Biryani,124,350,43400
2023-08-31,Thursday,8,2023,0,0,Butter Chicken,82,320,26240
2023-08-31,Thursday,8,2023,0,0,Dal Makhani,50,220,11000
2023-08-31,Thursday,8,2023,0,0,Gulab Jamun,46,80,3680
2023-08-31,Thursday,8,2023,0,0,Mango Lassi,52,90,4680
2023-08-31,Thursday,8,2023,0,0,Masala Dosa,66,120,7920
2023-08-31,Thursday,8,2023,0,0,Naan,135,60,8100
2023-08-31,Thursday,8,2023,0,0,Paneer Tikka,63,280,17640
2023-09-01,Friday,9,2023,0,0,Biryani,180,350,63000
2023-09-01,Friday,9,2023,0,0,Butter Chicken,134,320,42880
2023-09-01,Friday,9,2023,0,0,Dal Makhani,78,220,17160
2023-09-01,Friday,9,2023,0,0,Gulab Jamun,55,80,4400
2023-09-01,Friday,9,2023,0,0,Mango Lassi,99,90,8910
2023-09-01,Friday,9,2023,0,0,Masala Dosa,108,120,12960
2023-09-01,Friday,9,2023,0,0,Naan,231,60,13860
2023-09-01,Friday,9,2023,0,0,Paneer Tikka,89,280,24920
2023-09-02,Saturday,9,2023,1,0,Biryani,159,350,55650
2023-09-02,Saturday,9,2023,1,0,Butter Chicken,111,320,35520
2023-09-02,Saturday,9,2023,1,0,Dal Makhani,91,220,20020
2023-09-02,Saturday,9,2023,1,0,Gulab Jamun,79,80,6320
2023-09-02,Saturday,9,2023,1,0,Mango Lassi,88,90,7920
2023-09-02,Saturday,9,2023,1,0,Masala Dosa,150,120,18000
2023-09-02,Saturday,9,2023,1,0,Naan,151,60,9060
2023-09-02,Saturday,9,2023,1,0,Paneer Tikka,86,280,24080
2023-09-03,Sunday,9,2023,1,0,Biryani,183,350,64050
2023-09-03,Sunday,9,2023,1,0,Butter Chicken,124,320,39680
2023-09-03,Sunday,9,2023,1,0,Dal Makhani,84,220,18480
2023-09-03,Sunday,9,2023,1,0,Gulab Jamun,68,80,5440
2023-09-03,Sunday,9,2023,1,0,Mango Lassi,84,90,7560
2023-09-03,Sunday,9,2023,1,0,Masala Dosa,110,120,13200
2023-09-03,Sunday,9,2023,1,0,Naan,217,60,13020
2023-09-03,Sunday,9,2023,1,0,Paneer Tikka,97,280,27160
2023-09-04,Monday,9,2023,0,0,Biryani,109,350,38150
2023-09-04,Monday,9,2023,0,0,Butter Chicken,72,320,23040
2023-09-04,Monday,9,2023,0,0,Dal Makhani,30,220,6600
2023-09-04,Monday,9,2023,0,0,Gulab Jamun,41,80,3280
2023-09-04,Monday,9,2023,0,0,Mango Lassi,48,90,4320
2023-09-04,Monday,9,2023,0,0,Masala Dosa,66,120,7920
2023-09-04,Monday,9,2023,0,0,Naan,130,60,7800
2023-09-04,Monday,9,2023,0,0,Paneer Tikka,63,280,17640
2023-09-05,Tuesday,9,2023,0,0,Biryani,115,350,40250
2023-09-05,Tuesday,9,2023,0,0,Butter Chicken,105,320,33600
2023-09-05,Tuesday,9,2023,0,0,Dal Makhani,60,220,13200
2023-09-05,Tuesday,9,2023,0,0,Gulab Jamun,48,80,3840
2023-09-05,Tuesday,9,2023,0,0,Mango Lassi,70,90,6300
2023-09-05,Tuesday,9,2023,0,0,Masala Dosa,67,120,8040
2023-09-05,Tuesday,9,2023,0,0,Naan,133,60,7980
2023-09-05,Tuesday,9,2023,0,0,Paneer Tikka,77,280,21560
2023-09-06,Wednesday,9,2023,0,0,Biryani,138,350,48300
2023-09-06,Wednesday,9,2023,0,0,Butter Chicken,103,320,32960
2023-09-06,Wednesday,9,2023,0,0,Dal Makhani,61,220,13420
2023-09-06,Wednesday,9,2023,0,0,Gulab Jamun,57,80,4560
2023-09-06,Wednesday,9,2023,0,0,Mango Lassi,69,90,6210
2023-09-06,Wednesday,9,2023,0,0,Masala Dosa,85,120,10200
2023-09-06,Wednesday,9,2023,0,0,Naan,139,60,8340
2023-09-06,Wednesday,9,2023,0,0,Paneer Tikka,73,280,20440
2023-09-07,Thursday,9,2023,0,0,Biryani,132,350,46200
2023-09-07,Thursday,9,2023,0,0,Butter Chicken,106,320,33920
2023-09-07,Thursday,9,2023,0,0,Dal Makhani,65,220,14300
2023-09-07,Thursday,9,2023,0,0,Gulab Jamun,51,80,4080
2023-09-07,Thursday,9,2023,0,0,Mango Lassi,58,90,5220
2023-09-07,Thursday,9,2023,0,0,Masala Dosa,72,120,8640
2023-09-07,Thursday,9,2023,0,0,Naan,150,60,9000
2023-09-07,Thursday,9,2023,0,0,Paneer Tikka,75,280,21000
2023-09-08,Friday,9,2023,0,0,Biryani,155,350,54250
2023-09-08,Friday,9,2023,0,0,Butter Chicken,115,320,36800
2023-09-08,Friday,9,2023,0,0,Dal Makhani,75,220,16500
2023-09-08,Friday,9,2023,0,0,Gulab Jamun,70,80,5600
2023-09-08,Friday,9,2023,0,0,Mango Lassi,77,90,6930
2023-09-08,Friday,9,2023,0,0,Masala Dosa,112,120,13440
2023-09-08,Friday,9,2023,0,0,Naan,157,60,9420
2023-09-08,Friday,9,2023,0,0,Paneer Tikka,92,280,25760
2023-09-09,Saturday,9,2023,1,0,Biryani,139,350,48650
2023-09-09,Saturday,9,2023,1,0,Butter Chicken,135,320,43200
2023-09-09,Saturday,9,2023,1,0,Dal Makhani,71,220,15620
2023-09-09,Saturday,9,2023,1,0,Gulab Jamun,77,80,6160
2023-09-09,Saturday,9,2023,1,0,Mango Lassi,84,90,7560
2023-09-09,Saturday,9,2023,1,0,Masala Dosa,97,120,11640
2023-09-09,Saturday,9,2023,1,0,Naan,184,60,11040
2023-09-09,Saturday,9,2023,1,0,Paneer Tikka,104,280,29120
2023-09-10,Sunday,9,2023,1,0,Biryani,185,350,64750
2023-09-10,Sunday,9,2023,1,0,Butter Chicken,121,320,38720
2023-09-10,Sunday,9,2023,1,0,Dal Makhani,66,220,14520
2023-09-10,Sunday,9,2023,1,0,Gulab Jamun,81,80,6480
2023-09-10,Sunday,9,2023,1,0,Mango Lassi,72,90,6480
2023-09-10,Sunday,9,2023,1,0,Masala Dosa,113,120,13560
2023-09-10,Sunday,9,2023,1,0,Naan,205,60,12300
2023-09-10,Sunday,9,2023,1,0,Paneer Tikka,71,280,19880
2023-09-11,Monday,9,2023,0,0,Biryani,124,350,43400
2023-09-11,Monday,9,2023,0,0,Butter Chicken,47,320,15040
2023-09-11,Monday,9,2023,0,0,Dal Makhani,53,220,11660
2023-09-11,Monday,9,2023,0,0,Gulab Jamun,45,80,3600
2023-09-11,Monday,9,2023,0,0,Mango Lassi,45,90,4050
2023-09-11,Monday,9,2023,0,0,Masala Dosa,61,120,7320
2023-09-11,Monday,9,2023,0,0,Naan,123,60,7380
2023-09-11,Monday,9,2023,0,0,Paneer Tikka,56,280,15680
2023-09-12,Tuesday,9,2023,0,0,Biryani,143,350,50050
2023-09-12,Tuesday,9,2023,0,0,Butter Chicken,98,320,31360
2023-09-12,Tuesday,9,2023,0,0,Dal Makhani,77,220,16940
2023-09-12,Tuesday,9,2023,0,0,Gulab Jamun,52,80,4160
2023-09-12,Tuesday,9,2023,0,0,Mango Lassi,50,90,4500
2023-09-12,Tuesday,9,2023,0,0,Masala Dosa,76,120,9120
2023-09-12,Tuesday,9,2023,0,0,Naan,157,60,9420
2023-09-12,Tuesday,9,2023,0,0,Paneer Tikka,73,280,20440
2023-09-13,Wednesday,9,2023,0,0,Biryani,119,350,41650
2023-09-13,Wednesday,9,2023,0,0,Butter Chicken,85,320,27200
2023-09-13,Wednesday,9,2023,0,0,Dal Makhani,59,220,12980
2023-09-13,Wednesday,9,2023,0,0,Gulab Jamun,52,80,4160
2023-09-13,Wednesday,9,2023,0,0,Mango Lassi,63,90,5670
2023-09-13,Wednesday,9,2023,0,0,Masala Dosa,92,120,11040
2023-09-13,Wednesday,9,2023,0,0,Naan,135,60,8100
2023-09-13,Wednesday,9,2023,0,0,Paneer Tikka,66,280,18480
2023-09-14,Thursday,9,2023,0,0,Biryani,140,350,49000
2023-09-14,Thursday,9,2023,0,0,Butter Chicken,89,320,28480
2023-09-14,Thursday,9,2023,0,0,Dal Makhani,51,220,11220
2023-09-14,Thursday,9,2023,0,0,Gulab Jamun,43,80,3440
2023-09-14,Thursday,9,2023,0,0,Mango Lassi,57,90,5130
2023-09-14,Thursday,9,2023,0,0,Masala Dosa,78,120,9360
2023-09-14,Thursday,9,2023,0,0,Naan,138,60,8280
2023-09-14,Thursday,9,2023,0,0,Paneer Tikka,70,280,19600
2023-09-15,Friday,9,2023,0,0,Biryani,177,350,61950
2023-09-15,Friday,9,2023,0,0,Butter Chicken,118,320,37760
2023-09-15,Friday,9,2023,0,0,Dal Makhani,80,220,17600
2023-09-15,Friday,9,2023,0,0,Gulab Jamun,73,80,5840
2023-09-15,Friday,9,2023,0,0,Mango Lassi,85,90,7650
2023-09-15,Friday,9,2023,0,0,Masala Dosa,107,120,12840
2023-09-15,Friday,9,2023,0,0,Naan,224,60,13440
2023-09-15,Friday,9,2023,0,0,Paneer Tikka,103,280,28840
2023-09-16,Saturday,9,2023,1,0,Biryani,121,350,42350
2023-09-16,Saturday,9,2023,1,0,Butter Chicken,129,320,41280
2023-09-16,Saturday,9,2023,1,0,Dal Makhani,77,220,16940
2023-09-16,Saturday,9,2023,1,0,Gulab Jamun,78,80,6240
2023-09-16,Saturday,9,2023,1,0,Mango Lassi,98,90,8820
2023-09-16,Saturday,9,2023,1,0,Masala Dosa,121,120,14520
2023-09-16,Saturday,9,2023,1,0,Naan,238,60,14280
2023-09-16,Saturday,9,2023,1,0,Paneer Tikka,87,280,24360
2023-09-17,Sunday,9,2023,1,0,Biryani,159,350,55650
2023-09-17,Sunday,9,2023,1,0,Butter Chicken,126,320,40320
2023-09-17,Sunday,9,2023,1,0,Dal Makhani,75,220,16500
2023-09-17,Sunday,9,2023,1,0,Gulab Jamun,69,80,5520
2023-09-17,Sunday,9,2023,1,0,Mango Lassi,81,90,7290
2023-09-17,Sunday,9,2023,1,0,Masala Dosa,125,120,15000
2023-09-17,Sunday,9,2023,1,0,Naan,218,60,13080
2023-09-17,Sunday,9,2023,1,0,Paneer Tikka,96,280,26880
2023-09-18,Monday,9,2023,0,0,Biryani,84,350,29400
2023-09-18,Monday,9,2023,0,0,Butter Chicken,74,320,23680
2023-09-18,Monday,9,2023,0,0,Dal Makhani,33,220,7260
2023-09-18,Monday,9,2023,0,0,Gulab Jamun,39,80,3120
2023-09-18,Monday,9,2023,0,0,Mango Lassi,50,90,4500
2023-09-18,Monday,9,2023,0,0,Masala Dosa,55,120,6600
2023-09-18,Monday,9,2023,0,0,Naan,112,60,6720
2023-09-18,Monday,9,2023,0,0,Paneer Tikka,59,280,16520
2023-09-19,Tuesday,9,2023,0,0,Biryani,132,350,46200
2023-09-19,Tuesday,9,2023,0,0,Butter Chicken,87,320,27840
2023-09-19,Tuesday,9,2023,0,0,Dal Makhani,60,220,13200
2023-09-19,Tuesday,9,2023,0,0,Gulab Jamun,58,80,4640
2023-09-19,Tuesday,9,2023,0,0,Mango Lassi,63,90,5670
2023-09-19,Tuesday,9,2023,0,0,Masala Dosa,70,120,8400
2023-09-19,Tuesday,9,2023,0,0,Naan,162,60,9720
2023-09-19,Tuesday,9,2023,0,0,Paneer Tikka,81,280,22680
2023-09-20,Wednesday,9,2023,0,0,Biryani,103,350,36050
2023-09-20,Wednesday,9,2023,0,0,Butter Chicken,100,320,32000
2023-09-20,Wednesday,9,2023,0,0,Dal Makhani,63,220,13860
2023-09-20,Wednesday,9,2023,0,0,Gulab Jamun,46,80,3680
2023-09-20,Wednesday,9,2023,0,0,Mango Lassi,72,90,6480
2023-09-20,Wednesday,9,2023,0,0,Masala Dosa,72,120,8640
2023-09-20,Wednesday,9,2023,0,0,Naan,157,60,9420
2023-09-20,Wednesday,9,2023,0,0,Paneer Tikka,60,280,16800
2023-09-21,Thursday,9,2023,0,0,Biryani,113,350,39550
2023-09-21,Thursday,9,2023,0,0,Butter Chicken,79,320,25280
2023-09-21,Thursday,9,2023,0,0,Dal Makhani,62,220,13640
2023-09-21,Thursday,9,2023,0,0,Gulab Jamun,48,80,3840
2023-09-21,Thursday,9,2023,0,0,Mango Lassi,62,90,5580
2023-09-21,Thursday,9,2023,0,0,Masala Dosa,87,120,10440
2023-09-21,Thursday,9,2023,0,0,Naan,144,60,8640
2023-09-21,Thursday,9,2023,0,0,Paneer Tikka,83,280,23240
2023-09-22,Friday,9,2023,0,0,Biryani,187,350,65450
2023-09-22,Friday,9,2023,0,0,Butter Chicken,125,320,40000
2023-09-22,Friday,9,2023,0,0,Dal Makhani,73,220,16060
2023-09-22,Friday,9,2023,0,0,Gulab Jamun,48,80,3840
2023-09-22,Friday,9,2023,0,0,Mango Lassi,84,90,7560
2023-09-22,Friday,9,2023,0,0,Masala Dosa,96,120,11520
2023-09-22,Friday,9,2023,0,0,Naan,197,60,11820
2023-09-22,Friday,9,2023,0,0,Paneer Tikka,82,280,22960
2023-09-23,Saturday,9,2023,1,0,Biryani,171,350,59850
2023-09-23,Saturday,9,2023,1,0,Butter Chicken,161,320,51520
2023-09-23,Saturday,9,2023,1,0,Dal Makhani,75,220,16500
2023-09-23,Saturday,9,2023,1,0,Gulab Jamun,60,80,4800
2023-09-23,Saturday,9,2023,1,0,Mango Lassi,97,90,8730
2023-09-23,Saturday,9,2023,1,0,Masala Dosa,116,120,13920
2023-09-23,Saturday,9,2023,1,0,Naan,204,60,12240
2023-09-23,Saturday,9,2023,1,0,Paneer Tikka,102,280,28560
2023-09-24,Sunday,9,2023,1,0,Biryani,181,350,63350
2023-09-24,Sunday,9,2023,1,0,Butter Chicken,136,320,43520
2023-09-24,Sunday,9,2023,1,0,Dal Makhani,78,220,17160
2023-09-24,Sunday,9,2023,1,0,Gulab Jamun,67,80,5360
2023-09-24,Sunday,9,2023,1,0,Mango Lassi,80,90,7200
2023-09-24,Sunday,9,2023,1,0,Masala Dosa,117,120,14040
2023-09-24,Sunday,9,2023,1,0,Naan,220,60,13200
2023-09-24,Sunday,9,2023,1,0,Paneer Tikka,102,280,28560
2023-09-25,Monday,9,2023,0,0,Biryani,86,350,30100
2023-09-25,Monday,9,2023,0,0,Butter Chicken,75,320,24000
2023-09-25,Monday,9,2023,0,0,Dal Makhani,38,220,8360
2023-09-25,Monday,9,2023,0,0,Gulab Jamun,42,80,3360
2023-09-25,Monday,9,2023,0,0,Mango Lassi,52,90,4680
2023-09-25,Monday,9,2023,0,0,Masala Dosa,65,120,7800
2023-09-25,Monday,9,2023,0,0,Naan,123,60,7380
2023-09-25,Monday,9,2023,0,0,Paneer Tikka,66,280,18480
2023-09-26,Tuesday,9,2023,0,0,Biryani,103,350,36050
2023-09-26,Tuesday,9,2023,0,0,Butter Chicken,90,320,28800
2023-09-26,Tuesday,9,2023,0,0,Dal Makhani,52,220,11440
2023-09-26,Tuesday,9,2023,0,0,Gulab Jamun,51,80,4080
2023-09-26,Tuesday,9,2023,0,0,Mango Lassi,76,90,6840
2023-09-26,Tuesday,9,2023,0,0,Masala Dosa,65,120,7800
2023-09-26,Tuesday,9,2023,0,0,Naan,148,60,8880
2023-09-26,Tuesday,9,2023,0,0,Paneer Tikka,82,280,22960
2023-09-27,Wednesday,9,2023,0,0,Biryani,108,350,37800
2023-09-27,Wednesday,9,2023,0,0,Butter Chicken,93,320,29760
2023-09-27,Wednesday,9,2023,0,0,Dal Makhani,53,220,11660
2023-09-27,Wednesday,9,2023,0,0,Gulab Jamun,60,80,4800
2023-09-27,Wednesday,9,2023,0,0,Mango Lassi,68,90,6120
2023-09-27,Wednesday,9,2023,0,0,Masala Dosa,78,120,9360
2023-09-27,Wednesday,9,2023,0,0,Naan,144,60,8640
2023-09-27,Wednesday,9,2023,0,0,Paneer Tikka,71,280,19880
2023-09-28,Thursday,9,2023,0,0,Biryani,135,350,47250
2023-09-28,Thursday,9,2023,0,0,Butter Chicken,80,320,25600
2023-09-28,Thursday,9,2023,0,0,Dal Makhani,65,220,14300
2023-09-28,Thursday,9,2023,0,0,Gulab Jamun,47,80,3760
2023-09-28,Thursday,9,2023,0,0,Mango Lassi,54,90,4860
2023-09-28,Thursday,9,2023,0,0,Masala Dosa,71,120,8520
2023-09-28,Thursday,9,2023,0,0,Naan,179,60,10740
2023-09-28,Thursday,9,2023,0,0,Paneer Tikka,71,280,19880
2023-09-29,Friday,9,2023,0,0,Biryani,192,350,67200
2023-09-29,Friday,9,2023,0,0,Butter Chicken,121,320,38720
2023-09-29,Friday,9,2023,0,0,Dal Makhani,77,220,16940
2023-09-29,Friday,9,2023,0,0,Gulab Jamun,63,80,5040
2023-09-29,Friday,9,2023,0,0,Mango Lassi,107,90,9630
2023-09-29,Friday,9,2023,0,0,Masala Dosa,111,120,13320
2023-09-29,Friday,9,2023,0,0,Naan,195,60,11700
2023-09-29,Friday,9,2023,0,0,Paneer Tikka,99,280,27720
2023-09-30,Saturday,9,2023,1,0,Biryani,214,350,74900
2023-09-30,Saturday,9,2023,1,0,Butter Chicken,101,320,32320
2023-09-30,Saturday,9,2023,1,0,Dal Makhani,78,220,17160
2023-09-30,Saturday,9,2023,1,0,Gulab Jamun,68,80,5440
2023-09-30,Saturday,9,2023,1,0,Mango Lassi,100,90,9000
2023-09-30,Saturday,9,2023,1,0,Masala Dosa,104,120,12480
2023-09-30,Saturday,9,2023,1,0,Naan,198,60,11880
2023-09-30,Saturday,9,2023,1,0,Paneer Tikka,96,280,26880
2023-10-01,Sunday,10,2023,1,0,Biryani,188,350,65800
2023-10-01,Sunday,10,2023,1,0,Butter Chicken,121,320,38720
2023-10-01,Sunday,10,2023,1,0,Dal Makhani,100,220,22000
2023-10-01,Sunday,10,2023,1,0,Gulab Jamun,75,80,6000
2023-10-01,Sunday,10,2023,1,0,Mango Lassi,120,90,10800
2023-10-01,Sunday,10,2023,1,0,Masala Dosa,155,120,18600
2023-10-01,Sunday,10,2023,1,0,Naan,255,60,15300
2023-10-01,Sunday,10,2023,1,0,Paneer Tikka,147,280,41160
2023-10-02,Monday,10,2023,0,0,Biryani,138,350,48300
2023-10-02,Monday,10,2023,0,0,Butter Chicken,122,320,39040
2023-10-02,Monday,10,2023,0,0,Dal Makhani,56,220,12320
2023-10-02,Monday,10,2023,0,0,Gulab Jamun,50,80,4000
2023-10-02,Monday,10,2023,0,0,Mango Lassi,71,90,6390
2023-10-02,Monday,10,2023,0,0,Masala Dosa,86,120,10320
2023-10-02,Monday,10,2023,0,0,Naan,167,60,10020
2023-10-02,Monday,10,2023,0,0,Paneer Tikka,61,280,17080
2023-10-03,Tuesday,10,2023,0,0,Biryani,183,350,64050
2023-10-03,Tuesday,10,2023,0,0,Butter Chicken,149,320,47680
2023-10-03,Tuesday,10,2023,0,0,Dal Makhani,64,220,14080
2023-10-03,Tuesday,10,2023,0,0,Gulab Jamun,81,80,6480
2023-10-03,Tuesday,10,2023,0,0,Mango Lassi,87,90,7830
2023-10-03,Tuesday,10,2023,0,0,Masala Dosa,113,120,13560
2023-10-03,Tuesday,10,2023,0,0,Naan,176,60,10560
2023-10-03,Tuesday,10,2023,0,0,Paneer Tikka,89,280,24920
2023-10-04,Wednesday,10,2023,0,0,Biryani,143,350,50050
2023-10-04,Wednesday,10,2023,0,0,Butter Chicken,118,320,37760
2023-10-04,Wednesday,10,2023,0,0,Dal Makhani,82,220,18040
2023-10-04,Wednesday,10,2023,0,0,Gulab Jamun,65,80,5200
2023-10-04,Wednesday,10,2023,0,0,Mango Lassi,87,90,7830
2023-10-04,Wednesday,10,2023,0,0,Masala Dosa,101,120,12120
2023-10-04,Wednesday,10,2023,0,0,Naan,220,60,13200
2023-10-04,Wednesday,10,2023,0,0,Paneer Tikka,92,280,25760
2023-10-05,Thursday,10,2023,0,0,Biryani,211,350,73850
2023-10-05,Thursday,10,2023,0,0,Butter Chicken,116,320,37120
2023-10-05,Thursday,10,2023,0,0,Dal Makhani,74,220,16280
2023-10-05,Thursday,10,2023,0,0,Gulab Jamun,75,80,6000
2023-10-05,Thursday,10,2023,0,0,Mango Lassi,82,90,7380
2023-10-05,Thursday,10,2023,0,0,Masala Dosa,99,120,11880
2023-10-05,Thursday,10,2023,0,0,Naan,190,60,11400
2023-10-05,Thursday,10,2023,0,0,Paneer Tikka,91,280,25480
2023-10-06,Friday,10,2023,0,0,Biryani,266,350,93100
2023-10-06,Friday,10,2023,0,0,Butter Chicken,152,320,48640
2023-10-06,Friday,10,2023,0,0,Dal Makhani,96,220,21120
2023-10-06,Friday,10,2023,0,0,Gulab Jamun,85,80,6800
2023-10-06,Friday,10,2023,0,0,Mango Lassi,124,90,11160
2023-10-06,Friday,10,2023,0,0,Masala Dosa,162,120,19440
2023-10-06,Friday,10,2023,0,0,Naan,208,60,12480
2023-10-06,Friday,10,2023,0,0,Paneer Tikka,143,280,40040
2023-10-07,Saturday,10,2023,1,0,Biryani,194,350,67900
2023-10-07,Saturday,10,2023,1,0,Butter Chicken,126,320,40320
2023-10-07,Saturday,10,2023,1,0,Dal Makhani,112,220,24640
2023-10-07,Saturday,10,2023,1,0,Gulab Jamun,88,80,7040
2023-10-07,Saturday,10,2023,1,0,Mango Lassi,123,90,11070
2023-10-07,Saturday,10,2023,1,0,Masala Dosa,128,120,15360
2023-10-07,Saturday,10,2023,1,0,Naan,269,60,16140
2023-10-07,Saturday,10,2023,1,0,Paneer Tikka,137,280,38360
2023-10-08,Sunday,10,2023,1,0,Biryani,281,350,98350
2023-10-08,Sunday,10,2023,1,0,Butter Chicken,167,320,53440
2023-10-08,Sunday,10,2023,1,0,Dal Makhani,84,220,18480
2023-10-08,Sunday,10,2023,1,0,Gulab Jamun,83,80,6640
2023-10-08,Sunday,10,2023,1,0,Mango Lassi,95,90,8550
2023-10-08,Sunday,10,2023,1,0,Masala Dosa,146,120,17520
2023-10-08,Sunday,10,2023,1,0,Naan,321,60,19260
2023-10-08,Sunday,10,2023,1,0,Paneer Tikka,132,280,36960
2023-10-09,Monday,10,2023,0,0,Biryani,132,350,46200
2023-10-09,Monday,10,2023,0,0,Butter Chicken,95,320,30400
2023-10-09,Monday,10,2023,0,0,Dal Makhani,72,220,15840
2023-10-09,Monday,10,2023,0,0,Gulab Jamun,46,80,3680
2023-10-09,Monday,10,2023,0,0,Mango Lassi,70,90,6300
2023-10-09,Monday,10,2023,0,0,Masala Dosa,85,120,10200
2023-10-09,Monday,10,2023,0,0,Naan,131,60,7860
2023-10-09,Monday,10,2023,0,0,Paneer Tikka,81,280,22680
2023-10-10,Tuesday,10,2023,0,0,Biryani,116,350,40600
2023-10-10,Tuesday,10,2023,0,0,Butter Chicken,135,320,43200
2023-10-10,Tuesday,10,2023,0,0,Dal Makhani,78,220,17160
2023-10-10,Tuesday,10,2023,0,0,Gulab Jamun,79,80,6320
2023-10-10,Tuesday,10,2023,0,0,Mango Lassi,73,90,6570
2023-10-10,Tuesday,10,2023,0,0,Masala Dosa,112,120,13440
2023-10-10,Tuesday,10,2023,0,0,Naan,209,60,12540
2023-10-10,Tuesday,10,2023,0,0,Paneer Tikka,87,280,24360
2023-10-11,Wednesday,10,2023,0,0,Biryani,132,350,46200
2023-10-11,Wednesday,10,2023,0,0,Butter Chicken,132,320,42240
2023-10-11,Wednesday,10,2023,0,0,Dal Makhani,79,220,17380
2023-10-11,Wednesday,10,2023,0,0,Gulab Jamun,71,80,5680
2023-10-11,Wednesday,10,2023,0,0,Mango Lassi,79,90,7110
2023-10-11,Wednesday,10,2023,0,0,Masala Dosa,106,120,12720
2023-10-11,Wednesday,10,2023,0,0,Naan,187,60,11220
2023-10-11,Wednesday,10,2023,0,0,Paneer Tikka,105,280,29400
2023-10-12,Thursday,10,2023,0,0,Biryani,146,350,51100
2023-10-12,Thursday,10,2023,0,0,Butter Chicken,112,320,35840
2023-10-12,Thursday,10,2023,0,0,Dal Makhani,66,220,14520
2023-10-12,Thursday,10,2023,0,0,Gulab Jamun,74,80,5920
2023-10-12,Thursday,10,2023,0,0,Mango Lassi,89,90,8010
2023-10-12,Thursday,10,2023,0,0,Masala Dosa,92,120,11040
2023-10-12,Thursday,10,2023,0,0,Naan,215,60,12900
2023-10-12,Thursday,10,2023,0,0,Paneer Tikka,92,280,25760
2023-10-13,Friday,10,2023,0,0,Biryani,260,350,91000
2023-10-13,Friday,10,2023,0,0,Butter Chicken,131,320,41920
2023-10-13,Friday,10,2023,0,0,Dal Makhani,91,220,20020
2023-10-13,Friday,10,2023,0,0,Gulab Jamun,101,80,8080
2023-10-13,Friday,10,2023,0,0,Mango Lassi,110,90,9900
2023-10-13,Friday,10,2023,0,0,Masala Dosa,153,120,18360
2023-10-13,Friday,10,2023,0,0,Naan,254,60,15240
2023-10-13,Friday,10,2023,0,0,Paneer Tikka,114,280,31920
2023-10-14,Saturday,10,2023,1,0,Biryani,275,350,96250
2023-10-14,Saturday,10,2023,1,0,Butter Chicken,153,320,48960
2023-10-14,Saturday,10,2023,1,0,Dal Makhani,115,220,25300
2023-10-14,Saturday,10,2023,1,0,Gulab Jamun,83,80,6640
2023-10-14,Saturday,10,2023,1,0,Mango Lassi,121,90,10890
2023-10-14,Saturday,10,2023,1,0,Masala Dosa,130,120,15600
2023-10-14,Saturday,10,2023,1,0,Naan,271,60,16260
2023-10-14,Saturday,10,2023,1,0,Paneer Tikka,145,280,40600
2023-10-15,Sunday,10,2023,1,0,Biryani,245,350,85750
2023-10-15,Sunday,10,2023,1,0,Butter Chicken,173,320,55360
2023-10-15,Sunday,10,2023,1,0,Dal Makhani,84,220,18480
2023-10-15,Sunday,10,2023,1,0,Gulab Jamun,88,80,7040
2023-10-15,Sunday,10,2023,1,0,Mango Lassi,117,90,10530
2023-10-15,Sunday,10,2023,1,0,Masala Dosa,127,120,15240
2023-10-15,Sunday,10,2023,1,0,Naan,303,60,18180
2023-10-15,Sunday,10,2023,1,0,Paneer Tikka,145,280,40600
2023-10-16,Monday,10,2023,0,0,Biryani,144,350,50400
2023-10-16,Monday,10,2023,0,0,Butter Chicken,121,320,38720
2023-10-16,Monday,10,2023,0,0,Dal Makhani,60,220,13200
2023-10-16,Monday,10,2023,0,0,Gulab Jamun,53,80,4240
2023-10-16,Monday,10,2023,0,0,Mango Lassi,82,90,7380
2023-10-16,Monday,10,2023,0,0,Masala Dosa,95,120,11400
2023-10-16,Monday,10,2023,0,0,Naan,169,60,10140
2023-10-16,Monday,10,2023,0,0,Paneer Tikka,101,280,28280
2023-10-17,Tuesday,10,2023,0,0,Biryani,182,350,63700
2023-10-17,Tuesday,10,2023,0,0,Butter Chicken,126,320,40320
2023-10-17,Tuesday,10,2023,0,0,Dal Makhani,80,220,17600
2023-10-17,Tuesday,10,2023,0,0,Gulab Jamun,64,80,5120
2023-10-17,Tuesday,10,2023,0,0,Mango Lassi,73,90,6570
2023-10-17,Tuesday,10,2023,0,0,Masala Dosa,99,120,11880
2023-10-17,Tuesday,10,2023,0,0,Naan,219,60,13140
2023-10-17,Tuesday,10,2023,0,0,Paneer Tikka,97,280,27160
2023-10-18,Wednesday,10,2023,0,0,Biryani,178,350,62300
2023-10-18,Wednesday,10,2023,0,0,Butter Chicken,129,320,41280
2023-10-18,Wednesday,10,2023,0,0,Dal Makhani,92,220,20240
2023-10-18,Wednesday,10,2023,0,0,Gulab Jamun,59,80,4720
2023-10-18,Wednesday,10,2023,0,0,Mango Lassi,80,90,7200
2023-10-18,Wednesday,10,2023,0,0,Masala Dosa,115,120,13800
2023-10-18,Wednesday,10,2023,0,0,Naan,199,60,11940
2023-10-18,Wednesday,10,2023,0,0,Paneer Tikka,100,280,28000
2023-10-19,Thursday,10,2023,0,0,Biryani,162,350,56700
2023-10-19,Thursday,10,2023,0,0,Butter Chicken,132,320,42240
2023-10-19,Thursday,10,2023,0,0,Dal Makhani,76,220,16720
2023-10-19,Thursday,10,2023,0,0,Gulab Jamun,76,80,6080
2023-10-19,Thursday,10,2023,0,0,Mango Lassi,90,90,8100
2023-10-19,Thursday,10,2023,0,0,Masala Dosa,102,120,12240
2023-10-19,Thursday,10,2023,0,0,Naan,163,60,9780
2023-10-19,Thursday,10,2023,0,0,Paneer Tikka,101,280,28280
2023-10-20,Friday,10,2023,0,0,Biryani,227,350,79450
2023-10-20,Friday,10,2023,0,0,Butter Chicken,175,320,56000
2023-10-20,Friday,10,2023,0,0,Dal Makhani,95,220,20900
2023-10-20,Friday,10,2023,0,0,Gulab Jamun,98,80,7840
2023-10-20,Friday,10,2023,0,0,Mango Lassi,106,90,9540
2023-10-20,Friday,10,2023,0,0,Masala Dosa,152,120,18240
2023-10-20,Friday,10,2023,0,0,Naan,291,60,17460
2023-10-20,Friday,10,2023,0,0,Paneer Tikka,124,280,34720
2023-10-21,Saturday,10,2023,1,0,Biryani,214,350,74900
2023-10-21,Saturday,10,2023,1,0,Butter Chicken,122,320,39040
2023-10-21,Saturday,10,2023,1,0,Dal Makhani,92,220,20240
2023-10-21,Saturday,10,2023,1,0,Gulab Jamun,105,80,8400
2023-10-21,Saturday,10,2023,1,0,Mango Lassi,122,90,10980
2023-10-21,Saturday,10,2023,1,0,Masala Dosa,138,120,16560
2023-10-21,Saturday,10,2023,1,0,Naan,291,60,17460
2023-10-21,Saturday,10,2023,1,0,Paneer Tikka,140,280,39200
2023-10-22,Sunday,10,2023,1,0,Biryani,260,350,91000
2023-10-22,Sunday,10,2023,1,0,Butter Chicken,179,320,57280
2023-10-22,Sunday,10,2023,1,0,Dal Makhani,106,220,23320
2023-10-22,Sunday,10,2023,1,0,Gulab Jamun,73,80,5840
2023-10-22,Sunday,10,2023,1,0,Mango Lassi,119,90,10710
2023-10-22,Sunday,10,2023,1,0,Masala Dosa,147,120,17640
2023-10-22,Sunday,10,2023,1,0,Naan,257,60,15420
2023-10-22,Sunday,10,2023,1,0,Paneer Tikka,103,280,28840
2023-10-23,Monday,10,2023,0,0,Biryani,110,350,38500
2023-10-23,Monday,10,2023,0,0,Butter Chicken,86,320,27520
2023-10-23,Monday,10,2023,0,0,Dal Makhani,69,220,15180
2023-10-23,Monday,10,2023,0,0,Gulab Jamun,51,80,4080
2023-10-23,Monday,10,2023,0,0,Mango Lassi,53,90,4770
2023-10-23,Monday,10,2023,0,0,Masala Dosa,101,120,12120
2023-10-23,Monday,10,2023,0,0,Naan,147,60,8820
2023-10-23,Monday,10,2023,0,0,Paneer Tikka,61,280,17080
2023-10-24,Tuesday,10,2023,0,1,Biryani,256,350,89600
2023-10-24,Tuesday,10,2023,0,1,Butter Chicken,164,320,52480
2023-10-24,Tuesday,10,2023,0,1,Dal Makhani,111,220,24420
2023-10-24,Tuesday,10,2023,0,1,Gulab Jamun,121,80,9680
2023-10-24,Tuesday,10,2023,0,1,Mango Lassi,153,90,13770
2023-10-24,Tuesday,10,2023,0,1,Masala Dosa,176,120,21120
2023-10-24,Tuesday,10,2023,0,1,Naan,315,60,18900
2023-10-24,Tuesday,10,2023,0,1,Paneer Tikka,163,280,45640
2023-10-25,Wednesday,10,2023,0,0,Biryani,160,350,56000
2023-10-25,Wednesday,10,2023,0,0,Butter Chicken,117,320,37440
2023-10-25,Wednesday,10,2023,0,0,Dal Makhani,79,220,17380
2023-10-25,Wednesday,10,2023,0,0,Gulab Jamun,71,80,5680
2023-10-25,Wednesday,10,2023,0,0,Mango Lassi,83,90,7470
2023-10-25,Wednesday,10,2023,0,0,Masala Dosa,95,120,11400
2023-10-25,Wednesday,10,2023,0,0,Naan,176,60,10560
2023-10-25,Wednesday,10,2023,0,0,Paneer Tikka,77,280,21560
2023-10-26,Thursday,10,2023,0,0,Biryani,164,350,57400
2023-10-26,Thursday,10,2023,0,0,Butter Chicken,123,320,39360
2023-10-26,Thursday,10,2023,0,0,Dal Makhani,68,220,14960
2023-10-26,Thursday,10,2023,0,0,Gulab Jamun,53,80,4240
2023-10-26,Thursday,10,2023,0,0,Mango Lassi,74,90,6660
2023-10-26,Thursday,10,2023,0,0,Masala Dosa,120,120,14400
2023-10-26,Thursday,10,2023,0,0,Naan,220,60,13200
2023-10-26,Thursday,10,2023,0,0,Paneer Tikka,83,280,23240
2023-10-27,Friday,10,2023,0,0,Biryani,225,350,78750
2023-10-27,Friday,10,2023,0,0,Butter Chicken,135,320,43200
2023-10-27,Friday,10,2023,0,0,Dal Makhani,85,220,18700
2023-10-27,Friday,10,2023,0,0,Gulab Jamun,95,80,7600
2023-10-27,Friday,10,2023,0,0,Mango Lassi,114,90,10260
2023-10-27,Friday,10,2023,0,0,Masala Dosa,127,120,15240
2023-10-27,Friday,10,2023,0,0,Naan,239,60,14340
2023-10-27,Friday,10,2023,0,0,Paneer Tikka,114,280,31920
2023-10-28,Saturday,10,2023,1,0,Biryani,212,350,74200
2023-10-28,Saturday,10,2023,1,0,Butter Chicken,151,320,48320
2023-10-28,Saturday,10,2023,1,0,Dal Makhani,100,220,22000
2023-10-28,Saturday,10,2023,1,0,Gulab Jamun,78,80,6240
2023-10-28,Saturday,10,2023,1,0,Mango Lassi,125,90,11250
2023-10-28,Saturday,10,2023,1,0,Masala Dosa,168,120,20160
2023-10-28,Saturday,10,2023,1,0,Naan,323,60,19380
2023-10-28,Saturday,10,2023,1,0,Paneer Tikka,126,280,35280
2023-10-29,Sunday,10,2023,1,0,Biryani,250,350,87500
2023-10-29,Sunday,10,2023,1,0,Butter Chicken,181,320,57920
2023-10-29,Sunday,10,2023,1,0,Dal Makhani,122,220,26840
2023-10-29,Sunday,10,2023,1,0,Gulab Jamun,104,80,8320
2023-10-29,Sunday,10,2023,1,0,Mango Lassi,117,90,10530
2023-10-29,Sunday,10,2023,1,0,Masala Dosa,129,120,15480
2023-10-29,Sunday,10,2023,1,0,Naan,232,60,13920
2023-10-29,Sunday,10,2023,1,0,Paneer Tikka,107,280,29960
2023-10-30,Monday,10,2023,0,0,Biryani,141,350,49350
2023-10-30,Monday,10,2023,0,0,Butter Chicken,104,320,33280
2023-10-30,Monday,10,2023,0,0,Dal Makhani,51,220,11220
2023-10-30,Monday,10,2023,0,0,Gulab Jamun,53,80,4240
2023-10-30,Monday,10,2023,0,0,Mango Lassi,67,90,6030
2023-10-30,Monday,10,2023,0,0,Masala Dosa,97,120,11640
2023-10-30,Monday,10,2023,0,0,Naan,179,60,10740
2023-10-30,Monday,10,2023,0,0,Paneer Tikka,76,280,21280
2023-10-31,Tuesday,10,2023,0,0,Biryani,180,350,63000
2023-10-31,Tuesday,10,2023,0,0,Butter Chicken,100,320,32000
2023-10-31,Tuesday,10,2023,0,0,Dal Makhani,76,220,16720
2023-10-31,Tuesday,10,2023,0,0,Gulab Jamun,73,80,5840
2023-10-31,Tuesday,10,2023,0,0,Mango Lassi,74,90,6660
2023-10-31,Tuesday,10,2023,0,0,Masala Dosa,103,120,12360
2023-10-31,Tuesday,10,2023,0,0,Naan,226,60,13560
2023-10-31,Tuesday,10,2023,0,0,Paneer Tikka,97,280,27160
2023-11-01,Wednesday,11,2023,0,0,Biryani,176,350,61600
2023-11-01,Wednesday,11,2023,0,0,Butter Chicken,124,320,39680
2023-11-01,Wednesday,11,2023,0,0,Dal Makhani,74,220,16280
2023-11-01,Wednesday,11,2023,0,0,Gulab Jamun,66,80,5280
2023-11-01,Wednesday,11,2023,0,0,Mango Lassi,69,90,6210
2023-11-01,Wednesday,11,2023,0,0,Masala Dosa,120,120,14400
2023-11-01,Wednesday,11,2023,0,0,Naan,199,60,11940
2023-11-01,Wednesday,11,2023,0,0,Paneer Tikka,91,280,25480
2023-11-02,Thursday,11,2023,0,0,Biryani,144,350,50400
2023-11-02,Thursday,11,2023,0,0,Butter Chicken,151,320,48320
2023-11-02,Thursday,11,2023,0,0,Dal Makhani,84,220,18480
2023-11-02,Thursday,11,2023,0,0,Gulab Jamun,72,80,5760
2023-11-02,Thursday,11,2023,0,0,Mango Lassi,83,90,7470
2023-11-02,Thursday,11,2023,0,0,Masala Dosa,112,120,13440
2023-11-02,Thursday,11,2023,0,0,Naan,190,60,11400
2023-11-02,Thursday,11,2023,0,0,Paneer Tikka,109,280,30520
2023-11-03,Friday,11,2023,0,0,Biryani,206,350,72100
2023-11-03,Friday,11,2023,0,0,Butter Chicken,152,320,48640
2023-11-03,Friday,11,2023,0,0,Dal Makhani,94,220,20680
2023-11-03,Friday,11,2023,0,0,Gulab Jamun,102,80,8160
2023-11-03,Friday,11,2023,0,0,Mango Lassi,136,90,12240
2023-11-03,Friday,11,2023,0,0,Masala Dosa,134,120,16080
2023-11-03,Friday,11,2023,0,0,Naan,271,60,16260
2023-11-03,Friday,11,2023,0,0,Paneer Tikka,115,280,32200
2023-11-04,Saturday,11,2023,1,0,Biryani,245,350,85750
2023-11-04,Saturday,11,2023,1,0,Butter Chicken,156,320,49920
2023-11-04,Saturday,11,2023,1,0,Dal Makhani,111,220,24420
2023-11-04,Saturday,11,2023,1,0,Gulab Jamun,100,80,8000
2023-11-04,Saturday,11,2023,1,0,Mango Lassi,98,90,8820
2023-11-04,Saturday,11,2023,1,0,Masala Dosa,160,120,19200
2023-11-04,Saturday,11,2023,1,0,Naan,276,60,16560
2023-11-04,Saturday,11,2023,1,0,Paneer Tikka,129,280,36120
2023-11-05,Sunday,11,2023,1,0,Biryani,210,350,73500
2023-11-05,Sunday,11,2023,1,0,Butter Chicken,186,320,59520
2023-11-05,Sunday,11,2023,1,0,Dal Makhani,105,220,23100
2023-11-05,Sunday,11,2023,1,0,Gulab Jamun,106,80,8480
2023-11-05,Sunday,11,2023,1,0,Mango Lassi,148,90,13320
2023-11-05,Sunday,11,2023,1,0,Masala Dosa,143,120,17160
2023-11-05,Sunday,11,2023,1,0,Naan,296,60,17760
2023-11-05,Sunday,11,2023,1,0,Paneer Tikka,139,280,38920
2023-11-06,Monday,11,2023,0,0,Biryani,142,350,49700
2023-11-06,Monday,11,2023,0,0,Butter Chicken,90,320,28800
2023-11-06,Monday,11,2023,0,0,Dal Makhani,67,220,14740
2023-11-06,Monday,11,2023,0,0,Gulab Jamun,47,80,3760
2023-11-06,Monday,11,2023,0,0,Mango Lassi,74,90,6660
2023-11-06,Monday,11,2023,0,0,Masala Dosa,102,120,12240
2023-11-06,Monday,11,2023,0,0,Naan,157,60,9420
2023-11-06,Monday,11,2023,0,0,Paneer Tikka,62,280,17360
2023-11-07,Tuesday,11,2023,0,0,Biryani,212,350,74200
2023-11-07,Tuesday,11,2023,0,0,Butter Chicken,115,320,36800
2023-11-07,Tuesday,11,2023,0,0,Dal Makhani,70,220,15400
2023-11-07,Tuesday,11,2023,0,0,Gulab Jamun,66,80,5280
2023-11-07,Tuesday,11,2023,0,0,Mango Lassi,85,90,7650
2023-11-07,Tuesday,11,2023,0,0,Masala Dosa,120,120,14400
2023-11-07,Tuesday,11,2023,0,0,Naan,189,60,11340
2023-11-07,Tuesday,11,2023,0,0,Paneer Tikka,112,280,31360
2023-11-08,Wednesday,11,2023,0,0,Biryani,171,350,59850
2023-11-08,Wednesday,11,2023,0,0,Butter Chicken,125,320,40000
2023-11-08,Wednesday,11,2023,0,0,Dal Makhani,71,220,15620
2023-11-08,Wednesday,11,2023,0,0,Gulab Jamun,59,80,4720
2023-11-08,Wednesday,11,2023,0,0,Mango Lassi,94,90,8460
2023-11-08,Wednesday,11,2023,0,0,Masala Dosa,128,120,15360
2023-11-08,Wednesday,11,2023,0,0,Naan,190,60,11400
2023-11-08,Wednesday,11,2023,0,0,Paneer Tikka,72,280,20160
2023-11-09,Thursday,11,2023,0,0,Biryani,187,350,65450
2023-11-09,Thursday,11,2023,0,0,Butter Chicken,120,320,38400
2023-11-09,Thursday,11,2023,0,0,Dal Makhani,81,220,17820
2023-11-09,Thursday,11,2023,0,0,Gulab Jamun,67,80,5360
2023-11-09,Thursday,11,2023,0,0,Mango Lassi,79,90,7110
2023-11-09,Thursday,11,2023,0,0,Masala Dosa,121,120,14520
2023-11-09,Thursday,11,2023,0,0,Naan,216,60,12960
2023-11-09,Thursday,11,2023,0,0,Paneer Tikka,90,280,25200
2023-11-10,Friday,11,2023,0,0,Biryani,313,350,109550
2023-11-10,Friday,11,2023,0,0,Butter Chicken,146,320,46720
2023-11-10,Friday,11,2023,0,0,Dal Makhani,121,220,26620
2023-11-10,Friday,11,2023,0,0,Gulab Jamun,100,80,8000
2023-11-10,Friday,11,2023,0,0,Mango Lassi,123,90,11070
2023-11-10,Friday,11,2023,0,0,Masala Dosa,124,120,14880
2023-11-10,Friday,11,2023,0,0,Naan,229,60,13740
2023-11-10,Friday,11,2023,0,0,Paneer Tikka,113,280,31640
2023-11-11,Saturday,11,2023,1,0,Biryani,228,350,79800
2023-11-11,Saturday,11,2023,1,0,Butter Chicken,179,320,57280
2023-11-11,Saturday,11,2023,1,0,Dal Makhani,109,220,23980
2023-11-11,Saturday,11,2023,1,0,Gulab Jamun,92,80,7360
2023-11-11,Saturday,11,2023,1,0,Mango Lassi,103,90,9270
2023-11-11,Saturday,11,2023,1,0,Masala Dosa,108,120,12960
2023-11-11,Saturday,11,2023,1,0,Naan,276,60,16560
2023-11-11,Saturday,11,2023,1,0,Paneer Tikka,122,280,34160
2023-11-12,Sunday,11,2023,1,0,Biryani,241,350,84350
2023-11-12,Sunday,11,2023,1,0,Butter Chicken,172,320,55040
2023-11-12,Sunday,11,2023,1,0,Dal Makhani,101,220,22220
2023-11-12,Sunday,11,2023,1,0,Gulab Jamun,99,80,7920
2023-11-12,Sunday,11,2023,1,0,Mango Lassi,124,90,11160
2023-11-12,Sunday,11,2023,1,0,Masala Dosa,155,120,18600
2023-11-12,Sunday,11,2023,1,0,Naan,304,60,18240
2023-11-12,Sunday,11,2023,1,0,Paneer Tikka,171,280,47880
2023-11-13,Monday,11,2023,0,1,Biryani,224,350,78400
2023-11-13,Monday,11,2023,0,1,Butter Chicken,192,320,61440
2023-11-13,Monday,11,2023,0,1,Dal Makhani,85,220,18700
2023-11-13,Monday,11,2023,0,1,Gulab Jamun,82,80,6560
2023-11-13,Monday,11,2023,0,1,Mango Lassi,102,90,9180
2023-11-13,Monday,11,2023,0,1,Masala Dosa,120,120,14400
2023-11-13,Monday,11,2023,0,1,Naan,268,60,16080
2023-11-13,Monday,11,2023,0,1,Paneer Tikka,100,280,28000
2023-11-14,Tuesday,11,2023,0,0,Biryani,145,350,50750
2023-11-14,Tuesday,11,2023,0,0,Butter Chicken,139,320,44480
2023-11-14,Tuesday,11,2023,0,0,Dal Makhani,78,220,17160
2023-11-14,Tuesday,11,2023,0,0,Gulab Jamun,68,80,5440
2023-11-14,Tuesday,11,2023,0,0,Mango Lassi,82,90,7380
2023-11-14,Tuesday,11,2023,0,0,Masala Dosa,92,120,11040
2023-11-14,Tuesday,11,2023,0,0,Naan,185,60,11100
2023-11-14,Tuesday,11,2023,0,0,Paneer Tikka,103,280,28840
2023-11-15,Wednesday,11,2023,0,0,Biryani,143,350,50050
2023-11-15,Wednesday,11,2023,0,0,Butter Chicken,161,320,51520
2023-11-15,Wednesday,11,2023,0,0,Dal Makhani,72,220,15840
2023-11-15,Wednesday,11,2023,0,0,Gulab Jamun,56,80,4480
2023-11-15,Wednesday,11,2023,0,0,Mango Lassi,66,90,5940
2023-11-15,Wednesday,11,2023,0,0,Masala Dosa,136,120,16320
2023-11-15,Wednesday,11,2023,0,0,Naan,227,60,13620
2023-11-15,Wednesday,11,2023,0,0,Paneer Tikka,98,280,27440
2023-11-16,Thursday,11,2023,0,0,Biryani,153,350,53550
2023-11-16,Thursday,11,2023,0,0,Butter Chicken,152,320,48640
2023-11-16,Thursday,11,2023,0,0,Dal Makhani,83,220,18260
2023-11-16,Thursday,11,2023,0,0,Gulab Jamun,72,80,5760
2023-11-16,Thursday,11,2023,0,0,Mango Lassi,95,90,8550
2023-11-16,Thursday,11,2023,0,0,Masala Dosa,109,120,13080
2023-11-16,Thursday,11,2023,0,0,Naan,138,60,8280
2023-11-16,Thursday,11,2023,0,0,Paneer Tikka,97,280,27160
2023-11-17,Friday,11,2023,0,0,Biryani,205,350,71750
2023-11-17,Friday,11,2023,0,0,Butter Chicken,147,320,47040
2023-11-17,Friday,11,2023,0,0,Dal Makhani,108,220,23760
2023-11-17,Friday,11,2023,0,0,Gulab Jamun,83,80,6640
2023-11-17,Friday,11,2023,0,0,Mango Lassi,124,90,11160
2023-11-17,Friday,11,2023,0,0,Masala Dosa,140,120,16800
2023-11-17,Friday,11,2023,0,0,Naan,244,60,14640
2023-11-17,Friday,11,2023,0,0,Paneer Tikka,127,280,35560
2023-11-18,Saturday,11,2023,1,0,Biryani,232,350,81200
2023-11-18,Saturday,11,2023,1,0,Butter Chicken,185,320,59200
2023-11-18,Saturday,11,2023,1,0,Dal Makhani,86,220,18920
2023-11-18,Saturday,11,2023,1,0,Gulab Jamun,124,80,9920
2023-11-18,Saturday,11,2023,1,0,Mango Lassi,100,90,9000
2023-11-18,Saturday,11,2023,1,0,Masala Dosa,146,120,17520
2023-11-18,Saturday,11,2023,1,0,Naan,263,60,15780
2023-11-18,Saturday,11,2023,1,0,Paneer Tikka,122,280,34160
2023-11-19,Sunday,11,2023,1,0,Biryani,239,350,83650
2023-11-19,Sunday,11,2023,1,0,Butter Chicken,198,320,63360
2023-11-19,Sunday,11,2023,1,0,Dal Makhani,127,220,27940
2023-11-19,Sunday,11,2023,1,0,Gulab Jamun,94,80,7520
2023-11-19,Sunday,11,2023,1,0,Mango Lassi,132,90,11880
2023-11-19,Sunday,11,2023,1,0,Masala Dosa,154,120,18480
2023-11-19,Sunday,11,2023,1,0,Naan,286,60,17160
2023-11-19,Sunday,11,2023,1,0,Paneer Tikka,141,280,39480
2023-11-20,Monday,11,2023,0,0,Biryani,115,350,40250
2023-11-20,Monday,11,2023,0,0,Butter Chicken,112,320,35840
2023-11-20,Monday,11,2023,0,0,Dal Makhani,60,220,13200
2023-11-20,Monday,11,2023,0,0,Gulab Jamun,64,80,5120
2023-11-20,Monday,11,2023,0,0,Mango Lassi,64,90,5760
2023-11-20,Monday,11,2023,0,0,Masala Dosa,86,120,10320
2023-11-20,Monday,11,2023,0,0,Naan,146,60,8760
2023-11-20,Monday,11,2023,0,0,Paneer Tikka,69,280,19320
2023-11-21,Tuesday,11,2023,0,0,Biryani,189,350,66150
2023-11-21,Tuesday,11,2023,0,0,Butter Chicken,124,320,39680
2023-11-21,Tuesday,11,2023,0,0,Dal Makhani,56,220,12320
2023-11-21,Tuesday,11,2023,0,0,Gulab Jamun,80,80,6400
2023-11-21,Tuesday,11,2023,0,0,Mango Lassi,80,90,7200
2023-11-21,Tuesday,11,2023,0,0,Masala Dosa,111,120,13320
2023-11-21,Tuesday,11,2023,0,0,Naan,188,60,11280
2023-11-21,Tuesday,11,2023,0,0,Paneer Tikka,94,280,26320
2023-11-22,Wednesday,11,2023,0,0,Biryani,158,350,55300
2023-11-22,Wednesday,11,2023,0,0,Butter Chicken,96,320,30720
2023-11-22,Wednesday,11,2023,0,0,Dal Makhani,66,220,14520
2023-11-22,Wednesday,11,2023,0,0,Gulab Jamun,65,80,5200
2023-11-22,Wednesday,11,2023,0,0,Mango Lassi,63,90,5670
2023-11-22,Wednesday,11,2023,0,0,Masala Dosa,106,120,12720
2023-11-22,Wednesday,11,2023,0,0,Naan,187,60,11220
2023-11-22,Wednesday,11,2023,0,0,Paneer Tikka,100,280,28000
2023-11-23,Thursday,11,2023,0,0,Biryani,185,350,64750
2023-11-23,Thursday,11,2023,0,0,Butter Chicken,138,320,44160
2023-11-23,Thursday,11,2023,0,0,Dal Makhani,67,220,14740
2023-11-23,Thursday,11,2023,0,0,Gulab Jamun,75,80,6000
2023-11-23,Thursday,11,2023,0,0,Mango Lassi,92,90,8280
2023-11-23,Thursday,11,2023,0,0,Masala Dosa,109,120,13080
2023-11-23,Thursday,11,2023,0,0,Naan,197,60,11820
2023-11-23,Thursday,11,2023,0,0,Paneer Tikka,107,280,29960
2023-11-24,Friday,11,2023,0,0,Biryani,244,350,85400
2023-11-24,Friday,11,2023,0,0,Butter Chicken,153,320,48960
2023-11-24,Friday,11,2023,0,0,Dal Makhani,123,220,27060
2023-11-24,Friday,11,2023,0,0,Gulab Jamun,95,80,7600
2023-11-24,Friday,11,2023,0,0,Mango Lassi,135,90,12150
2023-11-24,Friday,11,2023,0,0,Masala Dosa,161,120,19320
2023-11-24,Friday,11,2023,0,0,Naan,296,60,17760
2023-11-24,Friday,11,2023,0,0,Paneer Tikka,127,280,35560
2023-11-25,Saturday,11,2023,1,0,Biryani,270,350,94500
2023-11-25,Saturday,11,2023,1,0,Butter Chicken,176,320,56320
2023-11-25,Saturday,11,2023,1,0,Dal Makhani,114,220,25080
2023-11-25,Saturday,11,2023,1,0,Gulab Jamun,98,80,7840
2023-11-25,Saturday,11,2023,1,0,Mango Lassi,122,90,10980
2023-11-25,Saturday,11,2023,1,0,Masala Dosa,138,120,16560
2023-11-25,Saturday,11,2023,1,0,Naan,259,60,15540
2023-11-25,Saturday,11,2023,1,0,Paneer Tikka,113,280,31640
2023-11-26,Sunday,11,2023,1,0,Biryani,278,350,97300
2023-11-26,Sunday,11,2023,1,0,Butter Chicken,172,320,55040
2023-11-26,Sunday,11,2023,1,0,Dal Makhani,118,220,25960
2023-11-26,Sunday,11,2023,1,0,Gulab Jamun,83,80,6640
2023-11-26,Sunday,11,2023,1,0,Mango Lassi,121,90,10890
2023-11-26,Sunday,11,2023,1,0,Masala Dosa,164,120,19680
2023-11-26,Sunday,11,2023,1,0,Naan,280,60,16800
2023-11-26,Sunday,11,2023,1,0,Paneer Tikka,131,280,36680
2023-11-27,Monday,11,2023,0,0,Biryani,123,350,43050
2023-11-27,Monday,11,2023,0,0,Butter Chicken,121,320,38720
2023-11-27,Monday,11,2023,0,0,Dal Makhani,57,220,12540
2023-11-27,Monday,11,2023,0,0,Gulab Jamun,53,80,4240
2023-11-27,Monday,11,2023,0,0,Mango Lassi,57,90,5130
2023-11-27,Monday,11,2023,0,0,Masala Dosa,79,120,9480
2023-11-27,Monday,11,2023,0,0,Naan,141,60,8460
2023-11-27,Monday,11,2023,0,0,Paneer Tikka,72,280,20160
2023-11-28,Tuesday,11,2023,0,0,Biryani,152,350,53200
2023-11-28,Tuesday,11,2023,0,0,Butter Chicken,125,320,40000
2023-11-28,Tuesday,11,2023,0,0,Dal Makhani,92,220,20240
2023-11-28,Tuesday,11,2023,0,0,Gulab Jamun,64,80,5120
2023-11-28,Tuesday,11,2023,0,0,Mango Lassi,94,90,8460
2023-11-28,Tuesday,11,2023,0,0,Masala Dosa,122,120,14640
2023-11-28,Tuesday,11,2023,0,0,Naan,215,60,12900
2023-11-28,Tuesday,11,2023,0,0,Paneer Tikka,103,280,28840
2023-11-29,Wednesday,11,2023,0,0,Biryani,175,350,61250
2023-11-29,Wednesday,11,2023,0,0,Butter Chicken,108,320,34560
2023-11-29,Wednesday,11,2023,0,0,Dal Makhani,83,220,18260
2023-11-29,Wednesday,11,2023,0,0,Gulab Jamun,75,80,6000
2023-11-29,Wednesday,11,2023,0,0,Mango Lassi,76,90,6840
2023-11-29,Wednesday,11,2023,0,0,Masala Dosa,97,120,11640
2023-11-29,Wednesday,11,2023,0,0,Naan,174,60,10440
2023-11-29,Wednesday,11,2023,0,0,Paneer Tikka,103,280,28840
2023-11-30,Thursday,11,2023,0,0,Biryani,189,350,66150
2023-11-30,Thursday,11,2023,0,0,Butter Chicken,131,320,41920
2023-11-30,Thursday,11,2023,0,0,Dal Makhani,66,220,14520
2023-11-30,Thursday,11,2023,0,0,Gulab Jamun,64,80,5120
2023-11-30,Thursday,11,2023,0,0,Mango Lassi,91,90,8190
2023-11-30,Thursday,11,2023,0,0,Masala Dosa,117,120,14040
2023-11-30,Thursday,11,2023,0,0,Naan,216,60,12960
2023-11-30,Thursday,11,2023,0,0,Paneer Tikka,78,280,21840
2023-12-01,Friday,12,2023,0,0,Biryani,159,350,55650
2023-12-01,Friday,12,2023,0,0,Butter Chicken,135,320,43200
2023-12-01,Friday,12,2023,0,0,Dal Makhani,62,220,13640
2023-12-01,Friday,12,2023,0,0,Gulab Jamun,74,80,5920
2023-12-01,Friday,12,2023,0,0,Mango Lassi,87,90,7830
2023-12-01,Friday,12,2023,0,0,Masala Dosa,93,120,11160
2023-12-01,Friday,12,2023,0,0,Naan,223,60,13380
2023-12-01,Friday,12,2023,0,0,Paneer Tikka,92,280,25760
2023-12-02,Saturday,12,2023,1,0,Biryani,174,350,60900
2023-12-02,Saturday,12,2023,1,0,Butter Chicken,142,320,45440
2023-12-02,Saturday,12,2023,1,0,Dal Makhani,89,220,19580
2023-12-02,Saturday,12,2023,1,0,Gulab Jamun,78,80,6240
2023-12-02,Saturday,12,2023,1,0,Mango Lassi,73,90,6570
2023-12-02,Saturday,12,2023,1,0,Masala Dosa,119,120,14280
2023-12-02,Saturday,12,2023,1,0,Naan,222,60,13320
2023-12-02,Saturday,12,2023,1,0,Paneer Tikka,95,280,26600
2023-12-03,Sunday,12,2023,1,0,Biryani,159,350,55650
2023-12-03,Sunday,12,2023,1,0,Butter Chicken,143,320,45760
2023-12-03,Sunday,12,2023,1,0,Dal Makhani,79,220,17380
2023-12-03,Sunday,12,2023,1,0,Gulab Jamun,77,80,6160
2023-12-03,Sunday,12,2023,1,0,Mango Lassi,106,90,9540
2023-12-03,Sunday,12,2023,1,0,Masala Dosa,113,120,13560
2023-12-03,Sunday,12,2023,1,0,Naan,213,60,12780
2023-12-03,Sunday,12,2023,1,0,Paneer Tikka,106,280,29680
2023-12-04,Monday,12,2023,0,0,Biryani,115,350,40250
2023-12-04,Monday,12,2023,0,0,Butter Chicken,88,320,28160
2023-12-04,Monday,12,2023,0,0,Dal Makhani,56,220,12320
2023-12-04,Monday,12,2023,0,0,Gulab Jamun,54,80,4320
2023-12-04,Monday,12,2023,0,0,Mango Lassi,60,90,5400
2023-12-04,Monday,12,2023,0,0,Masala Dosa,77,120,9240
2023-12-04,Monday,12,2023,0,0,Naan,132,60,7920
2023-12-04,Monday,12,2023,0,0,Paneer Tikka,49,280,13720
2023-12-05,Tuesday,12,2023,0,0,Biryani,136,350,47600
2023-12-05,Tuesday,12,2023,0,0,Butter Chicken,100,320,32000
2023-12-05,Tuesday,12,2023,0,0,Dal Makhani,61,220,13420
2023-12-05,Tuesday,12,2023,0,0,Gulab Jamun,49,80,3920
2023-12-05,Tuesday,12,2023,0,0,Mango Lassi,79,90,7110
2023-12-05,Tuesday,12,2023,0,0,Masala Dosa,101,120,12120
2023-12-05,Tuesday,12,2023,0,0,Naan,151,60,9060
2023-12-05,Tuesday,12,2023,0,0,Paneer Tikka,82,280,22960
2023-12-06,Wednesday,12,2023,0,0,Biryani,140,350,49000
2023-12-06,Wednesday,12,2023,0,0,Butter Chicken,103,320,32960
2023-12-06,Wednesday,12,2023,0,0,Dal Makhani,45,220,9900
2023-12-06,Wednesday,12,2023,0,0,Gulab Jamun,50,80,4000
2023-12-06,Wednesday,12,2023,0,0,Mango Lassi,68,90,6120
2023-12-06,Wednesday,12,2023,0,0,Masala Dosa,94,120,11280
2023-12-06,Wednesday,12,2023,0,0,Naan,170,60,10200
2023-12-06,Wednesday,12,2023,0,0,Paneer Tikka,60,280,16800
2023-12-07,Thursday,12,2023,0,0,Biryani,117,350,40950
2023-12-07,Thursday,12,2023,0,0,Butter Chicken,120,320,38400
2023-12-07,Thursday,12,2023,0,0,Dal Makhani,71,220,15620
2023-12-07,Thursday,12,2023,0,0,Gulab Jamun,61,80,4880
2023-12-07,Thursday,12,2023,0,0,Mango Lassi,77,90,6930
2023-12-07,Thursday,12,2023,0,0,Masala Dosa,85,120,10200
2023-12-07,Thursday,12,2023,0,0,Naan,195,60,11700
2023-12-07,Thursday,12,2023,0,0,Paneer Tikka,68,280,19040
2023-12-08,Friday,12,2023,0,0,Biryani,207,350,72450
2023-12-08,Friday,12,2023,0,0,Butter Chicken,120,320,38400
2023-12-08,Friday,12,2023,0,0,Dal Makhani,99,220,21780
2023-12-08,Friday,12,2023,0,0,Gulab Jamun,91,80,7280
2023-12-08,Friday,12,2023,0,0,Mango Lassi,84,90,7560
2023-12-08,Friday,12,2023,0,0,Masala Dosa,103,120,12360
2023-12-08,Friday,12,2023,0,0,Naan,228,60,13680
2023-12-08,Friday,12,2023,0,0,Paneer Tikka,93,280,26040
2023-12-09,Saturday,12,2023,1,0,Biryani,214,350,74900
2023-12-09,Saturday,12,2023,1,0,Butter Chicken,126,320,40320
2023-12-09,Saturday,12,2023,1,0,Dal Makhani,90,220,19800
2023-12-09,Saturday,12,2023,1,0,Gulab Jamun,74,80,5920
2023-12-09,Saturday,12,2023,1,0,Mango Lassi,96,90,8640
2023-12-09,Saturday,12,2023,1,0,Masala Dosa,121,120,14520
2023-12-09,Saturday,12,2023,1,0,Naan,224,60,13440
2023-12-09,Saturday,12,2023,1,0,Paneer Tikka,102,280,28560
2023-12-10,Sunday,12,2023,1,0,Biryani,186,350,65100
2023-12-10,Sunday,12,2023,1,0,Butter Chicken,91,320,29120
2023-12-10,Sunday,12,2023,1,0,Dal Makhani,70,220,15400
2023-12-10,Sunday,12,2023,1,0,Gulab Jamun,89,80,7120
2023-12-10,Sunday,12,2023,1,0,Mango Lassi,107,90,9630
2023-12-10,Sunday,12,2023,1,0,Masala Dosa,112,120,13440
2023-12-10,Sunday,12,2023,1,0,Naan,224,60,13440
2023-12-10,Sunday,12,2023,1,0,Paneer Tikka,95,280,26600
2023-12-11,Monday,12,2023,0,0,Biryani,106,350,37100
2023-12-11,Monday,12,2023,0,0,Butter Chicken,73,320,23360
2023-12-11,Monday,12,2023,0,0,Dal Makhani,46,220,10120
2023-12-11,Monday,12,2023,0,0,Gulab Jamun,37,80,2960
2023-12-11,Monday,12,2023,0,0,Mango Lassi,57,90,5130
2023-12-11,Monday,12,2023,0,0,Masala Dosa,62,120,7440
2023-12-11,Monday,12,2023,0,0,Naan,129,60,7740
2023-12-11,Monday,12,2023,0,0,Paneer Tikka,57,280,15960
2023-12-12,Tuesday,12,2023,0,0,Biryani,148,350,51800
2023-12-12,Tuesday,12,2023,0,0,Butter Chicken,104,320,33280
2023-12-12,Tuesday,12,2023,0,0,Dal Makhani,56,220,12320
2023-12-12,Tuesday,12,2023,0,0,Gulab Jamun,54,80,4320
2023-12-12,Tuesday,12,2023,0,0,Mango Lassi,70,90,6300
2023-12-12,Tuesday,12,2023,0,0,Masala Dosa,93,120,11160
2023-12-12,Tuesday,12,2023,0,0,Naan,163,60,9780
2023-12-12,Tuesday,12,2023,0,0,Paneer Tikka,66,280,18480
2023-12-13,Wednesday,12,2023,0,0,Biryani,130,350,45500
2023-12-13,Wednesday,12,2023,0,0,Butter Chicken,91,320,29120
2023-12-13,Wednesday,12,2023,0,0,Dal Makhani,55,220,12100
2023-12-13,Wednesday,12,2023,0,0,Gulab Jamun,51,80,4080
2023-12-13,Wednesday,12,2023,0,0,Mango Lassi,64,90,5760
2023-12-13,Wednesday,12,2023,0,0,Masala Dosa,69,120,8280
2023-12-13,Wednesday,12,2023,0,0,Naan,155,60,9300
2023-12-13,Wednesday,12,2023,0,0,Paneer Tikka,71,280,19880
2023-12-14,Thursday,12,2023,0,0,Biryani,133,350,46550
2023-12-14,Thursday,12,2023,0,0,Butter Chicken,94,320,30080
2023-12-14,Thursday,12,2023,0,0,Dal Makhani,64,220,14080
2023-12-14,Thursday,12,2023,0,0,Gulab Jamun,46,80,3680
2023-12-14,Thursday,12,2023,0,0,Mango Lassi,58,90,5220
2023-12-14,Thursday,12,2023,0,0,Masala Dosa,78,120,9360
2023-12-14,Thursday,12,2023,0,0,Naan,175,60,10500
2023-12-14,Thursday,12,2023,0,0,Paneer Tikka,71,280,19880
2023-12-15,Friday,12,2023,0,0,Biryani,164,350,57400
2023-12-15,Friday,12,2023,0,0,Butter Chicken,124,320,39680
2023-12-15,Friday,12,2023,0,0,Dal Makhani,69,220,15180
2023-12-15,Friday,12,2023,0,0,Gulab Jamun,79,80,6320
2023-12-15,Friday,12,2023,0,0,Mango Lassi,84,90,7560
2023-12-15,Friday,12,2023,0,0,Masala Dosa,117,120,14040
2023-12-15,Friday,12,2023,0,0,Naan,202,60,12120
2023-12-15,Friday,12,2023,0,0,Paneer Tikka,94,280,26320
2023-12-16,Saturday,12,2023,1,0,Biryani,180,350,63000
2023-12-16,Saturday,12,2023,1,0,Butter Chicken,125,320,40000
2023-12-16,Saturday,12,2023,1,0,Dal Makhani,73,220,16060
2023-12-16,Saturday,12,2023,1,0,Gulab Jamun,70,80,5600
2023-12-16,Saturday,12,2023,1,0,Mango Lassi,93,90,8370
2023-12-16,Saturday,12,2023,1,0,Masala Dosa,90,120,10800
2023-12-16,Saturday,12,2023,1,0,Naan,228,60,13680
2023-12-16,Saturday,12,2023,1,0,Paneer Tikka,87,280,24360
2023-12-17,Sunday,12,2023,1,0,Biryani,188,350,65800
2023-12-17,Sunday,12,2023,1,0,Butter Chicken,134,320,42880
2023-12-17,Sunday,12,2023,1,0,Dal Makhani,72,220,15840
2023-12-17,Sunday,12,2023,1,0,Gulab Jamun,73,80,5840
2023-12-17,Sunday,12,2023,1,0,Mango Lassi,81,90,7290
2023-12-17,Sunday,12,2023,1,0,Masala Dosa,90,120,10800
2023-12-17,Sunday,12,2023,1,0,Naan,211,60,12660
2023-12-17,Sunday,12,2023,1,0,Paneer Tikka,130,280,36400
2023-12-18,Monday,12,2023,0,0,Biryani,105,350,36750
2023-12-18,Monday,12,2023,0,0,Butter Chicken,86,320,27520
2023-12-18,Monday,12,2023,0,0,Dal Makhani,45,220,9900
2023-12-18,Monday,12,2023,0,0,Gulab Jamun,53,80,4240
2023-12-18,Monday,12,2023,0,0,Mango Lassi,58,90,5220
2023-12-18,Monday,12,2023,0,0,Masala Dosa,65,120,7800
2023-12-18,Monday,12,2023,0,0,Naan,153,60,9180
2023-12-18,Monday,12,2023,0,0,Paneer Tikka,54,280,15120
2023-12-19,Tuesday,12,2023,0,0,Biryani,140,350,49000
2023-12-19,Tuesday,12,2023,0,0,Butter Chicken,103,320,32960
2023-12-19,Tuesday,12,2023,0,0,Dal Makhani,46,220,10120
2023-12-19,Tuesday,12,2023,0,0,Gulab Jamun,54,80,4320
2023-12-19,Tuesday,12,2023,0,0,Mango Lassi,55,90,4950
2023-12-19,Tuesday,12,2023,0,0,Masala Dosa,94,120,11280
2023-12-19,Tuesday,12,2023,0,0,Naan,153,60,9180
2023-12-19,Tuesday,12,2023,0,0,Paneer Tikka,76,280,21280
2023-12-20,Wednesday,12,2023,0,0,Biryani,154,350,53900
2023-12-20,Wednesday,12,2023,0,0,Butter Chicken,96,320,30720
2023-12-20,Wednesday,12,2023,0,0,Dal Makhani,60,220,13200
2023-12-20,Wednesday,12,2023,0,0,Gulab Jamun,43,80,3440
2023-12-20,Wednesday,12,2023,0,0,Mango Lassi,59,90,5310
2023-12-20,Wednesday,12,2023,0,0,Masala Dosa,81,120,9720
2023-12-20,Wednesday,12,2023,0,0,Naan,176,60,10560
2023-12-20,Wednesday,12,2023,0,0,Paneer Tikka,88,280,24640
2023-12-21,Thursday,12,2023,0,0,Biryani,130,350,45500
2023-12-21,Thursday,12,2023,0,0,Butter Chicken,115,320,36800
2023-12-21,Thursday,12,2023,0,0,Dal Makhani,58,220,12760
2023-12-21,Thursday,12,2023,0,0,Gulab Jamun,69,80,5520
2023-12-21,Thursday,12,2023,0,0,Mango Lassi,65,90,5850
2023-12-21,Thursday,12,2023,0,0,Masala Dosa,102,120,12240
2023-12-21,Thursday,12,2023,0,0,Naan,194,60,11640
2023-12-21,Thursday,12,2023,0,0,Paneer Tikka,70,280,19600
2023-12-22,Friday,12,2023,0,0,Biryani,213,350,74550
2023-12-22,Friday,12,2023,0,0,Butter Chicken,136,320,43520
2023-12-22,Friday,12,2023,0,0,Dal Makhani,70,220,15400
2023-12-22,Friday,12,2023,0,0,Gulab Jamun,68,80,5440
2023-12-22,Friday,12,2023,0,0,Mango Lassi,81,90,7290
2023-12-22,Friday,12,2023,0,0,Masala Dosa,100,120,12000
2023-12-22,Friday,12,2023,0,0,Naan,219,60,13140
2023-12-22,Friday,12,2023,0,0,Paneer Tikka,80,280,22400
2023-12-23,Saturday,12,2023,1,0,Biryani,169,350,59150
2023-12-23,Saturday,12,2023,1,0,Butter Chicken,122,320,39040
2023-12-23,Saturday,12,2023,1,0,Dal Makhani,90,220,19800
2023-12-23,Saturday,12,2023,1,0,Gulab Jamun,84,80,6720
2023-12-23,Saturday,12,2023,1,0,Mango Lassi,85,90,7650
2023-12-23,Saturday,12,2023,1,0,Masala Dosa,118,120,14160
2023-12-23,Saturday,12,2023,1,0,Naan,185,60,11100
2023-12-23,Saturday,12,2023,1,0,Paneer Tikka,92,280,25760
2023-12-24,Sunday,12,2023,1,0,Biryani,206,350,72100
2023-12-24,Sunday,12,2023,1,0,Butter Chicken,120,320,38400
2023-12-24,Sunday,12,2023,1,0,Dal Makhani,84,220,18480
2023-12-24,Sunday,12,2023,1,0,Gulab Jamun,64,80,5120
2023-12-24,Sunday,12,2023,1,0,Mango Lassi,97,90,8730
2023-12-24,Sunday,12,2023,1,0,Masala Dosa,121,120,14520
2023-12-24,Sunday,12,2023,1,0,Naan,200,60,12000
2023-12-24,Sunday,12,2023,1,0,Paneer Tikka,96,280,26880
2023-12-25,Monday,12,2023,0,1,Biryani,149,350,52150
2023-12-25,Monday,12,2023,0,1,Butter Chicken,126,320,40320
2023-12-25,Monday,12,2023,0,1,Dal Makhani,67,220,14740
2023-12-25,Monday,12,2023,0,1,Gulab Jamun,62,80,4960
2023-12-25,Monday,12,2023,0,1,Mango Lassi,87,90,7830
2023-12-25,Monday,12,2023,0,1,Masala Dosa,121,120,14520
2023-12-25,Monday,12,2023,0,1,Naan,209,60,12540
2023-12-25,Monday,12,2023,0,1,Paneer Tikka,87,280,24360
2023-12-26,Tuesday,12,2023,0,0,Biryani,133,350,46550
2023-12-26,Tuesday,12,2023,0,0,Butter Chicken,73,320,23360
2023-12-26,Tuesday,12,2023,0,0,Dal Makhani,54,220,11880
2023-12-26,Tuesday,12,2023,0,0,Gulab Jamun,56,80,4480
2023-12-26,Tuesday,12,2023,0,0,Mango Lassi,65,90,5850
2023-12-26,Tuesday,12,2023,0,0,Masala Dosa,78,120,9360
2023-12-26,Tuesday,12,2023,0,0,Naan,140,60,8400
2023-12-26,Tuesday,12,2023,0,0,Paneer Tikka,68,280,19040
2023-12-27,Wednesday,12,2023,0,0,Biryani,124,350,43400
2023-12-27,Wednesday,12,2023,0,0,Butter Chicken,71,320,22720
2023-12-27,Wednesday,12,2023,0,0,Dal Makhani,64,220,14080
2023-12-27,Wednesday,12,2023,0,0,Gulab Jamun,51,80,4080
2023-12-27,Wednesday,12,2023,0,0,Mango Lassi,78,90,7020
2023-12-27,Wednesday,12,2023,0,0,Masala Dosa,80,120,9600
2023-12-27,Wednesday,12,2023,0,0,Naan,106,60,6360
2023-12-27,Wednesday,12,2023,0,0,Paneer Tikka,54,280,15120
2023-12-28,Thursday,12,2023,0,0,Biryani,136,350,47600
2023-12-28,Thursday,12,2023,0,0,Butter Chicken,93,320,29760
2023-12-28,Thursday,12,2023,0,0,Dal Makhani,45,220,9900
2023-12-28,Thursday,12,2023,0,0,Gulab Jamun,58,80,4640
2023-12-28,Thursday,12,2023,0,0,Mango Lassi,98,90,8820
2023-12-28,Thursday,12,2023,0,0,Masala Dosa,87,120,10440
2023-12-28,Thursday,12,2023,0,0,Naan,173,60,10380
2023-12-28,Thursday,12,2023,0,0,Paneer Tikka,76,280,21280
2023-12-29,Friday,12,2023,0,0,Biryani,174,350,60900
2023-12-29,Friday,12,2023,0,0,Butter Chicken,98,320,31360
2023-12-29,Friday,12,2023,0,0,Dal Makhani,85,220,18700
2023-12-29,Friday,12,2023,0,0,Gulab Jamun,69,80,5520
2023-12-29,Friday,12,2023,0,0,Mango Lassi,94,90,8460
2023-12-29,Friday,12,2023,0,0,Masala Dosa,109,120,13080
2023-12-29,Friday,12,2023,0,0,Naan,212,60,12720
2023-12-29,Friday,12,2023,0,0,Paneer Tikka,119,280,33320
2023-12-30,Saturday,12,2023,1,0,Biryani,172,350,60200
2023-12-30,Saturday,12,2023,1,0,Butter Chicken,107,320,34240
2023-12-30,Saturday,12,2023,1,0,Dal Makhani,71,220,15620
2023-12-30,Saturday,12,2023,1,0,Gulab Jamun,69,80,5520
2023-12-30,Saturday,12,2023,1,0,Mango Lassi,94,90,8460
2023-12-30,Saturday,12,2023,1,0,Masala Dosa,132,120,15840
2023-12-30,Saturday,12,2023,1,0,Naan,202,60,12120
2023-12-30,Saturday,12,2023,1,0,Paneer Tikka,107,280,29960
2023-12-31,Sunday,12,2023,1,0,Biryani,196,350,68600
2023-12-31,Sunday,12,2023,1,0,Butter Chicken,120,320,38400
2023-12-31,Sunday,12,2023,1,0,Dal Makhani,100,220,22000
2023-12-31,Sunday,12,2023,1,0,Gulab Jamun,74,80,5920
2023-12-31,Sunday,12,2023,1,0,Mango Lassi,104,90,9360
2023-12-31,Sunday,12,2023,1,0,Masala Dosa,124,120,14880
2023-12-31,Sunday,12,2023,1,0,Naan,209,60,12540
2023-12-31,Sunday,12,2023,1,0,Paneer Tikka,107,280,29960
2024-01-01,Monday,1,2024,0,0,Biryani,106,350,37100
2024-01-01,Monday,1,2024,0,0,Butter Chicken,72,320,23040
2024-01-01,Monday,1,2024,0,0,Dal Makhani,49,220,10780
2024-01-01,Monday,1,2024,0,0,Gulab Jamun,44,80,3520
2024-01-01,Monday,1,2024,0,0,Mango Lassi,55,90,4950
2024-01-01,Monday,1,2024,0,0,Masala Dosa,71,120,8520
2024-01-01,Monday,1,2024,0,0,Naan,130,60,7800
2024-01-01,Monday,1,2024,0,0,Paneer Tikka,64,280,17920
2024-01-02,Tuesday,1,2024,0,0,Biryani,150,350,52500
2024-01-02,Tuesday,1,2024,0,0,Butter Chicken,117,320,37440
2024-01-02,Tuesday,1,2024,0,0,Dal Makhani,58,220,12760
2024-01-02,Tuesday,1,2024,0,0,Gulab Jamun,61,80,4880
2024-01-02,Tuesday,1,2024,0,0,Mango Lassi,80,90,7200
2024-01-02,Tuesday,1,2024,0,0,Masala Dosa,96,120,11520
2024-01-02,Tuesday,1,2024,0,0,Naan,143,60,8580
2024-01-02,Tuesday,1,2024,0,0,Paneer Tikka,83,280,23240
2024-01-03,Wednesday,1,2024,0,0,Biryani,109,350,38150
2024-01-03,Wednesday,1,2024,0,0,Butter Chicken,92,320,29440
2024-01-03,Wednesday,1,2024,0,0,Dal Makhani,59,220,12980
2024-01-03,Wednesday,1,2024,0,0,Gulab Jamun,60,80,4800
2024-01-03,Wednesday,1,2024,0,0,Mango Lassi,66,90,5940
2024-01-03,Wednesday,1,2024,0,0,Masala Dosa,81,120,9720
2024-01-03,Wednesday,1,2024,0,0,Naan,180,60,10800
2024-01-03,Wednesday,1,2024,0,0,Paneer Tikka,72,280,20160
2024-01-04,Thursday,1,2024,0,0,Biryani,137,350,47950
2024-01-04,Thursday,1,2024,0,0,Butter Chicken,103,320,32960
2024-01-04,Thursday,1,2024,0,0,Dal Makhani,39,220,8580
2024-01-04,Thursday,1,2024,0,0,Gulab Jamun,63,80,5040
2024-01-04,Thursday,1,2024,0,0,Mango Lassi,74,90,6660
2024-01-04,Thursday,1,2024,0,0,Masala Dosa,69,120,8280
2024-01-04,Thursday,1,2024,0,0,Naan,157,60,9420
2024-01-04,Thursday,1,2024,0,0,Paneer Tikka,64,280,17920
2024-01-05,Friday,1,2024,0,0,Biryani,163,350,57050
2024-01-05,Friday,1,2024,0,0,Butter Chicken,141,320,45120
2024-01-05,Friday,1,2024,0,0,Dal Makhani,101,220,22220
2024-01-05,Friday,1,2024,0,0,Gulab Jamun,85,80,6800
2024-01-05,Friday,1,2024,0,0,Mango Lassi,79,90,7110
2024-01-05,Friday,1,2024,0,0,Masala Dosa,113,120,13560
2024-01-05,Friday,1,2024,0,0,Naan,241,60,14460
2024-01-05,Friday,1,2024,0,0,Paneer Tikka,118,280,33040
2024-01-06,Saturday,1,2024,1,0,Biryani,172,350,60200
2024-01-06,Saturday,1,2024,1,0,Butter Chicken,120,320,38400
2024-01-06,Saturday,1,2024,1,0,Dal Makhani,73,220,16060
2024-01-06,Saturday,1,2024,1,0,Gulab Jamun,78,80,6240
2024-01-06,Saturday,1,2024,1,0,Mango Lassi,85,90,7650
2024-01-06,Saturday,1,2024,1,0,Masala Dosa,113,120,13560
2024-01-06,Saturday,1,2024,1,0,Naan,249,60,14940
2024-01-06,Saturday,1,2024,1,0,Paneer Tikka,93,280,26040
2024-01-07,Sunday,1,2024,1,0,Biryani,141,350,49350
2024-01-07,Sunday,1,2024,1,0,Butter Chicken,104,320,33280
2024-01-07,Sunday,1,2024,1,0,Dal Makhani,83,220,18260
2024-01-07,Sunday,1,2024,1,0,Gulab Jamun,83,80,6640
2024-01-07,Sunday,1,2024,1,0,Mango Lassi,93,90,8370
2024-01-07,Sunday,1,2024,1,0,Masala Dosa,145,120,17400
2024-01-07,Sunday,1,2024,1,0,Naan,181,60,10860
2024-01-07,Sunday,1,2024,1,0,Paneer Tikka,103,280,28840
2024-01-08,Monday,1,2024,0,0,Biryani,116,350,40600
2024-01-08,Monday,1,2024,0,0,Butter Chicken,91,320,29120
2024-01-08,Monday,1,2024,0,0,Dal Makhani,50,220,11000
2024-01-08,Monday,1,2024,0,0,Gulab Jamun,48,80,3840
2024-01-08,Monday,1,2024,0,0,Mango Lassi,56,90,5040
2024-01-08,Monday,1,2024,0,0,Masala Dosa,80,120,9600
2024-01-08,Monday,1,2024,0,0,Naan,133,60,7980
2024-01-08,Monday,1,2024,0,0,Paneer Tikka,53,280,14840
2024-01-09,Tuesday,1,2024,0,0,Biryani,134,350,46900
2024-01-09,Tuesday,1,2024,0,0,Butter Chicken,79,320,25280
2024-01-09,Tuesday,1,2024,0,0,Dal Makhani,62,220,13640
2024-01-09,Tuesday,1,2024,0,0,Gulab Jamun,65,80,5200
2024-01-09,Tuesday,1,2024,0,0,Mango Lassi,73,90,6570
2024-01-09,Tuesday,1,2024,0,0,Masala Dosa,111,120,13320
2024-01-09,Tuesday,1,2024,0,0,Naan,139,60,8340
2024-01-09,Tuesday,1,2024,0,0,Paneer Tikka,65,280,18200
2024-01-10,Wednesday,1,2024,0,0,Biryani,120,350,42000
2024-01-10,Wednesday,1,2024,0,0,Butter Chicken,100,320,32000
2024-01-10,Wednesday,1,2024,0,0,Dal Makhani,62,220,13640
2024-01-10,Wednesday,1,2024,0,0,Gulab Jamun,58,80,4640
2024-01-10,Wednesday,1,2024,0,0,Mango Lassi,66,90,5940
2024-01-10,Wednesday,1,2024,0,0,Masala Dosa,73,120,8760
2024-01-10,Wednesday,1,2024,0,0,Naan,166,60,9960
2024-01-10,Wednesday,1,2024,0,0,Paneer Tikka,72,280,20160
2024-01-11,Thursday,1,2024,0,0,Biryani,129,350,45150
2024-01-11,Thursday,1,2024,0,0,Butter Chicken,76,320,24320
2024-01-11,Thursday,1,2024,0,0,Dal Makhani,76,220,16720
2024-01-11,Thursday,1,2024,0,0,Gulab Jamun,59,80,4720
2024-01-11,Thursday,1,2024,0,0,Mango Lassi,55,90,4950
2024-01-11,Thursday,1,2024,0,0,Masala Dosa,72,120,8640
2024-01-11,Thursday,1,2024,0,0,Naan,171,60,10260
2024-01-11,Thursday,1,2024,0,0,Paneer Tikka,66,280,18480
2024-01-12,Friday,1,2024,0,0,Biryani,182,350,63700
2024-01-12,Friday,1,2024,0,0,Butter Chicken,151,320,48320
2024-01-12,Friday,1,2024,0,0,Dal Makhani,97,220,21340
2024-01-12,Friday,1,2024,0,0,Gulab Jamun,70,80,5600
2024-01-12,Friday,1,2024,0,0,Mango Lassi,103,90,9270
2024-01-12,Friday,1,2024,0,0,Masala Dosa,97,120,11640
2024-01-12,Friday,1,2024,0,0,Naan,184,60,11040
2024-01-12,Friday,1,2024,0,0,Paneer Tikka,94,280,26320
2024-01-13,Saturday,1,2024,1,0,Biryani,174,350,60900
2024-01-13,Saturday,1,2024,1,0,Butter Chicken,109,320,34880
2024-01-13,Saturday,1,2024,1,0,Dal Makhani,89,220,19580
2024-01-13,Saturday,1,2024,1,0,Gulab Jamun,71,80,5680
2024-01-13,Saturday,1,2024,1,0,Mango Lassi,104,90,9360
2024-01-13,Saturday,1,2024,1,0,Masala Dosa,110,120,13200
2024-01-13,Saturday,1,2024,1,0,Naan,248,60,14880
2024-01-13,Saturday,1,2024,1,0,Paneer Tikka,66,280,18480
2024-01-14,Sunday,1,2024,1,0,Biryani,188,350,65800
2024-01-14,Sunday,1,2024,1,0,Butter Chicken,103,320,32960
2024-01-14,Sunday,1,2024,1,0,Dal Makhani,88,220,19360
2024-01-14,Sunday,1,2024,1,0,Gulab Jamun,52,80,4160
2024-01-14,Sunday,1,2024,1,0,Mango Lassi,84,90,7560
2024-01-14,Sunday,1,2024,1,0,Masala Dosa,117,120,14040
2024-01-14,Sunday,1,2024,1,0,Naan,204,60,12240
2024-01-14,Sunday,1,2024,1,0,Paneer Tikka,95,280,26600
2024-01-15,Monday,1,2024,0,0,Biryani,109,350,38150
2024-01-15,Monday,1,2024,0,0,Butter Chicken,83,320,26560
2024-01-15,Monday,1,2024,0,0,Dal Makhani,52,220,11440
2024-01-15,Monday,1,2024,0,0,Gulab Jamun,39,80,3120
2024-01-15,Monday,1,2024,0,0,Mango Lassi,53,90,4770
2024-01-15,Monday,1,2024,0,0,Masala Dosa,70,120,8400
2024-01-15,Monday,1,2024,0,0,Naan,123,60,7380
2024-01-15,Monday,1,2024,0,0,Paneer Tikka,52,280,14560
2024-01-16,Tuesday,1,2024,0,0,Biryani,126,350,44100
2024-01-16,Tuesday,1,2024,0,0,Butter Chicken,106,320,33920
2024-01-16,Tuesday,1,2024,0,0,Dal Makhani,63,220,13860
2024-01-16,Tuesday,1,2024,0,0,Gulab Jamun,63,80,5040
2024-01-16,Tuesday,1,2024,0,0,Mango Lassi,65,90,5850
2024-01-16,Tuesday,1,2024,0,0,Masala Dosa,65,120,7800
2024-01-16,Tuesday,1,2024,0,0,Naan,175,60,10500
2024-01-16,Tuesday,1,2024,0,0,Paneer Tikka,75,280,21000
2024-01-17,Wednesday,1,2024,0,0,Biryani,113,350,39550
2024-01-17,Wednesday,1,2024,0,0,Butter Chicken,104,320,33280
2024-01-17,Wednesday,1,2024,0,0,Dal Makhani,56,220,12320
2024-01-17,Wednesday,1,2024,0,0,Gulab Jamun,67,80,5360
2024-01-17,Wednesday,1,2024,0,0,Mango Lassi,61,90,5490
2024-01-17,Wednesday,1,2024,0,0,Masala Dosa,78,120,9360
2024-01-17,Wednesday,1,2024,0,0,Naan,155,60,9300
2024-01-17,Wednesday,1,2024,0,0,Paneer Tikka,85,280,23800
2024-01-18,Thursday,1,2024,0,0,Biryani,116,350,40600
2024-01-18,Thursday,1,2024,0,0,Butter Chicken,92,320,29440
2024-01-18,Thursday,1,2024,0,0,Dal Makhani,59,220,12980
2024-01-18,Thursday,1,2024,0,0,Gulab Jamun,55,80,4400
2024-01-18,Thursday,1,2024,0,0,Mango Lassi,63,90,5670
2024-01-18,Thursday,1,2024,0,0,Masala Dosa,83,120,9960
2024-01-18,Thursday,1,2024,0,0,Naan,167,60,10020
2024-01-18,Thursday,1,2024,0,0,Paneer Tikka,76,280,21280
2024-01-19,Friday,1,2024,0,0,Biryani,222,350,77700
2024-01-19,Friday,1,2024,0,0,Butter Chicken,109,320,34880
2024-01-19,Friday,1,2024,0,0,Dal Makhani,83,220,18260
2024-01-19,Friday,1,2024,0,0,Gulab Jamun,63,80,5040
2024-01-19,Friday,1,2024,0,0,Mango Lassi,110,90,9900
2024-01-19,Friday,1,2024,0,0,Masala Dosa,126,120,15120
2024-01-19,Friday,1,2024,0,0,Naan,223,60,13380
2024-01-19,Friday,1,2024,0,0,Paneer Tikka,104,280,29120
2024-01-20,Saturday,1,2024,1,0,Biryani,167,350,58450
2024-01-20,Saturday,1,2024,1,0,Butter Chicken,137,320,43840
2024-01-20,Saturday,1,2024,1,0,Dal Makhani,101,220,22220
2024-01-20,Saturday,1,2024,1,0,Gulab Jamun,77,80,6160
2024-01-20,Saturday,1,2024,1,0,Mango Lassi,89,90,8010
2024-01-20,Saturday,1,2024,1,0,Masala Dosa,124,120,14880
2024-01-20,Saturday,1,2024,1,0,Naan,237,60,14220
2024-01-20,Saturday,1,2024,1,0,Paneer Tikka,120,280,33600
2024-01-21,Sunday,1,2024,1,0,Biryani,140,350,49000
2024-01-21,Sunday,1,2024,1,0,Butter Chicken,153,320,48960
2024-01-21,Sunday,1,2024,1,0,Dal Makhani,72,220,15840
2024-01-21,Sunday,1,2024,1,0,Gulab Jamun,74,80,5920
2024-01-21,Sunday,1,2024,1,0,Mango Lassi,105,90,9450
2024-01-21,Sunday,1,2024,1,0,Masala Dosa,121,120,14520
2024-01-21,Sunday,1,2024,1,0,Naan,212,60,12720
2024-01-21,Sunday,1,2024,1,0,Paneer Tikka,102,280,28560
2024-01-22,Monday,1,2024,0,0,Biryani,85,350,29750
2024-01-22,Monday,1,2024,0,0,Butter Chicken,60,320,19200
2024-01-22,Monday,1,2024,0,0,Dal Makhani,54,220,11880
2024-01-22,Monday,1,2024,0,0,Gulab Jamun,40,80,3200
2024-01-22,Monday,1,2024,0,0,Mango Lassi,62,90,5580
2024-01-22,Monday,1,2024,0,0,Masala Dosa,72,120,8640
2024-01-22,Monday,1,2024,0,0,Naan,127,60,7620
2024-01-22,Monday,1,2024,0,0,Paneer Tikka,60,280,16800
2024-01-23,Tuesday,1,2024,0,0,Biryani,134,350,46900
2024-01-23,Tuesday,1,2024,0,0,Butter Chicken,111,320,35520
2024-01-23,Tuesday,1,2024,0,0,Dal Makhani,66,220,14520
2024-01-23,Tuesday,1,2024,0,0,Gulab Jamun,66,80,5280
2024-01-23,Tuesday,1,2024,0,0,Mango Lassi,76,90,6840
2024-01-23,Tuesday,1,2024,0,0,Masala Dosa,95,120,11400
2024-01-23,Tuesday,1,2024,0,0,Naan,147,60,8820
2024-01-23,Tuesday,1,2024,0,0,Paneer Tikka,79,280,22120
2024-01-24,Wednesday,1,2024,0,0,Biryani,115,350,40250
2024-01-24,Wednesday,1,2024,0,0,Butter Chicken,90,320,28800
2024-01-24,Wednesday,1,2024,0,0,Dal Makhani,66,220,14520
2024-01-24,Wednesday,1,2024,0,0,Gulab Jamun,48,80,3840
2024-01-24,Wednesday,1,2024,0,0,Mango Lassi,65,90,5850
2024-01-24,Wednesday,1,2024,0,0,Masala Dosa,67,120,8040
2024-01-24,Wednesday,1,2024,0,0,Naan,169,60,10140
2024-01-24,Wednesday,1,2024,0,0,Paneer Tikka,77,280,21560
2024-01-25,Thursday,1,2024,0,0,Biryani,142,350,49700
2024-01-25,Thursday,1,2024,0,0,Butter Chicken,95,320,30400
2024-01-25,Thursday,1,2024,0,0,Dal Makhani,63,220,13860
2024-01-25,Thursday,1,2024,0,0,Gulab Jamun,62,80,4960
2024-01-25,Thursday,1,2024,0,0,Mango Lassi,81,90,7290
2024-01-25,Thursday,1,2024,0,0,Masala Dosa,78,120,9360
2024-01-25,Thursday,1,2024,0,0,Naan,157,60,9420
2024-01-25,Thursday,1,2024,0,0,Paneer Tikka,63,280,17640
2024-01-26,Friday,1,2024,0,1,Biryani,302,350,105700
2024-01-26,Friday,1,2024,0,1,Butter Chicken,195,320,62400
2024-01-26,Friday,1,2024,0,1,Dal Makhani,124,220,27280
2024-01-26,Friday,1,2024,0,1,Gulab Jamun,90,80,7200
2024-01-26,Friday,1,2024,0,1,Mango Lassi,165,90,14850
2024-01-26,Friday,1,2024,0,1,Masala Dosa,197,120,23640
2024-01-26,Friday,1,2024,0,1,Naan,331,60,19860
2024-01-26,Friday,1,2024,0,1,Paneer Tikka,144,280,40320
2024-01-27,Saturday,1,2024,1,0,Biryani,182,350,63700
2024-01-27,Saturday,1,2024,1,0,Butter Chicken,135,320,43200
2024-01-27,Saturday,1,2024,1,0,Dal Makhani,83,220,18260
2024-01-27,Saturday,1,2024,1,0,Gulab Jamun,75,80,6000
2024-01-27,Saturday,1,2024,1,0,Mango Lassi,96,90,8640
2024-01-27,Saturday,1,2024,1,0,Masala Dosa,138,120,16560
2024-01-27,Saturday,1,2024,1,0,Naan,172,60,10320
2024-01-27,Saturday,1,2024,1,0,Paneer Tikka,95,280,26600
2024-01-28,Sunday,1,2024,1,0,Biryani,194,350,67900
2024-01-28,Sunday,1,2024,1,0,Butter Chicken,149,320,47680
2024-01-28,Sunday,1,2024,1,0,Dal Makhani,81,220,17820
2024-01-28,Sunday,1,2024,1,0,Gulab Jamun,74,80,5920
2024-01-28,Sunday,1,2024,1,0,Mango Lassi,85,90,7650
2024-01-28,Sunday,1,2024,1,0,Masala Dosa,87,120,10440
2024-01-28,Sunday,1,2024,1,0,Naan,239,60,14340
2024-01-28,Sunday,1,2024,1,0,Paneer Tikka,88,280,24640
2024-01-29,Monday,1,2024,0,0,Biryani,99,350,34650
2024-01-29,Monday,1,2024,0,0,Butter Chicken,83,320,26560
2024-01-29,Monday,1,2024,0,0,Dal Makhani,45,220,9900
2024-01-29,Monday,1,2024,0,0,Gulab Jamun,49,80,3920
2024-01-29,Monday,1,2024,0,0,Mango Lassi,52,90,4680
2024-01-29,Monday,1,2024,0,0,Masala Dosa,61,120,7320
2024-01-29,Monday,1,2024,0,0,Naan,127,60,7620
2024-01-29,Monday,1,2024,0,0,Paneer Tikka,62,280,17360
2024-01-30,Tuesday,1,2024,0,0,Biryani,119,350,41650
2024-01-30,Tuesday,1,2024,0,0,Butter Chicken,64,320,20480
2024-01-30,Tuesday,1,2024,0,0,Dal Makhani,49,220,10780
2024-01-30,Tuesday,1,2024,0,0,Gulab Jamun,64,80,5120
2024-01-30,Tuesday,1,2024,0,0,Mango Lassi,70,90,6300
2024-01-30,Tuesday,1,2024,0,0,Masala Dosa,87,120,10440
2024-01-30,Tuesday,1,2024,0,0,Naan,137,60,8220
2024-01-30,Tuesday,1,2024,0,0,Paneer Tikka,71,280,19880
2024-01-31,Wednesday,1,2024,0,0,Biryani,128,350,44800
2024-01-31,Wednesday,1,2024,0,0,Butter Chicken,91,320,29120
2024-01-31,Wednesday,1,2024,0,0,Dal Makhani,56,220,12320
2024-01-31,Wednesday,1,2024,0,0,Gulab Jamun,53,80,4240
2024-01-31,Wednesday,1,2024,0,0,Mango Lassi,69,90,6210
2024-01-31,Wednesday,1,2024,0,0,Masala Dosa,68,120,8160
2024-01-31,Wednesday,1,2024,0,0,Naan,138,60,8280
2024-01-31,Wednesday,1,2024,0,0,Paneer Tikka,78,280,21840
2024-02-01,Thursday,2,2024,0,0,Biryani,122,350,42700
2024-02-01,Thursday,2,2024,0,0,Butter Chicken,99,320,31680
2024-02-01,Thursday,2,2024,0,0,Dal Makhani,67,220,14740
2024-02-01,Thursday,2,2024,0,0,Gulab Jamun,49,80,3920
2024-02-01,Thursday,2,2024,0,0,Mango Lassi,63,90,5670
2024-02-01,Thursday,2,2024,0,0,Masala Dosa,96,120,11520
2024-02-01,Thursday,2,2024,0,0,Naan,137,60,8220
2024-02-01,Thursday,2,2024,0,0,Paneer Tikka,71,280,19880
2024-02-02,Friday,2,2024,0,0,Biryani,209,350,73150
2024-02-02,Friday,2,2024,0,0,Butter Chicken,112,320,35840
2024-02-02,Friday,2,2024,0,0,Dal Makhani,90,220,19800
2024-02-02,Friday,2,2024,0,0,Gulab Jamun,66,80,5280
2024-02-02,Friday,2,2024,0,0,Mango Lassi,89,90,8010
2024-02-02,Friday,2,2024,0,0,Masala Dosa,126,120,15120
2024-02-02,Friday,2,2024,0,0,Naan,247,60,14820
2024-02-02,Friday,2,2024,0,0,Paneer Tikka,95,280,26600
2024-02-03,Saturday,2,2024,1,0,Biryani,160,350,56000
2024-02-03,Saturday,2,2024,1,0,Butter Chicken,123,320,39360
2024-02-03,Saturday,2,2024,1,0,Dal Makhani,94,220,20680
2024-02-03,Saturday,2,2024,1,0,Gulab Jamun,72,80,5760
2024-02-03,Saturday,2,2024,1,0,Mango Lassi,101,90,9090
2024-02-03,Saturday,2,2024,1,0,Masala Dosa,145,120,17400
2024-02-03,Saturday,2,2024,1,0,Naan,244,60,14640
2024-02-03,Saturday,2,2024,1,0,Paneer Tikka,118,280,33040
2024-02-04,Sunday,2,2024,1,0,Biryani,152,350,53200
2024-02-04,Sunday,2,2024,1,0,Butter Chicken,173,320,55360
2024-02-04,Sunday,2,2024,1,0,Dal Makhani,65,220,14300
2024-02-04,Sunday,2,2024,1,0,Gulab Jamun,73,80,5840
2024-02-04,Sunday,2,2024,1,0,Mango Lassi,98,90,8820
2024-02-04,Sunday,2,2024,1,0,Masala Dosa,92,120,11040
2024-02-04,Sunday,2,2024,1,0,Naan,240,60,14400
2024-02-04,Sunday,2,2024,1,0,Paneer Tikka,94,280,26320
2024-02-05,Monday,2,2024,0,0,Biryani,113,350,39550
2024-02-05,Monday,2,2024,0,0,Butter Chicken,82,320,26240
2024-02-05,Monday,2,2024,0,0,Dal Makhani,58,220,12760
2024-02-05,Monday,2,2024,0,0,Gulab Jamun,41,80,3280
2024-02-05,Monday,2,2024,0,0,Mango Lassi,60,90,5400
2024-02-05,Monday,2,2024,0,0,Masala Dosa,64,120,7680
2024-02-05,Monday,2,2024,0,0,Naan,116,60,6960
2024-02-05,Monday,2,2024,0,0,Paneer Tikka,63,280,17640
2024-02-06,Tuesday,2,2024,0,0,Biryani,158,350,55300
2024-02-06,Tuesday,2,2024,0,0,Butter Chicken,111,320,35520
2024-02-06,Tuesday,2,2024,0,0,Dal Makhani,54,220,11880
2024-02-06,Tuesday,2,2024,0,0,Gulab Jamun,61,80,4880
2024-02-06,Tuesday,2,2024,0,0,Mango Lassi,84,90,7560
2024-02-06,Tuesday,2,2024,0,0,Masala Dosa,104,120,12480
2024-02-06,Tuesday,2,2024,0,0,Naan,196,60,11760
2024-02-06,Tuesday,2,2024,0,0,Paneer Tikka,79,280,22120
2024-02-07,Wednesday,2,2024,0,0,Biryani,126,350,44100
2024-02-07,Wednesday,2,2024,0,0,Butter Chicken,80,320,25600
2024-02-07,Wednesday,2,2024,0,0,Dal Makhani,68,220,14960
2024-02-07,Wednesday,2,2024,0,0,Gulab Jamun,66,80,5280
2024-02-07,Wednesday,2,2024,0,0,Mango Lassi,75,90,6750
2024-02-07,Wednesday,2,2024,0,0,Masala Dosa,96,120,11520
2024-02-07,Wednesday,2,2024,0,0,Naan,143,60,8580
2024-02-07,Wednesday,2,2024,0,0,Paneer Tikka,70,280,19600
2024-02-08,Thursday,2,2024,0,0,Biryani,124,350,43400
2024-02-08,Thursday,2,2024,0,0,Butter Chicken,104,320,33280
2024-02-08,Thursday,2,2024,0,0,Dal Makhani,72,220,15840
2024-02-08,Thursday,2,2024,0,0,Gulab Jamun,53,80,4240
2024-02-08,Thursday,2,2024,0,0,Mango Lassi,52,90,4680
2024-02-08,Thursday,2,2024,0,0,Masala Dosa,87,120,10440
2024-02-08,Thursday,2,2024,0,0,Naan,179,60,10740
2024-02-08,Thursday,2,2024,0,0,Paneer Tikka,66,280,18480
2024-02-09,Friday,2,2024,0,0,Biryani,158,350,55300
2024-02-09,Friday,2,2024,0,0,Butter Chicken,118,320,37760
2024-02-09,Friday,2,2024,0,0,Dal Makhani,86,220,18920
2024-02-09,Friday,2,2024,0,0,Gulab Jamun,78,80,6240
2024-02-09,Friday,2,2024,0,0,Mango Lassi,104,90,9360
2024-02-09,Friday,2,2024,0,0,Masala Dosa,101,120,12120
2024-02-09,Friday,2,2024,0,0,Naan,247,60,14820
2024-02-09,Friday,2,2024,0,0,Paneer Tikka,125,280,35000
2024-02-10,Saturday,2,2024,1,0,Biryani,149,350,52150
2024-02-10,Saturday,2,2024,1,0,Butter Chicken,136,320,43520
2024-02-10,Saturday,2,2024,1,0,Dal Makhani,95,220,20900
2024-02-10,Saturday,2,2024,1,0,Gulab Jamun,80,80,6400
2024-02-10,Saturday,2,2024,1,0,Mango Lassi,85,90,7650
2024-02-10,Saturday,2,2024,1,0,Masala Dosa,130,120,15600
2024-02-10,Saturday,2,2024,1,0,Naan,216,60,12960
2024-02-10,Saturday,2,2024,1,0,Paneer Tikka,137,280,38360
2024-02-11,Sunday,2,2024,1,0,Biryani,200,350,70000
2024-02-11,Sunday,2,2024,1,0,Butter Chicken,139,320,44480
2024-02-11,Sunday,2,2024,1,0,Dal Makhani,88,220,19360
2024-02-11,Sunday,2,2024,1,0,Gulab Jamun,79,80,6320
2024-02-11,Sunday,2,2024,1,0,Mango Lassi,95,90,8550
2024-02-11,Sunday,2,2024,1,0,Masala Dosa,134,120,16080
2024-02-11,Sunday,2,2024,1,0,Naan,238,60,14280
2024-02-11,Sunday,2,2024,1,0,Paneer Tikka,79,280,22120
2024-02-12,Monday,2,2024,0,0,Biryani,126,350,44100
2024-02-12,Monday,2,2024,0,0,Butter Chicken,72,320,23040
2024-02-12,Monday,2,2024,0,0,Dal Makhani,59,220,12980
2024-02-12,Monday,2,2024,0,0,Gulab Jamun,40,80,3200
2024-02-12,Monday,2,2024,0,0,Mango Lassi,63,90,5670
2024-02-12,Monday,2,2024,0,0,Masala Dosa,70,120,8400
2024-02-12,Monday,2,2024,0,0,Naan,127,60,7620
2024-02-12,Monday,2,2024,0,0,Paneer Tikka,55,280,15400
2024-02-13,Tuesday,2,2024,0,0,Biryani,123,350,43050
2024-02-13,Tuesday,2,2024,0,0,Butter Chicken,108,320,34560
2024-02-13,Tuesday,2,2024,0,0,Dal Makhani,60,220,13200
2024-02-13,Tuesday,2,2024,0,0,Gulab Jamun,55,80,4400
2024-02-13,Tuesday,2,2024,0,0,Mango Lassi,62,90,5580
2024-02-13,Tuesday,2,2024,0,0,Masala Dosa,95,120,11400
2024-02-13,Tuesday,2,2024,0,0,Naan,168,60,10080
2024-02-13,Tuesday,2,2024,0,0,Paneer Tikka,93,280,26040
2024-02-14,Wednesday,2,2024,0,0,Biryani,123,350,43050
2024-02-14,Wednesday,2,2024,0,0,Butter Chicken,111,320,35520
2024-02-14,Wednesday,2,2024,0,0,Dal Makhani,73,220,16060
2024-02-14,Wednesday,2,2024,0,0,Gulab Jamun,57,80,4560
2024-02-14,Wednesday,2,2024,0,0,Mango Lassi,73,90,6570
2024-02-14,Wednesday,2,2024,0,0,Masala Dosa,89,120,10680
2024-02-14,Wednesday,2,2024,0,0,Naan,186,60,11160
2024-02-14,Wednesday,2,2024,0,0,Paneer Tikka,82,280,22960
2024-02-15,Thursday,2,2024,0,0,Biryani,102,350,35700
2024-02-15,Thursday,2,2024,0,0,Butter Chicken,90,320,28800
2024-02-15,Thursday,2,2024,0,0,Dal Makhani,69,220,15180
2024-02-15,Thursday,2,2024,0,0,Gulab Jamun,54,80,4320
2024-02-15,Thursday,2,2024,0,0,Mango Lassi,67,90,6030
2024-02-15,Thursday,2,2024,0,0,Masala Dosa,104,120,12480
2024-02-15,Thursday,2,2024,0,0,Naan,133,60,7980
2024-02-15,Thursday,2,2024,0,0,Paneer Tikka,75,280,21000
2024-02-16,Friday,2,2024,0,0,Biryani,218,350,76300
2024-02-16,Friday,2,2024,0,0,Butter Chicken,125,320,40000
2024-02-16,Friday,2,2024,0,0,Dal Makhani,59,220,12980
2024-02-16,Friday,2,2024,0,0,Gulab Jamun,65,80,5200
2024-02-16,Friday,2,2024,0,0,Mango Lassi,81,90,7290
2024-02-16,Friday,2,2024,0,0,Masala Dosa,123,120,14760
2024-02-16,Friday,2,2024,0,0,Naan,255,60,15300
2024-02-16,Friday,2,2024,0,0,Paneer Tikka,98,280,27440
2024-02-17,Saturday,2,2024,1,0,Biryani,161,350,56350
2024-02-17,Saturday,2,2024,1,0,Butter Chicken,163,320,52160
2024-02-17,Saturday,2,2024,1,0,Dal Makhani,96,220,21120
2024-02-17,Saturday,2,2024,1,0,Gulab Jamun,78,80,6240
2024-02-17,Saturday,2,2024,1,0,Mango Lassi,82,90,7380
2024-02-17,Saturday,2,2024,1,0,Masala Dosa,105,120,12600
2024-02-17,Saturday,2,2024,1,0,Naan,230,60,13800
2024-02-17,Saturday,2,2024,1,0,Paneer Tikka,90,280,25200
2024-02-18,Sunday,2,2024,1,0,Biryani,199,350,69650
2024-02-18,Sunday,2,2024,1,0,Butter Chicken,154,320,49280
2024-02-18,Sunday,2,2024,1,0,Dal Makhani,88,220,19360
2024-02-18,Sunday,2,2024,1,0,Gulab Jamun,65,80,5200
2024-02-18,Sunday,2,2024,1,0,Mango Lassi,98,90,8820
2024-02-18,Sunday,2,2024,1,0,Masala Dosa,119,120,14280
2024-02-18,Sunday,2,2024,1,0,Naan,267,60,16020
2024-02-18,Sunday,2,2024,1,0,Paneer Tikka,115,280,32200
2024-02-19,Monday,2,2024,0,0,Biryani,106,350,37100
2024-02-19,Monday,2,2024,0,0,Butter Chicken,100,320,32000
2024-02-19,Monday,2,2024,0,0,Dal Makhani,52,220,11440
2024-02-19,Monday,2,2024,0,0,Gulab Jamun,51,80,4080
2024-02-19,Monday,2,2024,0,0,Mango Lassi,70,90,6300
2024-02-19,Monday,2,2024,0,0,Masala Dosa,62,120,7440
2024-02-19,Monday,2,2024,0,0,Naan,130,60,7800
2024-02-19,Monday,2,2024,0,0,Paneer Tikka,53,280,14840
2024-02-20,Tuesday,2,2024,0,0,Biryani,112,350,39200
2024-02-20,Tuesday,2,2024,0,0,Butter Chicken,103,320,32960
2024-02-20,Tuesday,2,2024,0,0,Dal Makhani,64,220,14080
2024-02-20,Tuesday,2,2024,0,0,Gulab Jamun,56,80,4480
2024-02-20,Tuesday,2,2024,0,0,Mango Lassi,64,90,5760
2024-02-20,Tuesday,2,2024,0,0,Masala Dosa,93,120,11160
2024-02-20,Tuesday,2,2024,0,0,Naan,185,60,11100
2024-02-20,Tuesday,2,2024,0,0,Paneer Tikka,67,280,18760
2024-02-21,Wednesday,2,2024,0,0,Biryani,153,350,53550
2024-02-21,Wednesday,2,2024,0,0,Butter Chicken,87,320,27840
2024-02-21,Wednesday,2,2024,0,0,Dal Makhani,51,220,11220
2024-02-21,Wednesday,2,2024,0,0,Gulab Jamun,66,80,5280
2024-02-21,Wednesday,2,2024,0,0,Mango Lassi,58,90,5220
2024-02-21,Wednesday,2,2024,0,0,Masala Dosa,94,120,11280
2024-02-21,Wednesday,2,2024,0,0,Naan,195,60,11700
2024-02-21,Wednesday,2,2024,0,0,Paneer Tikka,83,280,23240
2024-02-22,Thursday,2,2024,0,0,Biryani,146,350,51100
2024-02-22,Thursday,2,2024,0,0,Butter Chicken,84,320,26880
2024-02-22,Thursday,2,2024,0,0,Dal Makhani,76,220,16720
2024-02-22,Thursday,2,2024,0,0,Gulab Jamun,49,80,3920
2024-02-22,Thursday,2,2024,0,0,Mango Lassi,79,90,7110
2024-02-22,Thursday,2,2024,0,0,Masala Dosa,85,120,10200
2024-02-22,Thursday,2,2024,0,0,Naan,177,60,10620
2024-02-22,Thursday,2,2024,0,0,Paneer Tikka,74,280,20720
2024-02-23,Friday,2,2024,0,0,Biryani,180,350,63000
2024-02-23,Friday,2,2024,0,0,Butter Chicken,120,320,38400
2024-02-23,Friday,2,2024,0,0,Dal Makhani,101,220,22220
2024-02-23,Friday,2,2024,0,0,Gulab Jamun,71,80,5680
2024-02-23,Friday,2,2024,0,0,Mango Lassi,89,90,8010
2024-02-23,Friday,2,2024,0,0,Masala Dosa,117,120,14040
2024-02-23,Friday,2,2024,0,0,Naan,239,60,14340
2024-02-23,Friday,2,2024,0,0,Paneer Tikka,122,280,34160
2024-02-24,Saturday,2,2024,1,0,Biryani,173,350,60550
2024-02-24,Saturday,2,2024,1,0,Butter Chicken,143,320,45760
2024-02-24,Saturday,2,2024,1,0,Dal Makhani,83,220,18260
2024-02-24,Saturday,2,2024,1,0,Gulab Jamun,80,80,6400
2024-02-24,Saturday,2,2024,1,0,Mango Lassi,82,90,7380
2024-02-24,Saturday,2,2024,1,0,Masala Dosa,88,120,10560
2024-02-24,Saturday,2,2024,1,0,Naan,223,60,13380
2024-02-24,Saturday,2,2024,1,0,Paneer Tikka,103,280,28840
2024-02-25,Sunday,2,2024,1,0,Biryani,146,350,51100
2024-02-25,Sunday,2,2024,1,0,Butter Chicken,117,320,37440
2024-02-25,Sunday,2,2024,1,0,Dal Makhani,71,220,15620
2024-02-25,Sunday,2,2024,1,0,Gulab Jamun,71,80,5680
2024-02-25,Sunday,2,2024,1,0,Mango Lassi,95,90,8550
2024-02-25,Sunday,2,2024,1,0,Masala Dosa,146,120,17520
2024-02-25,Sunday,2,2024,1,0,Naan,202,60,12120
2024-02-25,Sunday,2,2024,1,0,Paneer Tikka,81,280,22680
2024-02-26,Monday,2,2024,0,0,Biryani,109,350,38150
2024-02-26,Monday,2,2024,0,0,Butter Chicken,84,320,26880
2024-02-26,Monday,2,2024,0,0,Dal Makhani,43,220,9460
2024-02-26,Monday,2,2024,0,0,Gulab Jamun,36,80,2880
2024-02-26,Monday,2,2024,0,0,Mango Lassi,48,90,4320
2024-02-26,Monday,2,2024,0,0,Masala Dosa,85,120,10200
2024-02-26,Monday,2,2024,0,0,Naan,153,60,9180
2024-02-26,Monday,2,2024,0,0,Paneer Tikka,61,280,17080
2024-02-27,Tuesday,2,2024,0,0,Biryani,147,350,51450
2024-02-27,Tuesday,2,2024,0,0,Butter Chicken,97,320,31040
2024-02-27,Tuesday,2,2024,0,0,Dal Makhani,57,220,12540
2024-02-27,Tuesday,2,2024,0,0,Gulab Jamun,58,80,4640
2024-02-27,Tuesday,2,2024,0,0,Mango Lassi,77,90,6930
2024-02-27,Tuesday,2,2024,0,0,Masala Dosa,100,120,12000
2024-02-27,Tuesday,2,2024,0,0,Naan,206,60,12360
2024-02-27,Tuesday,2,2024,0,0,Paneer Tikka,66,280,18480
2024-02-28,Wednesday,2,2024,0,0,Biryani,125,350,43750
2024-02-28,Wednesday,2,2024,0,0,Butter Chicken,114,320,36480
2024-02-28,Wednesday,2,2024,0,0,Dal Makhani,63,220,13860
2024-02-28,Wednesday,2,2024,0,0,Gulab Jamun,45,80,3600
2024-02-28,Wednesday,2,2024,0,0,Mango Lassi,62,90,5580
2024-02-28,Wednesday,2,2024,0,0,Masala Dosa,89,120,10680
2024-02-28,Wednesday,2,2024,0,0,Naan,180,60,10800
2024-02-28,Wednesday,2,2024,0,0,Paneer Tikka,70,280,19600
2024-02-29,Thursday,2,2024,0,0,Biryani,171,350,59850
2024-02-29,Thursday,2,2024,0,0,Butter Chicken,99,320,31680
2024-02-29,Thursday,2,2024,0,0,Dal Makhani,52,220,11440
2024-02-29,Thursday,2,2024,0,0,Gulab Jamun,72,80,5760
2024-02-29,Thursday,2,2024,0,0,Mango Lassi,65,90,5850
2024-02-29,Thursday,2,2024,0,0,Masala Dosa,103,120,12360
2024-02-29,Thursday,2,2024,0,0,Naan,173,60,10380
2024-02-29,Thursday,2,2024,0,0,Paneer Tikka,74,280,20720
2024-03-01,Friday,3,2024,0,0,Biryani,184,350,64400
2024-03-01,Friday,3,2024,0,0,Butter Chicken,139,320,44480
2024-03-01,Friday,3,2024,0,0,Dal Makhani,81,220,17820
2024-03-01,Friday,3,2024,0,0,Gulab Jamun,79,80,6320
2024-03-01,Friday,3,2024,0,0,Mango Lassi,110,90,9900
2024-03-01,Friday,3,2024,0,0,Masala Dosa,79,120,9480
2024-03-01,Friday,3,2024,0,0,Naan,224,60,13440
2024-03-01,Friday,3,2024,0,0,Paneer Tikka,105,280,29400
2024-03-02,Saturday,3,2024,1,0,Biryani,165,350,57750
2024-03-02,Saturday,3,2024,1,0,Butter Chicken,127,320,40640
2024-03-02,Saturday,3,2024,1,0,Dal Makhani,78,220,17160
2024-03-02,Saturday,3,2024,1,0,Gulab Jamun,68,80,5440
2024-03-02,Saturday,3,2024,1,0,Mango Lassi,107,90,9630
2024-03-02,Saturday,3,2024,1,0,Masala Dosa,103,120,12360
2024-03-02,Saturday,3,2024,1,0,Naan,264,60,15840
2024-03-02,Saturday,3,2024,1,0,Paneer Tikka,122,280,34160
2024-03-03,Sunday,3,2024,1,0,Biryani,152,350,53200
2024-03-03,Sunday,3,2024,1,0,Butter Chicken,144,320,46080
2024-03-03,Sunday,3,2024,1,0,Dal Makhani,76,220,16720
2024-03-03,Sunday,3,2024,1,0,Gulab Jamun,77,80,6160
2024-03-03,Sunday,3,2024,1,0,Mango Lassi,114,90,10260
2024-03-03,Sunday,3,2024,1,0,Masala Dosa,113,120,13560
2024-03-03,Sunday,3,2024,1,0,Naan,197,60,11820
2024-03-03,Sunday,3,2024,1,0,Paneer Tikka,100,280,28000
2024-03-04,Monday,3,2024,0,0,Biryani,110,350,38500
2024-03-04,Monday,3,2024,0,0,Butter Chicken,61,320,19520
2024-03-04,Monday,3,2024,0,0,Dal Makhani,56,220,12320
2024-03-04,Monday,3,2024,0,0,Gulab Jamun,46,80,3680
2024-03-04,Monday,3,2024,0,0,Mango Lassi,75,90,6750
2024-03-04,Monday,3,2024,0,0,Masala Dosa,77,120,9240
2024-03-04,Monday,3,2024,0,0,Naan,133,60,7980
2024-03-04,Monday,3,2024,0,0,Paneer Tikka,65,280,18200
2024-03-05,Tuesday,3,2024,0,0,Biryani,170,350,59500
2024-03-05,Tuesday,3,2024,0,0,Butter Chicken,103,320,32960
2024-03-05,Tuesday,3,2024,0,0,Dal Makhani,67,220,14740
2024-03-05,Tuesday,3,2024,0,0,Gulab Jamun,46,80,3680
2024-03-05,Tuesday,3,2024,0,0,Mango Lassi,83,90,7470
2024-03-05,Tuesday,3,2024,0,0,Masala Dosa,72,120,8640
2024-03-05,Tuesday,3,2024,0,0,Naan,168,60,10080
2024-03-05,Tuesday,3,2024,0,0,Paneer Tikka,72,280,20160
2024-03-06,Wednesday,3,2024,0,0,Biryani,136,350,47600
2024-03-06,Wednesday,3,2024,0,0,Butter Chicken,98,320,31360
2024-03-06,Wednesday,3,2024,0,0,Dal Makhani,72,220,15840
2024-03-06,Wednesday,3,2024,0,0,Gulab Jamun,53,80,4240
2024-03-06,Wednesday,3,2024,0,0,Mango Lassi,73,90,6570
2024-03-06,Wednesday,3,2024,0,0,Masala Dosa,73,120,8760
2024-03-06,Wednesday,3,2024,0,0,Naan,171,60,10260
2024-03-06,Wednesday,3,2024,0,0,Paneer Tikka,67,280,18760
2024-03-07,Thursday,3,2024,0,0,Biryani,126,350,44100
2024-03-07,Thursday,3,2024,0,0,Butter Chicken,92,320,29440
2024-03-07,Thursday,3,2024,0,0,Dal Makhani,51,220,11220
2024-03-07,Thursday,3,2024,0,0,Gulab Jamun,35,80,2800
2024-03-07,Thursday,3,2024,0,0,Mango Lassi,100,90,9000
2024-03-07,Thursday,3,2024,0,0,Masala Dosa,79,120,9480
2024-03-07,Thursday,3,2024,0,0,Naan,155,60,9300
2024-03-07,Thursday,3,2024,0,0,Paneer Tikka,69,280,19320
2024-03-08,Friday,3,2024,0,0,Biryani,180,350,63000
2024-03-08,Friday,3,2024,0,0,Butter Chicken,148,320,47360
2024-03-08,Friday,3,2024,0,0,Dal Makhani,70,220,15400
2024-03-08,Friday,3,2024,0,0,Gulab Jamun,75,80,6000
2024-03-08,Friday,3,2024,0,0,Mango Lassi,122,90,10980
2024-03-08,Friday,3,2024,0,0,Masala Dosa,141,120,16920
2024-03-08,Friday,3,2024,0,0,Naan,256,60,15360
2024-03-08,Friday,3,2024,0,0,Paneer Tikka,94,280,26320
2024-03-09,Saturday,3,2024,1,0,Biryani,171,350,59850
2024-03-09,Saturday,3,2024,1,0,Butter Chicken,134,320,42880
2024-03-09,Saturday,3,2024,1,0,Dal Makhani,83,220,18260
2024-03-09,Saturday,3,2024,1,0,Gulab Jamun,73,80,5840
2024-03-09,Saturday,3,2024,1,0,Mango Lassi,108,90,9720
2024-03-09,Saturday,3,2024,1,0,Masala Dosa,111,120,13320
2024-03-09,Saturday,3,2024,1,0,Naan,201,60,12060
2024-03-09,Saturday,3,2024,1,0,Paneer Tikka,82,280,22960
2024-03-10,Sunday,3,2024,1,0,Biryani,165,350,57750
2024-03-10,Sunday,3,2024,1,0,Butter Chicken,132,320,42240
2024-03-10,Sunday,3,2024,1,0,Dal Makhani,69,220,15180
2024-03-10,Sunday,3,2024,1,0,Gulab Jamun,84,80,6720
2024-03-10,Sunday,3,2024,1,0,Mango Lassi,127,90,11430
2024-03-10,Sunday,3,2024,1,0,Masala Dosa,85,120,10200
2024-03-10,Sunday,3,2024,1,0,Naan,238,60,14280
2024-03-10,Sunday,3,2024,1,0,Paneer Tikka,85,280,23800
2024-03-11,Monday,3,2024,0,0,Biryani,102,350,35700
2024-03-11,Monday,3,2024,0,0,Butter Chicken,75,320,24000
2024-03-11,Monday,3,2024,0,0,Dal Makhani,48,220,10560
2024-03-11,Monday,3,2024,0,0,Gulab Jamun,51,80,4080
2024-03-11,Monday,3,2024,0,0,Mango Lassi,69,90,6210
2024-03-11,Monday,3,2024,0,0,Masala Dosa,63,120,7560
2024-03-11,Monday,3,2024,0,0,Naan,111,60,6660
2024-03-11,Monday,3,2024,0,0,Paneer Tikka,40,280,11200
2024-03-12,Tuesday,3,2024,0,0,Biryani,128,350,44800
2024-03-12,Tuesday,3,2024,0,0,Butter Chicken,86,320,27520
2024-03-12,Tuesday,3,2024,0,0,Dal Makhani,59,220,12980
2024-03-12,Tuesday,3,2024,0,0,Gulab Jamun,58,80,4640
2024-03-12,Tuesday,3,2024,0,0,Mango Lassi,99,90,8910
2024-03-12,Tuesday,3,2024,0,0,Masala Dosa,79,120,9480
2024-03-12,Tuesday,3,2024,0,0,Naan,167,60,10020
2024-03-12,Tuesday,3,2024,0,0,Paneer Tikka,58,280,16240
2024-03-13,Wednesday,3,2024,0,0,Biryani,130,350,45500
2024-03-13,Wednesday,3,2024,0,0,Butter Chicken,106,320,33920
2024-03-13,Wednesday,3,2024,0,0,Dal Makhani,58,220,12760
2024-03-13,Wednesday,3,2024,0,0,Gulab Jamun,55,80,4400
2024-03-13,Wednesday,3,2024,0,0,Mango Lassi,81,90,7290
2024-03-13,Wednesday,3,2024,0,0,Masala Dosa,78,120,9360
2024-03-13,Wednesday,3,2024,0,0,Naan,180,60,10800
2024-03-13,Wednesday,3,2024,0,0,Paneer Tikka,72,280,20160
2024-03-14,Thursday,3,2024,0,0,Biryani,138,350,48300
2024-03-14,Thursday,3,2024,0,0,Butter Chicken,91,320,29120
2024-03-14,Thursday,3,2024,0,0,Dal Makhani,60,220,13200
2024-03-14,Thursday,3,2024,0,0,Gulab Jamun,62,80,4960
2024-03-14,Thursday,3,2024,0,0,Mango Lassi,72,90,6480
2024-03-14,Thursday,3,2024,0,0,Masala Dosa,79,120,9480
2024-03-14,Thursday,3,2024,0,0,Naan,167,60,10020
2024-03-14,Thursday,3,2024,0,0,Paneer Tikka,60,280,16800
2024-03-15,Friday,3,2024,0,0,Biryani,189,350,66150
2024-03-15,Friday,3,2024,0,0,Butter Chicken,158,320,50560
2024-03-15,Friday,3,2024,0,0,Dal Makhani,86,220,18920
2024-03-15,Friday,3,2024,0,0,Gulab Jamun,85,80,6800
2024-03-15,Friday,3,2024,0,0,Mango Lassi,80,90,7200
2024-03-15,Friday,3,2024,0,0,Masala Dosa,120,120,14400
2024-03-15,Friday,3,2024,0,0,Naan,193,60,11580
2024-03-15,Friday,3,2024,0,0,Paneer Tikka,77,280,21560
2024-03-16,Saturday,3,2024,1,0,Biryani,159,350,55650
2024-03-16,Saturday,3,2024,1,0,Butter Chicken,139,320,44480
2024-03-16,Saturday,3,2024,1,0,Dal Makhani,98,220,21560
2024-03-16,Saturday,3,2024,1,0,Gulab Jamun,72,80,5760
2024-03-16,Saturday,3,2024,1,0,Mango Lassi,136,90,12240
2024-03-16,Saturday,3,2024,1,0,Masala Dosa,98,120,11760
2024-03-16,Saturday,3,2024,1,0,Naan,198,60,11880
2024-03-16,Saturday,3,2024,1,0,Paneer Tikka,69,280,19320
2024-03-17,Sunday,3,2024,1,0,Biryani,213,350,74550
2024-03-17,Sunday,3,2024,1,0,Butter Chicken,102,320,32640
2024-03-17,Sunday,3,2024,1,0,Dal Makhani,100,220,22000
2024-03-17,Sunday,3,2024,1,0,Gulab Jamun,92,80,7360
2024-03-17,Sunday,3,2024,1,0,Mango Lassi,130,90,11700
2024-03-17,Sunday,3,2024,1,0,Masala Dosa,97,120,11640
2024-03-17,Sunday,3,2024,1,0,Naan,210,60,12600
2024-03-17,Sunday,3,2024,1,0,Paneer Tikka,86,280,24080
2024-03-18,Monday,3,2024,0,0,Biryani,106,350,37100
2024-03-18,Monday,3,2024,0,0,Butter Chicken,84,320,26880
2024-03-18,Monday,3,2024,0,0,Dal Makhani,47,220,10340
2024-03-18,Monday,3,2024,0,0,Gulab Jamun,48,80,3840
2024-03-18,Monday,3,2024,0,0,Mango Lassi,56,90,5040
2024-03-18,Monday,3,2024,0,0,Masala Dosa,79,120,9480
2024-03-18,Monday,3,2024,0,0,Naan,131,60,7860
2024-03-18,Monday,3,2024,0,0,Paneer Tikka,52,280,14560
2024-03-19,Tuesday,3,2024,0,0,Biryani,144,350,50400
2024-03-19,Tuesday,3,2024,0,0,Butter Chicken,113,320,36160
2024-03-19,Tuesday,3,2024,0,0,Dal Makhani,71,220,15620
2024-03-19,Tuesday,3,2024,0,0,Gulab Jamun,51,80,4080
2024-03-19,Tuesday,3,2024,0,0,Mango Lassi,65,90,5850
2024-03-19,Tuesday,3,2024,0,0,Masala Dosa,84,120,10080
2024-03-19,Tuesday,3,2024,0,0,Naan,136,60,8160
2024-03-19,Tuesday,3,2024,0,0,Paneer Tikka,75,280,21000
2024-03-20,Wednesday,3,2024,0,0,Biryani,104,350,36400
2024-03-20,Wednesday,3,2024,0,0,Butter Chicken,101,320,32320
2024-03-20,Wednesday,3,2024,0,0,Dal Makhani,60,220,13200
2024-03-20,Wednesday,3,2024,0,0,Gulab Jamun,53,80,4240
2024-03-20,Wednesday,3,2024,0,0,Mango Lassi,68,90,6120
2024-03-20,Wednesday,3,2024,0,0,Masala Dosa,86,120,10320
2024-03-20,Wednesday,3,2024,0,0,Naan,170,60,10200
2024-03-20,Wednesday,3,2024,0,0,Paneer Tikka,94,280,26320
2024-03-21,Thursday,3,2024,0,0,Biryani,98,350,34300
2024-03-21,Thursday,3,2024,0,0,Butter Chicken,99,320,31680
2024-03-21,Thursday,3,2024,0,0,Dal Makhani,69,220,15180
2024-03-21,Thursday,3,2024,0,0,Gulab Jamun,56,80,4480
2024-03-21,Thursday,3,2024,0,0,Mango Lassi,91,90,8190
2024-03-21,Thursday,3,2024,0,0,Masala Dosa,85,120,10200
2024-03-21,Thursday,3,2024,0,0,Naan,176,60,10560
2024-03-21,Thursday,3,2024,0,0,Paneer Tikka,66,280,18480
2024-03-22,Friday,3,2024,0,0,Biryani,174,350,60900
2024-03-22,Friday,3,2024,0,0,Butter Chicken,134,320,42880
2024-03-22,Friday,3,2024,0,0,Dal Makhani,95,220,20900
2024-03-22,Friday,3,2024,0,0,Gulab Jamun,62,80,4960
2024-03-22,Friday,3,2024,0,0,Mango Lassi,113,90,10170
2024-03-22,Friday,3,2024,0,0,Masala Dosa,117,120,14040
2024-03-22,Friday,3,2024,0,0,Naan,221,60,13260
2024-03-22,Friday,3,2024,0,0,Paneer Tikka,109,280,30520
2024-03-23,Saturday,3,2024,1,0,Biryani,162,350,56700
2024-03-23,Saturday,3,2024,1,0,Butter Chicken,118,320,37760
2024-03-23,Saturday,3,2024,1,0,Dal Makhani,71,220,15620
2024-03-23,Saturday,3,2024,1,0,Gulab Jamun,90,80,7200
2024-03-23,Saturday,3,2024,1,0,Mango Lassi,93,90,8370
2024-03-23,Saturday,3,2024,1,0,Masala Dosa,133,120,15960
2024-03-23,Saturday,3,2024,1,0,Naan,267,60,16020
2024-03-23,Saturday,3,2024,1,0,Paneer Tikka,90,280,25200
2024-03-24,Sunday,3,2024,1,0,Biryani,165,350,57750
2024-03-24,Sunday,3,2024,1,0,Butter Chicken,132,320,42240
2024-03-24,Sunday,3,2024,1,0,Dal Makhani,73,220,16060
2024-03-24,Sunday,3,2024,1,0,Gulab Jamun,83,80,6640
2024-03-24,Sunday,3,2024,1,0,Mango Lassi,117,90,10530
2024-03-24,Sunday,3,2024,1,0,Masala Dosa,109,120,13080
2024-03-24,Sunday,3,2024,1,0,Naan,245,60,14700
2024-03-24,Sunday,3,2024,1,0,Paneer Tikka,83,280,23240
2024-03-25,Monday,3,2024,0,1,Biryani,190,350,66500
2024-03-25,Monday,3,2024,0,1,Butter Chicken,153,320,48960
2024-03-25,Monday,3,2024,0,1,Dal Makhani,85,220,18700
2024-03-25,Monday,3,2024,0,1,Gulab Jamun,70,80,5600
2024-03-25,Monday,3,2024,0,1,Mango Lassi,97,90,8730
2024-03-25,Monday,3,2024,0,1,Masala Dosa,118,120,14160
2024-03-25,Monday,3,2024,0,1,Naan,173,60,10380
2024-03-25,Monday,3,2024,0,1,Paneer Tikka,74,280,20720
2024-03-26,Tuesday,3,2024,0,0,Biryani,166,350,58100
2024-03-26,Tuesday,3,2024,0,0,Butter Chicken,87,320,27840
2024-03-26,Tuesday,3,2024,0,0,Dal Makhani,60,220,13200
2024-03-26,Tuesday,3,2024,0,0,Gulab Jamun,49,80,3920
2024-03-26,Tuesday,3,2024,0,0,Mango Lassi,91,90,8190
2024-03-26,Tuesday,3,2024,0,0,Masala Dosa,77,120,9240
2024-03-26,Tuesday,3,2024,0,0,Naan,172,60,10320
2024-03-26,Tuesday,3,2024,0,0,Paneer Tikka,66,280,18480
2024-03-27,Wednesday,3,2024,0,0,Biryani,134,350,46900
2024-03-27,Wednesday,3,2024,0,0,Butter Chicken,81,320,25920
2024-03-27,Wednesday,3,2024,0,0,Dal Makhani,61,220,13420
2024-03-27,Wednesday,3,2024,0,0,Gulab Jamun,59,80,4720
2024-03-27,Wednesday,3,2024,0,0,Mango Lassi,88,90,7920
2024-03-27,Wednesday,3,2024,0,0,Masala Dosa,89,120,10680
2024-03-27,Wednesday,3,2024,0,0,Naan,154,60,9240
2024-03-27,Wednesday,3,2024,0,0,Paneer Tikka,69,280,19320
2024-03-28,Thursday,3,2024,0,0,Biryani,152,350,53200
2024-03-28,Thursday,3,2024,0,0,Butter Chicken,85,320,27200
2024-03-28,Thursday,3,2024,0,0,Dal Makhani,67,220,14740
2024-03-28,Thursday,3,2024,0,0,Gulab Jamun,41,80,3280
2024-03-28,Thursday,3,2024,0,0,Mango Lassi,81,90,7290
2024-03-28,Thursday,3,2024,0,0,Masala Dosa,88,120,10560
2024-03-28,Thursday,3,2024,0,0,Naan,132,60,7920
2024-03-28,Thursday,3,2024,0,0,Paneer Tikka,70,280,19600
2024-03-29,Friday,3,2024,0,0,Biryani,162,350,56700
2024-03-29,Friday,3,2024,0,0,Butter Chicken,161,320,51520
2024-03-29,Friday,3,2024,0,0,Dal Makhani,89,220,19580
2024-03-29,Friday,3,2024,0,0,Gulab Jamun,79,80,6320
2024-03-29,Friday,3,2024,0,0,Mango Lassi,100,90,9000
2024-03-29,Friday,3,2024,0,0,Masala Dosa,106,120,12720
2024-03-29,Friday,3,2024,0,0,Naan,173,60,10380
2024-03-29,Friday,3,2024,0,0,Paneer Tikka,87,280,24360
2024-03-30,Saturday,3,2024,1,0,Biryani,189,350,66150
2024-03-30,Saturday,3,2024,1,0,Butter Chicken,127,320,40640
2024-03-30,Saturday,3,2024,1,0,Dal Makhani,84,220,18480
2024-03-30,Saturday,3,2024,1,0,Gulab Jamun,72,80,5760
2024-03-30,Saturday,3,2024,1,0,Mango Lassi,115,90,10350
2024-03-30,Saturday,3,2024,1,0,Masala Dosa,120,120,14400
2024-03-30,Saturday,3,2024,1,0,Naan,204,60,12240
2024-03-30,Saturday,3,2024,1,0,Paneer Tikka,107,280,29960
2024-03-31,Sunday,3,2024,1,0,Biryani,159,350,55650
2024-03-31,Sunday,3,2024,1,0,Butter Chicken,123,320,39360
2024-03-31,Sunday,3,2024,1,0,Dal Makhani,81,220,17820
2024-03-31,Sunday,3,2024,1,0,Gulab Jamun,76,80,6080
2024-03-31,Sunday,3,2024,1,0,Mango Lassi,112,90,10080
2024-03-31,Sunday,3,2024,1,0,Masala Dosa,99,120,11880
2024-03-31,Sunday,3,2024,1,0,Naan,192,60,11520
2024-03-31,Sunday,3,2024,1,0,Paneer Tikka,96,280,26880
2024-04-01,Monday,4,2024,0,0,Biryani,114,350,39900
2024-04-01,Monday,4,2024,0,0,Butter Chicken,86,320,27520
2024-04-01,Monday,4,2024,0,0,Dal Makhani,52,220,11440
2024-04-01,Monday,4,2024,0,0,Gulab Jamun,45,80,3600
2024-04-01,Monday,4,2024,0,0,Mango Lassi,68,90,6120
2024-04-01,Monday,4,2024,0,0,Masala Dosa,62,120,7440
2024-04-01,Monday,4,2024,0,0,Naan,135,60,8100
2024-04-01,Monday,4,2024,0,0,Paneer Tikka,56,280,15680
2024-04-02,Tuesday,4,2024,0,0,Biryani,138,350,48300
2024-04-02,Tuesday,4,2024,0,0,Butter Chicken,98,320,31360
2024-04-02,Tuesday,4,2024,0,0,Dal Makhani,78,220,17160
2024-04-02,Tuesday,4,2024,0,0,Gulab Jamun,58,80,4640
2024-04-02,Tuesday,4,2024,0,0,Mango Lassi,85,90,7650
2024-04-02,Tuesday,4,2024,0,0,Masala Dosa,78,120,9360
2024-04-02,Tuesday,4,2024,0,0,Naan,153,60,9180
2024-04-02,Tuesday,4,2024,0,0,Paneer Tikka,55,280,15400
2024-04-03,Wednesday,4,2024,0,0,Biryani,147,350,51450
2024-04-03,Wednesday,4,2024,0,0,Butter Chicken,112,320,35840
2024-04-03,Wednesday,4,2024,0,0,Dal Makhani,66,220,14520
2024-04-03,Wednesday,4,2024,0,0,Gulab Jamun,62,80,4960
2024-04-03,Wednesday,4,2024,0,0,Mango Lassi,90,90,8100
2024-04-03,Wednesday,4,2024,0,0,Masala Dosa,89,120,10680
2024-04-03,Wednesday,4,2024,0,0,Naan,157,60,9420
2024-04-03,Wednesday,4,2024,0,0,Paneer Tikka,62,280,17360
2024-04-04,Thursday,4,2024,0,0,Biryani,134,350,46900
2024-04-04,Thursday,4,2024,0,0,Butter Chicken,85,320,27200
2024-04-04,Thursday,4,2024,0,0,Dal Makhani,62,220,13640
2024-04-04,Thursday,4,2024,0,0,Gulab Jamun,63,80,5040
2024-04-04,Thursday,4,2024,0,0,Mango Lassi,81,90,7290
2024-04-04,Thursday,4,2024,0,0,Masala Dosa,84,120,10080
2024-04-04,Thursday,4,2024,0,0,Naan,161,60,9660
2024-04-04,Thursday,4,2024,0,0,Paneer Tikka,81,280,22680
2024-04-05,Friday,4,2024,0,0,Biryani,187,350,65450
2024-04-05,Friday,4,2024,0,0,Butter Chicken,115,320,36800
2024-04-05,Friday,4,2024,0,0,Dal Makhani,95,220,20900
2024-04-05,Friday,4,2024,0,0,Gulab Jamun,97,80,7760
2024-04-05,Friday,4,2024,0,0,Mango Lassi,114,90,10260
2024-04-05,Friday,4,2024,0,0,Masala Dosa,104,120,12480
2024-04-05,Friday,4,2024,0,0,Naan,232,60,13920
2024-04-05,Friday,4,2024,0,0,Paneer Tikka,95,280,26600
2024-04-06,Saturday,4,2024,1,0,Biryani,195,350,68250
2024-04-06,Saturday,4,2024,1,0,Butter Chicken,153,320,48960
2024-04-06,Saturday,4,2024,1,0,Dal Makhani,91,220,20020
2024-04-06,Saturday,4,2024,1,0,Gulab Jamun,82,80,6560
2024-04-06,Saturday,4,2024,1,0,Mango Lassi,106,90,9540
2024-04-06,Saturday,4,2024,1,0,Masala Dosa,131,120,15720
2024-04-06,Saturday,4,2024,1,0,Naan,248,60,14880
2024-04-06,Saturday,4,2024,1,0,Paneer Tikka,98,280,27440
2024-04-07,Sunday,4,2024,1,0,Biryani,203,350,71050
2024-04-07,Sunday,4,2024,1,0,Butter Chicken,124,320,39680
2024-04-07,Sunday,4,2024,1,0,Dal Makhani,81,220,17820
2024-04-07,Sunday,4,2024,1,0,Gulab Jamun,66,80,5280
2024-04-07,Sunday,4,2024,1,0,Mango Lassi,99,90,8910
2024-04-07,Sunday,4,2024,1,0,Masala Dosa,137,120,16440
2024-04-07,Sunday,4,2024,1,0,Naan,244,60,14640
2024-04-07,Sunday,4,2024,1,0,Paneer Tikka,104,280,29120
2024-04-08,Monday,4,2024,0,0,Biryani,101,350,35350
2024-04-08,Monday,4,2024,0,0,Butter Chicken,77,320,24640
2024-04-08,Monday,4,2024,0,0,Dal Makhani,57,220,12540
2024-04-08,Monday,4,2024,0,0,Gulab Jamun,36,80,2880
2024-04-08,Monday,4,2024,0,0,Mango Lassi,55,90,4950
2024-04-08,Monday,4,2024,0,0,Masala Dosa,69,120,8280
2024-04-08,Monday,4,2024,0,0,Naan,134,60,8040
2024-04-08,Monday,4,2024,0,0,Paneer Tikka,61,280,17080
2024-04-09,Tuesday,4,2024,0,0,Biryani,152,350,53200
2024-04-09,Tuesday,4,2024,0,0,Butter Chicken,102,320,32640
2024-04-09,Tuesday,4,2024,0,0,Dal Makhani,60,220,13200
2024-04-09,Tuesday,4,2024,0,0,Gulab Jamun,54,80,4320
2024-04-09,Tuesday,4,2024,0,0,Mango Lassi,81,90,7290
2024-04-09,Tuesday,4,2024,0,0,Masala Dosa,110,120,13200
2024-04-09,Tuesday,4,2024,0,0,Naan,223,60,13380
2024-04-09,Tuesday,4,2024,0,0,Paneer Tikka,55,280,15400
2024-04-10,Wednesday,4,2024,0,0,Biryani,109,350,38150
2024-04-10,Wednesday,4,2024,0,0,Butter Chicken,110,320,35200
2024-04-10,Wednesday,4,2024,0,0,Dal Makhani,48,220,10560
2024-04-10,Wednesday,4,2024,0,0,Gulab Jamun,58,80,4640
2024-04-10,Wednesday,4,2024,0,0,Mango Lassi,92,90,8280
2024-04-10,Wednesday,4,2024,0,0,Masala Dosa,92,120,11040
2024-04-10,Wednesday,4,2024,0,0,Naan,148,60,8880
2024-04-10,Wednesday,4,2024,0,0,Paneer Tikka,89,280,24920
2024-04-11,Thursday,4,2024,0,1,Biryani,232,350,81200
2024-04-11,Thursday,4,2024,0,1,Butter Chicken,131,320,41920
2024-04-11,Thursday,4,2024,0,1,Dal Makhani,86,220,18920
2024-04-11,Thursday,4,2024,0,1,Gulab Jamun,94,80,7520
2024-04-11,Thursday,4,2024,0,1,Mango Lassi,125,90,11250
2024-04-11,Thursday,4,2024,0,1,Masala Dosa,136,120,16320
2024-04-11,Thursday,4,2024,0,1,Naan,188,60,11280
2024-04-11,Thursday,4,2024,0,1,Paneer Tikka,82,280,22960
2024-04-12,Friday,4,2024,0,0,Biryani,175,350,61250
2024-04-12,Friday,4,2024,0,0,Butter Chicken,126,320,40320
2024-04-12,Friday,4,2024,0,0,Dal Makhani,69,220,15180
2024-04-12,Friday,4,2024,0,0,Gulab Jamun,77,80,6160
2024-04-12,Friday,4,2024,0,0,Mango Lassi,113,90,10170
2024-04-12,Friday,4,2024,0,0,Masala Dosa,124,120,14880
2024-04-12,Friday,4,2024,0,0,Naan,198,60,11880
2024-04-12,Friday,4,2024,0,0,Paneer Tikka,98,280,27440
2024-04-13,Saturday,4,2024,1,0,Biryani,135,350,47250
2024-04-13,Saturday,4,2024,1,0,Butter Chicken,117,320,37440
2024-04-13,Saturday,4,2024,1,0,Dal Makhani,85,220,18700
2024-04-13,Saturday,4,2024,1,0,Gulab Jamun,69,80,5520
2024-04-13,Saturday,4,2024,1,0,Mango Lassi,115,90,10350
2024-04-13,Saturday,4,2024,1,0,Masala Dosa,96,120,11520
2024-04-13,Saturday,4,2024,1,0,Naan,253,60,15180
2024-04-13,Saturday,4,2024,1,0,Paneer Tikka,97,280,27160
2024-04-14,Sunday,4,2024,1,0,Biryani,168,350,58800
2024-04-14,Sunday,4,2024,1,0,Butter Chicken,153,320,48960
2024-04-14,Sunday,4,2024,1,0,Dal Makhani,63,220,13860
2024-04-14,Sunday,4,2024,1,0,Gulab Jamun,77,80,6160
2024-04-14,Sunday,4,2024,1,0,Mango Lassi,110,90,9900
2024-04-14,Sunday,4,2024,1,0,Masala Dosa,145,120,17400
2024-04-14,Sunday,4,2024,1,0,Naan,219,60,13140
2024-04-14,Sunday,4,2024,1,0,Paneer Tikka,94,280,26320
2024-04-15,Monday,4,2024,0,0,Biryani,98,350,34300
2024-04-15,Monday,4,2024,0,0,Butter Chicken,82,320,26240
2024-04-15,Monday,4,2024,0,0,Dal Makhani,54,220,11880
2024-04-15,Monday,4,2024,0,0,Gulab Jamun,39,80,3120
2024-04-15,Monday,4,2024,0,0,Mango Lassi,76,90,6840
2024-04-15,Monday,4,2024,0,0,Masala Dosa,69,120,8280
2024-04-15,Monday,4,2024,0,0,Naan,131,60,7860
2024-04-15,Monday,4,2024,0,0,Paneer Tikka,59,280,16520
2024-04-16,Tuesday,4,2024,0,0,Biryani,152,350,53200
2024-04-16,Tuesday,4,2024,0,0,Butter Chicken,106,320,33920
2024-04-16,Tuesday,4,2024,0,0,Dal Makhani,58,220,12760
2024-04-16,Tuesday,4,2024,0,0,Gulab Jamun,43,80,3440
2024-04-16,Tuesday,4,2024,0,0,Mango Lassi,86,90,7740
2024-04-16,Tuesday,4,2024,0,0,Masala Dosa,78,120,9360
2024-04-16,Tuesday,4,2024,0,0,Naan,145,60,8700
2024-04-16,Tuesday,4,2024,0,0,Paneer Tikka,69,280,19320
2024-04-17,Wednesday,4,2024,0,0,Biryani,102,350,35700
2024-04-17,Wednesday,4,2024,0,0,Butter Chicken,77,320,24640
2024-04-17,Wednesday,4,2024,0,0,Dal Makhani,61,220,13420
2024-04-17,Wednesday,4,2024,0,0,Gulab Jamun,48,80,3840
2024-04-17,Wednesday,4,2024,0,0,Mango Lassi,70,90,6300
2024-04-17,Wednesday,4,2024,0,0,Masala Dosa,83,120,9960
2024-04-17,Wednesday,4,2024,0,0,Naan,157,60,9420
2024-04-17,Wednesday,4,2024,0,0,Paneer Tikka,63,280,17640
2024-04-18,Thursday,4,2024,0,0,Biryani,141,350,49350
2024-04-18,Thursday,4,2024,0,0,Butter Chicken,104,320,33280
2024-04-18,Thursday,4,2024,0,0,Dal Makhani,55,220,12100
2024-04-18,Thursday,4,2024,0,0,Gulab Jamun,59,80,4720
2024-04-18,Thursday,4,2024,0,0,Mango Lassi,78,90,7020
2024-04-18,Thursday,4,2024,0,0,Masala Dosa,99,120,11880
2024-04-18,Thursday,4,2024,0,0,Naan,164,60,9840
2024-04-18,Thursday,4,2024,0,0,Paneer Tikka,69,280,19320
2024-04-19,Friday,4,2024,0,0,Biryani,183,350,64050
2024-04-19,Friday,4,2024,0,0,Butter Chicken,137,320,43840
2024-04-19,Friday,4,2024,0,0,Dal Makhani,80,220,17600
2024-04-19,Friday,4,2024,0,0,Gulab Jamun,66,80,5280
2024-04-19,Friday,4,2024,0,0,Mango Lassi,97,90,8730
2024-04-19,Friday,4,2024,0,0,Masala Dosa,119,120,14280
2024-04-19,Friday,4,2024,0,0,Naan,212,60,12720
2024-04-19,Friday,4,2024,0,0,Paneer Tikka,97,280,27160
2024-04-20,Saturday,4,2024,1,0,Biryani,156,350,54600
2024-04-20,Saturday,4,2024,1,0,Butter Chicken,111,320,35520
2024-04-20,Saturday,4,2024,1,0,Dal Makhani,84,220,18480
2024-04-20,Saturday,4,2024,1,0,Gulab Jamun,75,80,6000
2024-04-20,Saturday,4,2024,1,0,Mango Lassi,84,90,7560
2024-04-20,Saturday,4,2024,1,0,Masala Dosa,123,120,14760
2024-04-20,Saturday,4,2024,1,0,Naan,193,60,11580
2024-04-20,Saturday,4,2024,1,0,Paneer Tikka,80,280,22400
2024-04-21,Sunday,4,2024,1,0,Biryani,161,350,56350
2024-04-21,Sunday,4,2024,1,0,Butter Chicken,143,320,45760
2024-04-21,Sunday,4,2024,1,0,Dal Makhani,87,220,19140
2024-04-21,Sunday,4,2024,1,0,Gulab Jamun,63,80,5040
2024-04-21,Sunday,4,2024,1,0,Mango Lassi,87,90,7830
2024-04-21,Sunday,4,2024,1,0,Masala Dosa,118,120,14160
2024-04-21,Sunday,4,2024,1,0,Naan,194,60,11640
2024-04-21,Sunday,4,2024,1,0,Paneer Tikka,109,280,30520
2024-04-22,Monday,4,2024,0,0,Biryani,103,350,36050
2024-04-22,Monday,4,2024,0,0,Butter Chicken,75,320,24000
2024-04-22,Monday,4,2024,0,0,Dal Makhani,42,220,9240
2024-04-22,Monday,4,2024,0,0,Gulab Jamun,44,80,3520
2024-04-22,Monday,4,2024,0,0,Mango Lassi,67,90,6030
2024-04-22,Monday,4,2024,0,0,Masala Dosa,71,120,8520
2024-04-22,Monday,4,2024,0,0,Naan,122,60,7320
2024-04-22,Monday,4,2024,0,0,Paneer Tikka,58,280,16240
2024-04-23,Tuesday,4,2024,0,0,Biryani,116,350,40600
2024-04-23,Tuesday,4,2024,0,0,Butter Chicken,90,320,28800
2024-04-23,Tuesday,4,2024,0,0,Dal Makhani,65,220,14300
2024-04-23,Tuesday,4,2024,0,0,Gulab Jamun,54,80,4320
2024-04-23,Tuesday,4,2024,0,0,Mango Lassi,77,90,6930
2024-04-23,Tuesday,4,2024,0,0,Masala Dosa,91,120,10920
2024-04-23,Tuesday,4,2024,0,0,Naan,183,60,10980
2024-04-23,Tuesday,4,2024,0,0,Paneer Tikka,84,280,23520
2024-04-24,Wednesday,4,2024,0,0,Biryani,120,350,42000
2024-04-24,Wednesday,4,2024,0,0,Butter Chicken,111,320,35520
2024-04-24,Wednesday,4,2024,0,0,Dal Makhani,58,220,12760
2024-04-24,Wednesday,4,2024,0,0,Gulab Jamun,49,80,3920
2024-04-24,Wednesday,4,2024,0,0,Mango Lassi,79,90,7110
2024-04-24,Wednesday,4,2024,0,0,Masala Dosa,90,120,10800
2024-04-24,Wednesday,4,2024,0,0,Naan,184,60,11040
2024-04-24,Wednesday,4,2024,0,0,Paneer Tikka,61,280,17080
2024-04-25,Thursday,4,2024,0,0,Biryani,151,350,52850
2024-04-25,Thursday,4,2024,0,0,Butter Chicken,91,320,29120
2024-04-25,Thursday,4,2024,0,0,Dal Makhani,51,220,11220
2024-04-25,Thursday,4,2024,0,0,Gulab Jamun,62,80,4960
2024-04-25,Thursday,4,2024,0,0,Mango Lassi,77,90,6930
2024-04-25,Thursday,4,2024,0,0,Masala Dosa,95,120,11400
2024-04-25,Thursday,4,2024,0,0,Naan,191,60,11460
2024-04-25,Thursday,4,2024,0,0,Paneer Tikka,67,280,18760
2024-04-26,Friday,4,2024,0,0,Biryani,171,350,59850
2024-04-26,Friday,4,2024,0,0,Butter Chicken,130,320,41600
2024-04-26,Friday,4,2024,0,0,Dal Makhani,88,220,19360
2024-04-26,Friday,4,2024,0,0,Gulab Jamun,71,80,5680
2024-04-26,Friday,4,2024,0,0,Mango Lassi,108,90,9720
2024-04-26,Friday,4,2024,0,0,Masala Dosa,101,120,12120
2024-04-26,Friday,4,2024,0,0,Naan,250,60,15000
2024-04-26,Friday,4,2024,0,0,Paneer Tikka,82,280,22960
2024-04-27,Saturday,4,2024,1,0,Biryani,167,350,58450
2024-04-27,Saturday,4,2024,1,0,Butter Chicken,111,320,35520
2024-04-27,Saturday,4,2024,1,0,Dal Makhani,81,220,17820
2024-04-27,Saturday,4,2024,1,0,Gulab Jamun,74,80,5920
2024-04-27,Saturday,4,2024,1,0,Mango Lassi,108,90,9720
2024-04-27,Saturday,4,2024,1,0,Masala Dosa,105,120,12600
2024-04-27,Saturday,4,2024,1,0,Naan,204,60,12240
2024-04-27,Saturday,4,2024,1,0,Paneer Tikka,107,280,29960
2024-04-28,Sunday,4,2024,1,0,Biryani,190,350,66500
2024-04-28,Sunday,4,2024,1,0,Butter Chicken,127,320,40640
2024-04-28,Sunday,4,2024,1,0,Dal Makhani,99,220,21780
2024-04-28,Sunday,4,2024,1,0,Gulab Jamun,62,80,4960
2024-04-28,Sunday,4,2024,1,0,Mango Lassi,113,90,10170
2024-04-28,Sunday,4,2024,1,0,Masala Dosa,130,120,15600
2024-04-28,Sunday,4,2024,1,0,Naan,220,60,13200
2024-04-28,Sunday,4,2024,1,0,Paneer Tikka,91,280,25480
2024-04-29,Monday,4,2024,0,0,Biryani,99,350,34650
2024-04-29,Monday,4,2024,0,0,Butter Chicken,68,320,21760
2024-04-29,Monday,4,2024,0,0,Dal Makhani,56,220,12320
2024-04-29,Monday,4,2024,0,0,Gulab Jamun,36,80,2880
2024-04-29,Monday,4,2024,0,0,Mango Lassi,64,90,5760
2024-04-29,Monday,4,2024,0,0,Masala Dosa,71,120,8520
2024-04-29,Monday,4,2024,0,0,Naan,143,60,8580
2024-04-29,Monday,4,2024,0,0,Paneer Tikka,48,280,13440
2024-04-30,Tuesday,4,2024,0,0,Biryani,105,350,36750
2024-04-30,Tuesday,4,2024,0,0,Butter Chicken,102,320,32640
2024-04-30,Tuesday,4,2024,0,0,Dal Makhani,55,220,12100
2024-04-30,Tuesday,4,2024,0,0,Gulab Jamun,40,80,3200
2024-04-30,Tuesday,4,2024,0,0,Mango Lassi,80,90,7200
2024-04-30,Tuesday,4,2024,0,0,Masala Dosa,92,120,11040
2024-04-30,Tuesday,4,2024,0,0,Naan,159,60,9540
2024-04-30,Tuesday,4,2024,0,0,Paneer Tikka,75,280,21000
2024-05-01,Wednesday,5,2024,0,0,Biryani,149,350,52150
2024-05-01,Wednesday,5,2024,0,0,Butter Chicken,102,320,32640
2024-05-01,Wednesday,5,2024,0,0,Dal Makhani,67,220,14740
2024-05-01,Wednesday,5,2024,0,0,Gulab Jamun,53,80,4240
2024-05-01,Wednesday,5,2024,0,0,Mango Lassi,93,90,8370
2024-05-01,Wednesday,5,2024,0,0,Masala Dosa,67,120,8040
2024-05-01,Wednesday,5,2024,0,0,Naan,147,60,8820
2024-05-01,Wednesday,5,2024,0,0,Paneer Tikka,82,280,22960
2024-05-02,Thursday,5,2024,0,0,Biryani,145,350,50750
2024-05-02,Thursday,5,2024,0,0,Butter Chicken,117,320,37440
2024-05-02,Thursday,5,2024,0,0,Dal Makhani,65,220,14300
2024-05-02,Thursday,5,2024,0,0,Gulab Jamun,67,80,5360
2024-05-02,Thursday,5,2024,0,0,Mango Lassi,74,90,6660
2024-05-02,Thursday,5,2024,0,0,Masala Dosa,86,120,10320
2024-05-02,Thursday,5,2024,0,0,Naan,152,60,9120
2024-05-02,Thursday,5,2024,0,0,Paneer Tikka,81,280,22680
2024-05-03,Friday,5,2024,0,0,Biryani,215,350,75250
2024-05-03,Friday,5,2024,0,0,Butter Chicken,161,320,51520
2024-05-03,Friday,5,2024,0,0,Dal Makhani,70,220,15400
2024-05-03,Friday,5,2024,0,0,Gulab Jamun,63,80,5040
2024-05-03,Friday,5,2024,0,0,Mango Lassi,115,90,10350
2024-05-03,Friday,5,2024,0,0,Masala Dosa,108,120,12960
2024-05-03,Friday,5,2024,0,0,Naan,235,60,14100
2024-05-03,Friday,5,2024,0,0,Paneer Tikka,97,280,27160
2024-05-04,Saturday,5,2024,1,0,Biryani,152,350,53200
2024-05-04,Saturday,5,2024,1,0,Butter Chicken,151,320,48320
2024-05-04,Saturday,5,2024,1,0,Dal Makhani,83,220,18260
2024-05-04,Saturday,5,2024,1,0,Gulab Jamun,84,80,6720
2024-05-04,Saturday,5,2024,1,0,Mango Lassi,111,90,9990
2024-05-04,Saturday,5,2024,1,0,Masala Dosa,126,120,15120
2024-05-04,Saturday,5,2024,1,0,Naan,217,60,13020
2024-05-04,Saturday,5,2024,1,0,Paneer Tikka,91,280,25480
2024-05-05,Sunday,5,2024,1,0,Biryani,178,350,62300
2024-05-05,Sunday,5,2024,1,0,Butter Chicken,165,320,52800
2024-05-05,Sunday,5,2024,1,0,Dal Makhani,68,220,14960
2024-05-05,Sunday,5,2024,1,0,Gulab Jamun,84,80,6720
2024-05-05,Sunday,5,2024,1,0,Mango Lassi,118,90,10620
2024-05-05,Sunday,5,2024,1,0,Masala Dosa,113,120,13560
2024-05-05,Sunday,5,2024,1,0,Naan,213,60,12780
2024-05-05,Sunday,5,2024,1,0,Paneer Tikka,104,280,29120
2024-05-06,Monday,5,2024,0,0,Biryani,119,350,41650
2024-05-06,Monday,5,2024,0,0,Butter Chicken,68,320,21760
2024-05-06,Monday,5,2024,0,0,Dal Makhani,59,220,12980
2024-05-06,Monday,5,2024,0,0,Gulab Jamun,45,80,3600
2024-05-06,Monday,5,2024,0,0,Mango Lassi,69,90,6210
2024-05-06,Monday,5,2024,0,0,Masala Dosa,76,120,9120
2024-05-06,Monday,5,2024,0,0,Naan,144,60,8640
2024-05-06,Monday,5,2024,0,0,Paneer Tikka,61,280,17080
2024-05-07,Tuesday,5,2024,0,0,Biryani,132,350,46200
2024-05-07,Tuesday,5,2024,0,0,Butter Chicken,115,320,36800
2024-05-07,Tuesday,5,2024,0,0,Dal Makhani,56,220,12320
2024-05-07,Tuesday,5,2024,0,0,Gulab Jamun,52,80,4160
2024-05-07,Tuesday,5,2024,0,0,Mango Lassi,59,90,5310
2024-05-07,Tuesday,5,2024,0,0,Masala Dosa,100,120,12000
2024-05-07,Tuesday,5,2024,0,0,Naan,170,60,10200
2024-05-07,Tuesday,5,2024,0,0,Paneer Tikka,63,280,17640
2024-05-08,Wednesday,5,2024,0,0,Biryani,146,350,51100
2024-05-08,Wednesday,5,2024,0,0,Butter Chicken,95,320,30400
2024-05-08,Wednesday,5,2024,0,0,Dal Makhani,65,220,14300
2024-05-08,Wednesday,5,2024,0,0,Gulab Jamun,59,80,4720
2024-05-08,Wednesday,5,2024,0,0,Mango Lassi,75,90,6750
2024-05-08,Wednesday,5,2024,0,0,Masala Dosa,74,120,8880
2024-05-08,Wednesday,5,2024,0,0,Naan,157,60,9420
2024-05-08,Wednesday,5,2024,0,0,Paneer Tikka,83,280,23240
2024-05-09,Thursday,5,2024,0,0,Biryani,128,350,44800
2024-05-09,Thursday,5,2024,0,0,Butter Chicken,126,320,40320
2024-05-09,Thursday,5,2024,0,0,Dal Makhani,58,220,12760
2024-05-09,Thursday,5,2024,0,0,Gulab Jamun,63,80,5040
2024-05-09,Thursday,5,2024,0,0,Mango Lassi,85,90,7650
2024-05-09,Thursday,5,2024,0,0,Masala Dosa,85,120,10200
2024-05-09,Thursday,5,2024,0,0,Naan,161,60,9660
2024-05-09,Thursday,5,2024,0,0,Paneer Tikka,80,280,22400
2024-05-10,Friday,5,2024,0,0,Biryani,187,350,65450
2024-05-10,Friday,5,2024,0,0,Butter Chicken,123,320,39360
2024-05-10,Friday,5,2024,0,0,Dal Makhani,92,220,20240
2024-05-10,Friday,5,2024,0,0,Gulab Jamun,79,80,6320
2024-05-10,Friday,5,2024,0,0,Mango Lassi,87,90,7830
2024-05-10,Friday,5,2024,0,0,Masala Dosa,123,120,14760
2024-05-10,Friday,5,2024,0,0,Naan,204,60,12240
2024-05-10,Friday,5,2024,0,0,Paneer Tikka,124,280,34720
2024-05-11,Saturday,5,2024,1,0,Biryani,177,350,61950
2024-05-11,Saturday,5,2024,1,0,Butter Chicken,168,320,53760
2024-05-11,Saturday,5,2024,1,0,Dal Makhani,73,220,16060
2024-05-11,Saturday,5,2024,1,0,Gulab Jamun,79,80,6320
2024-05-11,Saturday,5,2024,1,0,Mango Lassi,115,90,10350
2024-05-11,Saturday,5,2024,1,0,Masala Dosa,119,120,14280
2024-05-11,Saturday,5,2024,1,0,Naan,229,60,13740
2024-05-11,Saturday,5,2024,1,0,Paneer Tikka,117,280,32760
2024-05-12,Sunday,5,2024,1,0,Biryani,198,350,69300
2024-05-12,Sunday,5,2024,1,0,Butter Chicken,143,320,45760
2024-05-12,Sunday,5,2024,1,0,Dal Makhani,73,220,16060
2024-05-12,Sunday,5,2024,1,0,Gulab Jamun,104,80,8320
2024-05-12,Sunday,5,2024,1,0,Mango Lassi,97,90,8730
2024-05-12,Sunday,5,2024,1,0,Masala Dosa,141,120,16920
2024-05-12,Sunday,5,2024,1,0,Naan,256,60,15360
2024-05-12,Sunday,5,2024,1,0,Paneer Tikka,119,280,33320
2024-05-13,Monday,5,2024,0,0,Biryani,117,350,40950
2024-05-13,Monday,5,2024,0,0,Butter Chicken,82,320,26240
2024-05-13,Monday,5,2024,0,0,Dal Makhani,46,220,10120
2024-05-13,Monday,5,2024,0,0,Gulab Jamun,35,80,2800
2024-05-13,Monday,5,2024,0,0,Mango Lassi,63,90,5670
2024-05-13,Monday,5,2024,0,0,Masala Dosa,63,120,7560
2024-05-13,Monday,5,2024,0,0,Naan,160,60,9600
2024-05-13,Monday,5,2024,0,0,Paneer Tikka,45,280,12600
2024-05-14,Tuesday,5,2024,0,0,Biryani,103,350,36050
2024-05-14,Tuesday,5,2024,0,0,Butter Chicken,76,320,24320
2024-05-14,Tuesday,5,2024,0,0,Dal Makhani,62,220,13640
2024-05-14,Tuesday,5,2024,0,0,Gulab Jamun,67,80,5360
2024-05-14,Tuesday,5,2024,0,0,Mango Lassi,87,90,7830
2024-05-14,Tuesday,5,2024,0,0,Masala Dosa,84,120,10080
2024-05-14,Tuesday,5,2024,0,0,Naan,122,60,7320
2024-05-14,Tuesday,5,2024,0,0,Paneer Tikka,82,280,22960
2024-05-15,Wednesday,5,2024,0,0,Biryani,138,350,48300
2024-05-15,Wednesday,5,2024,0,0,Butter Chicken,89,320,28480
2024-05-15,Wednesday,5,2024,0,0,Dal Makhani,66,220,14520
2024-05-15,Wednesday,5,2024,0,0,Gulab Jamun,38,80,3040
2024-05-15,Wednesday,5,2024,0,0,Mango Lassi,77,90,6930
2024-05-15,Wednesday,5,2024,0,0,Masala Dosa,94,120,11280
2024-05-15,Wednesday,5,2024,0,0,Naan,136,60,8160
2024-05-15,Wednesday,5,2024,0,0,Paneer Tikka,74,280,20720
2024-05-16,Thursday,5,2024,0,0,Biryani,138,350,48300
2024-05-16,Thursday,5,2024,0,0,Butter Chicken,94,320,30080
2024-05-16,Thursday,5,2024,0,0,Dal Makhani,52,220,11440
2024-05-16,Thursday,5,2024,0,0,Gulab Jamun,55,80,4400
2024-05-16,Thursday,5,2024,0,0,Mango Lassi,77,90,6930
2024-05-16,Thursday,5,2024,0,0,Masala Dosa,89,120,10680
2024-05-16,Thursday,5,2024,0,0,Naan,143,60,8580
2024-05-16,Thursday,5,2024,0,0,Paneer Tikka,80,280,22400
2024-05-17,Friday,5,2024,0,0,Biryani,174,350,60900
2024-05-17,Friday,5,2024,0,0,Butter Chicken,127,320,40640
2024-05-17,Friday,5,2024,0,0,Dal Makhani,83,220,18260
2024-05-17,Friday,5,2024,0,0,Gulab Jamun,59,80,4720
2024-05-17,Friday,5,2024,0,0,Mango Lassi,123,90,11070
2024-05-17,Friday,5,2024,0,0,Masala Dosa,98,120,11760
2024-05-17,Friday,5,2024,0,0,Naan,277,60,16620
2024-05-17,Friday,5,2024,0,0,Paneer Tikka,110,280,30800
2024-05-18,Saturday,5,2024,1,0,Biryani,168,350,58800
2024-05-18,Saturday,5,2024,1,0,Butter Chicken,124,320,39680
2024-05-18,Saturday,5,2024,1,0,Dal Makhani,82,220,18040
2024-05-18,Saturday,5,2024,1,0,Gulab Jamun,84,80,6720
2024-05-18,Saturday,5,2024,1,0,Mango Lassi,93,90,8370
2024-05-18,Saturday,5,2024,1,0,Masala Dosa,129,120,15480
2024-05-18,Saturday,5,2024,1,0,Naan,262,60,15720
2024-05-18,Saturday,5,2024,1,0,Paneer Tikka,97,280,27160
2024-05-19,Sunday,5,2024,1,0,Biryani,168,350,58800
2024-05-19,Sunday,5,2024,1,0,Butter Chicken,116,320,37120
2024-05-19,Sunday,5,2024,1,0,Dal Makhani,94,220,20680
2024-05-19,Sunday,5,2024,1,0,Gulab Jamun,75,80,6000
2024-05-19,Sunday,5,2024,1,0,Mango Lassi,103,90,9270
2024-05-19,Sunday,5,2024,1,0,Masala Dosa,115,120,13800
2024-05-19,Sunday,5,2024,1,0,Naan,233,60,13980
2024-05-19,Sunday,5,2024,1,0,Paneer Tikka,66,280,18480
2024-05-20,Monday,5,2024,0,0,Biryani,88,350,30800
2024-05-20,Monday,5,2024,0,0,Butter Chicken,82,320,26240
2024-05-20,Monday,5,2024,0,0,Dal Makhani,51,220,11220
2024-05-20,Monday,5,2024,0,0,Gulab Jamun,48,80,3840
2024-05-20,Monday,5,2024,0,0,Mango Lassi,89,90,8010
2024-05-20,Monday,5,2024,0,0,Masala Dosa,66,120,7920
2024-05-20,Monday,5,2024,0,0,Naan,145,60,8700
2024-05-20,Monday,5,2024,0,0,Paneer Tikka,65,280,18200
2024-05-21,Tuesday,5,2024,0,0,Biryani,125,350,43750
2024-05-21,Tuesday,5,2024,0,0,Butter Chicken,99,320,31680
2024-05-21,Tuesday,5,2024,0,0,Dal Makhani,64,220,14080
2024-05-21,Tuesday,5,2024,0,0,Gulab Jamun,49,80,3920
2024-05-21,Tuesday,5,2024,0,0,Mango Lassi,85,90,7650
2024-05-21,Tuesday,5,2024,0,0,Masala Dosa,89,120,10680
2024-05-21,Tuesday,5,2024,0,0,Naan,172,60,10320
2024-05-21,Tuesday,5,2024,0,0,Paneer Tikka,78,280,21840
2024-05-22,Wednesday,5,2024,0,0,Biryani,153,350,53550
2024-05-22,Wednesday,5,2024,0,0,Butter Chicken,117,320,37440
2024-05-22,Wednesday,5,2024,0,0,Dal Makhani,60,220,13200
2024-05-22,Wednesday,5,2024,0,0,Gulab Jamun,49,80,3920
2024-05-22,Wednesday,5,2024,0,0,Mango Lassi,86,90,7740
2024-05-22,Wednesday,5,2024,0,0,Masala Dosa,90,120,10800
2024-05-22,Wednesday,5,2024,0,0,Naan,177,60,10620
2024-05-22,Wednesday,5,2024,0,0,Paneer Tikka,79,280,22120
2024-05-23,Thursday,5,2024,0,0,Biryani,141,350,49350
2024-05-23,Thursday,5,2024,0,0,Butter Chicken,88,320,28160
2024-05-23,Thursday,5,2024,0,0,Dal Makhani,64,220,14080
2024-05-23,Thursday,5,2024,0,0,Gulab Jamun,60,80,4800
2024-05-23,Thursday,5,2024,0,0,Mango Lassi,76,90,6840
2024-05-23,Thursday,5,2024,0,0,Masala Dosa,98,120,11760
2024-05-23,Thursday,5,2024,0,0,Naan,139,60,8340
2024-05-23,Thursday,5,2024,0,0,Paneer Tikka,69,280,19320
2024-05-24,Friday,5,2024,0,0,Biryani,176,350,61600
2024-05-24,Friday,5,2024,0,0,Butter Chicken,110,320,35200
2024-05-24,Friday,5,2024,0,0,Dal Makhani,85,220,18700
2024-05-24,Friday,5,2024,0,0,Gulab Jamun,72,80,5760
2024-05-24,Friday,5,2024,0,0,Mango Lassi,108,90,9720
2024-05-24,Friday,5,2024,0,0,Masala Dosa,89,120,10680
2024-05-24,Friday,5,2024,0,0,Naan,210,60,12600
2024-05-24,Friday,5,2024,0,0,Paneer Tikka,99,280,27720
2024-05-25,Saturday,5,2024,1,0,Biryani,223,350,78050
2024-05-25,Saturday,5,2024,1,0,Butter Chicken,145,320,46400
2024-05-25,Saturday,5,2024,1,0,Dal Makhani,65,220,14300
2024-05-25,Saturday,5,2024,1,0,Gulab Jamun,84,80,6720
2024-05-25,Saturday,5,2024,1,0,Mango Lassi,113,90,10170
2024-05-25,Saturday,5,2024,1,0,Masala Dosa,115,120,13800
2024-05-25,Saturday,5,2024,1,0,Naan,254,60,15240
2024-05-25,Saturday,5,2024,1,0,Paneer Tikka,93,280,26040
2024-05-26,Sunday,5,2024,1,0,Biryani,161,350,56350
2024-05-26,Sunday,5,2024,1,0,Butter Chicken,153,320,48960
2024-05-26,Sunday,5,2024,1,0,Dal Makhani,99,220,21780
2024-05-26,Sunday,5,2024,1,0,Gulab Jamun,87,80,6960
2024-05-26,Sunday,5,2024,1,0,Mango Lassi,98,90,8820
2024-05-26,Sunday,5,2024,1,0,Masala Dosa,121,120,14520
2024-05-26,Sunday,5,2024,1,0,Naan,217,60,13020
2024-05-26,Sunday,5,2024,1,0,Paneer Tikka,96,280,26880
2024-05-27,Monday,5,2024,0,0,Biryani,108,350,37800
2024-05-27,Monday,5,2024,0,0,Butter Chicken,85,320,27200
2024-05-27,Monday,5,2024,0,0,Dal Makhani,50,220,11000
2024-05-27,Monday,5,2024,0,0,Gulab Jamun,52,80,4160
2024-05-27,Monday,5,2024,0,0,Mango Lassi,73,90,6570
2024-05-27,Monday,5,2024,0,0,Masala Dosa,63,120,7560
2024-05-27,Monday,5,2024,0,0,Naan,106,60,6360
2024-05-27,Monday,5,2024,0,0,Paneer Tikka,55,280,15400
2024-05-28,Tuesday,5,2024,0,0,Biryani,133,350,46550
2024-05-28,Tuesday,5,2024,0,0,Butter Chicken,99,320,31680
2024-05-28,Tuesday,5,2024,0,0,Dal Makhani,72,220,15840
2024-05-28,Tuesday,5,2024,0,0,Gulab Jamun,64,80,5120
2024-05-28,Tuesday,5,2024,0,0,Mango Lassi,75,90,6750
2024-05-28,Tuesday,5,2024,0,0,Masala Dosa,90,120,10800
2024-05-28,Tuesday,5,2024,0,0,Naan,159,60,9540
2024-05-28,Tuesday,5,2024,0,0,Paneer Tikka,77,280,21560
2024-05-29,Wednesday,5,2024,0,0,Biryani,164,350,57400
2024-05-29,Wednesday,5,2024,0,0,Butter Chicken,119,320,38080
2024-05-29,Wednesday,5,2024,0,0,Dal Makhani,59,220,12980
2024-05-29,Wednesday,5,2024,0,0,Gulab Jamun,53,80,4240
2024-05-29,Wednesday,5,2024,0,0,Mango Lassi,73,90,6570
2024-05-29,Wednesday,5,2024,0,0,Masala Dosa,67,120,8040
2024-05-29,Wednesday,5,2024,0,0,Naan,158,60,9480
2024-05-29,Wednesday,5,2024,0,0,Paneer Tikka,61,280,17080
2024-05-30,Thursday,5,2024,0,0,Biryani,153,350,53550
2024-05-30,Thursday,5,2024,0,0,Butter Chicken,93,320,29760
2024-05-30,Thursday,5,2024,0,0,Dal Makhani,64,220,14080
2024-05-30,Thursday,5,2024,0,0,Gulab Jamun,50,80,4000
2024-05-30,Thursday,5,2024,0,0,Mango Lassi,101,90,9090
2024-05-30,Thursday,5,2024,0,0,Masala Dosa,76,120,9120
2024-05-30,Thursday,5,2024,0,0,Naan,169,60,10140
2024-05-30,Thursday,5,2024,0,0,Paneer Tikka,74,280,20720
2024-05-31,Friday,5,2024,0,0,Biryani,180,350,63000
2024-05-31,Friday,5,2024,0,0,Butter Chicken,123,320,39360
2024-05-31,Friday,5,2024,0,0,Dal Makhani,84,220,18480
2024-05-31,Friday,5,2024,0,0,Gulab Jamun,75,80,6000
2024-05-31,Friday,5,2024,0,0,Mango Lassi,107,90,9630
2024-05-31,Friday,5,2024,0,0,Masala Dosa,136,120,16320
2024-05-31,Friday,5,2024,0,0,Naan,248,60,14880
2024-05-31,Friday,5,2024,0,0,Paneer Tikka,121,280,33880
2024-06-01,Saturday,6,2024,1,0,Biryani,193,350,67550
2024-06-01,Saturday,6,2024,1,0,Butter Chicken,126,320,40320
2024-06-01,Saturday,6,2024,1,0,Dal Makhani,79,220,17380
2024-06-01,Saturday,6,2024,1,0,Gulab Jamun,74,80,5920
2024-06-01,Saturday,6,2024,1,0,Mango Lassi,90,90,8100
2024-06-01,Saturday,6,2024,1,0,Masala Dosa,133,120,15960
2024-06-01,Saturday,6,2024,1,0,Naan,222,60,13320
2024-06-01,Saturday,6,2024,1,0,Paneer Tikka,99,280,27720
2024-06-02,Sunday,6,2024,1,0,Biryani,183,350,64050
2024-06-02,Sunday,6,2024,1,0,Butter Chicken,104,320,33280
2024-06-02,Sunday,6,2024,1,0,Dal Makhani,78,220,17160
2024-06-02,Sunday,6,2024,1,0,Gulab Jamun,71,80,5680
2024-06-02,Sunday,6,2024,1,0,Mango Lassi,99,90,8910
2024-06-02,Sunday,6,2024,1,0,Masala Dosa,114,120,13680
2024-06-02,Sunday,6,2024,1,0,Naan,194,60,11640
2024-06-02,Sunday,6,2024,1,0,Paneer Tikka,65,280,18200
2024-06-03,Monday,6,2024,0,0,Biryani,116,350,40600
2024-06-03,Monday,6,2024,0,0,Butter Chicken,76,320,24320
2024-06-03,Monday,6,2024,0,0,Dal Makhani,45,220,9900
2024-06-03,Monday,6,2024,0,0,Gulab Jamun,39,80,3120
2024-06-03,Monday,6,2024,0,0,Mango Lassi,52,90,4680
2024-06-03,Monday,6,2024,0,0,Masala Dosa,62,120,7440
2024-06-03,Monday,6,2024,0,0,Naan,130,60,7800
2024-06-03,Monday,6,2024,0,0,Paneer Tikka,51,280,14280
2024-06-04,Tuesday,6,2024,0,0,Biryani,125,350,43750
2024-06-04,Tuesday,6,2024,0,0,Butter Chicken,94,320,30080
2024-06-04,Tuesday,6,2024,0,0,Dal Makhani,45,220,9900
2024-06-04,Tuesday,6,2024,0,0,Gulab Jamun,51,80,4080
2024-06-04,Tuesday,6,2024,0,0,Mango Lassi,62,90,5580
2024-06-04,Tuesday,6,2024,0,0,Masala Dosa,90,120,10800
2024-06-04,Tuesday,6,2024,0,0,Naan,145,60,8700
2024-06-04,Tuesday,6,2024,0,0,Paneer Tikka,74,280,20720
2024-06-05,Wednesday,6,2024,0,0,Biryani,105,350,36750
2024-06-05,Wednesday,6,2024,0,0,Butter Chicken,105,320,33600
2024-06-05,Wednesday,6,2024,0,0,Dal Makhani,57,220,12540
2024-06-05,Wednesday,6,2024,0,0,Gulab Jamun,51,80,4080
2024-06-05,Wednesday,6,2024,0,0,Mango Lassi,68,90,6120
2024-06-05,Wednesday,6,2024,0,0,Masala Dosa,72,120,8640
2024-06-05,Wednesday,6,2024,0,0,Naan,144,60,8640
2024-06-05,Wednesday,6,2024,0,0,Paneer Tikka,64,280,17920
2024-06-06,Thursday,6,2024,0,0,Biryani,157,350,54950
2024-06-06,Thursday,6,2024,0,0,Butter Chicken,94,320,30080
2024-06-06,Thursday,6,2024,0,0,Dal Makhani,56,220,12320
2024-06-06,Thursday,6,2024,0,0,Gulab Jamun,47,80,3760
2024-06-06,Thursday,6,2024,0,0,Mango Lassi,60,90,5400
2024-06-06,Thursday,6,2024,0,0,Masala Dosa,77,120,9240
2024-06-06,Thursday,6,2024,0,0,Naan,158,60,9480
2024-06-06,Thursday,6,2024,0,0,Paneer Tikka,73,280,20440
2024-06-07,Friday,6,2024,0,0,Biryani,224,350,78400
2024-06-07,Friday,6,2024,0,0,Butter Chicken,120,320,38400
2024-06-07,Friday,6,2024,0,0,Dal Makhani,72,220,15840
2024-06-07,Friday,6,2024,0,0,Gulab Jamun,75,80,6000
2024-06-07,Friday,6,2024,0,0,Mango Lassi,90,90,8100
2024-06-07,Friday,6,2024,0,0,Masala Dosa,110,120,13200
2024-06-07,Friday,6,2024,0,0,Naan,196,60,11760
2024-06-07,Friday,6,2024,0,0,Paneer Tikka,99,280,27720
2024-06-08,Saturday,6,2024,1,0,Biryani,124,350,43400
2024-06-08,Saturday,6,2024,1,0,Butter Chicken,146,320,46720
2024-06-08,Saturday,6,2024,1,0,Dal Makhani,74,220,16280
2024-06-08,Saturday,6,2024,1,0,Gulab Jamun,45,80,3600
2024-06-08,Saturday,6,2024,1,0,Mango Lassi,93,90,8370
2024-06-08,Saturday,6,2024,1,0,Masala Dosa,90,120,10800
2024-06-08,Saturday,6,2024,1,0,Naan,234,60,14040
2024-06-08,Saturday,6,2024,1,0,Paneer Tikka,67,280,18760
2024-06-09,Sunday,6,2024,1,0,Biryani,154,350,53900
2024-06-09,Sunday,6,2024,1,0,Butter Chicken,131,320,41920
2024-06-09,Sunday,6,2024,1,0,Dal Makhani,70,220,15400
2024-06-09,Sunday,6,2024,1,0,Gulab Jamun,75,80,6000
2024-06-09,Sunday,6,2024,1,0,Mango Lassi,57,90,5130
2024-06-09,Sunday,6,2024,1,0,Masala Dosa,103,120,12360
2024-06-09,Sunday,6,2024,1,0,Naan,209,60,12540
2024-06-09,Sunday,6,2024,1,0,Paneer Tikka,83,280,23240
2024-06-10,Monday,6,2024,0,0,Biryani,100,350,35000
2024-06-10,Monday,6,2024,0,0,Butter Chicken,67,320,21440
2024-06-10,Monday,6,2024,0,0,Dal Makhani,44,220,9680
2024-06-10,Monday,6,2024,0,0,Gulab Jamun,42,80,3360
2024-06-10,Monday,6,2024,0,0,Mango Lassi,55,90,4950
2024-06-10,Monday,6,2024,0,0,Masala Dosa,51,120,6120
2024-06-10,Monday,6,2024,0,0,Naan,134,60,8040
2024-06-10,Monday,6,2024,0,0,Paneer Tikka,48,280,13440
2024-06-11,Tuesday,6,2024,0,0,Biryani,134,350,46900
2024-06-11,Tuesday,6,2024,0,0,Butter Chicken,115,320,36800
2024-06-11,Tuesday,6,2024,0,0,Dal Makhani,46,220,10120
2024-06-11,Tuesday,6,2024,0,0,Gulab Jamun,53,80,4240
2024-06-11,Tuesday,6,2024,0,0,Mango Lassi,74,90,6660
2024-06-11,Tuesday,6,2024,0,0,Masala Dosa,90,120,10800
2024-06-11,Tuesday,6,2024,0,0,Naan,109,60,6540
2024-06-11,Tuesday,6,2024,0,0,Paneer Tikka,66,280,18480
2024-06-12,Wednesday,6,2024,0,0,Biryani,158,350,55300
2024-06-12,Wednesday,6,2024,0,0,Butter Chicken,78,320,24960
2024-06-12,Wednesday,6,2024,0,0,Dal Makhani,61,220,13420
2024-06-12,Wednesday,6,2024,0,0,Gulab Jamun,43,80,3440
2024-06-12,Wednesday,6,2024,0,0,Mango Lassi,75,90,6750
2024-06-12,Wednesday,6,2024,0,0,Masala Dosa,82,120,9840
2024-06-12,Wednesday,6,2024,0,0,Naan,158,60,9480
2024-06-12,Wednesday,6,2024,0,0,Paneer Tikka,75,280,21000
2024-06-13,Thursday,6,2024,0,0,Biryani,105,350,36750
2024-06-13,Thursday,6,2024,0,0,Butter Chicken,87,320,27840
2024-06-13,Thursday,6,2024,0,0,Dal Makhani,50,220,11000
2024-06-13,Thursday,6,2024,0,0,Gulab Jamun,62,80,4960
2024-06-13,Thursday,6,2024,0,0,Mango Lassi,64,90,5760
2024-06-13,Thursday,6,2024,0,0,Masala Dosa,79,120,9480
2024-06-13,Thursday,6,2024,0,0,Naan,179,60,10740
2024-06-13,Thursday,6,2024,0,0,Paneer Tikka,75,280,21000
2024-06-14,Friday,6,2024,0,0,Biryani,162,350,56700
2024-06-14,Friday,6,2024,0,0,Butter Chicken,99,320,31680
2024-06-14,Friday,6,2024,0,0,Dal Makhani,86,220,18920
2024-06-14,Friday,6,2024,0,0,Gulab Jamun,73,80,5840
2024-06-14,Friday,6,2024,0,0,Mango Lassi,110,90,9900
2024-06-14,Friday,6,2024,0,0,Masala Dosa,90,120,10800
2024-06-14,Friday,6,2024,0,0,Naan,207,60,12420
2024-06-14,Friday,6,2024,0,0,Paneer Tikka,105,280,29400
2024-06-15,Saturday,6,2024,1,0,Biryani,197,350,68950
2024-06-15,Saturday,6,2024,1,0,Butter Chicken,134,320,42880
2024-06-15,Saturday,6,2024,1,0,Dal Makhani,81,220,17820
2024-06-15,Saturday,6,2024,1,0,Gulab Jamun,73,80,5840
2024-06-15,Saturday,6,2024,1,0,Mango Lassi,98,90,8820
2024-06-15,Saturday,6,2024,1,0,Masala Dosa,96,120,11520
2024-06-15,Saturday,6,2024,1,0,Naan,212,60,12720
2024-06-15,Saturday,6,2024,1,0,Paneer Tikka,94,280,26320
2024-06-16,Sunday,6,2024,1,0,Biryani,173,350,60550
2024-06-16,Sunday,6,2024,1,0,Butter Chicken,114,320,36480
2024-06-16,Sunday,6,2024,1,0,Dal Makhani,71,220,15620
2024-06-16,Sunday,6,2024,1,0,Gulab Jamun,78,80,6240
2024-06-16,Sunday,6,2024,1,0,Mango Lassi,84,90,7560
2024-06-16,Sunday,6,2024,1,0,Masala Dosa,107,120,12840
2024-06-16,Sunday,6,2024,1,0,Naan,231,60,13860
2024-06-16,Sunday,6,2024,1,0,Paneer Tikka,111,280,31080
2024-06-17,Monday,6,2024,0,0,Biryani,107,350,37450
2024-06-17,Monday,6,2024,0,0,Butter Chicken,74,320,23680
2024-06-17,Monday,6,2024,0,0,Dal Makhani,35,220,7700
2024-06-17,Monday,6,2024,0,0,Gulab Jamun,41,80,3280
2024-06-17,Monday,6,2024,0,0,Mango Lassi,48,90,4320
2024-06-17,Monday,6,2024,0,0,Masala Dosa,73,120,8760
2024-06-17,Monday,6,2024,0,0,Naan,106,60,6360
2024-06-17,Monday,6,2024,0,0,Paneer Tikka,59,280,16520
2024-06-18,Tuesday,6,2024,0,0,Biryani,98,350,34300
2024-06-18,Tuesday,6,2024,0,0,Butter Chicken,78,320,24960
2024-06-18,Tuesday,6,2024,0,0,Dal Makhani,58,220,12760
2024-06-18,Tuesday,6,2024,0,0,Gulab Jamun,52,80,4160
2024-06-18,Tuesday,6,2024,0,0,Mango Lassi,67,90,6030
2024-06-18,Tuesday,6,2024,0,0,Masala Dosa,72,120,8640
2024-06-18,Tuesday,6,2024,0,0,Naan,142,60,8520
2024-06-18,Tuesday,6,2024,0,0,Paneer Tikka,61,280,17080
2024-06-19,Wednesday,6,2024,0,0,Biryani,147,350,51450
2024-06-19,Wednesday,6,2024,0,0,Butter Chicken,118,320,37760
2024-06-19,Wednesday,6,2024,0,0,Dal Makhani,65,220,14300
2024-06-19,Wednesday,6,2024,0,0,Gulab Jamun,50,80,4000
2024-06-19,Wednesday,6,2024,0,0,Mango Lassi,66,90,5940
2024-06-19,Wednesday,6,2024,0,0,Masala Dosa,84,120,10080
2024-06-19,Wednesday,6,2024,0,0,Naan,138,60,8280
2024-06-19,Wednesday,6,2024,0,0,Paneer Tikka,57,280,15960
2024-06-20,Thursday,6,2024,0,0,Biryani,137,350,47950
2024-06-20,Thursday,6,2024,0,0,Butter Chicken,111,320,35520
2024-06-20,Thursday,6,2024,0,0,Dal Makhani,55,220,12100
2024-06-20,Thursday,6,2024,0,0,Gulab Jamun,60,80,4800
2024-06-20,Thursday,6,2024,0,0,Mango Lassi,52,90,4680
2024-06-20,Thursday,6,2024,0,0,Masala Dosa,80,120,9600
2024-06-20,Thursday,6,2024,0,0,Naan,125,60,7500
2024-06-20,Thursday,6,2024,0,0,Paneer Tikka,75,280,21000
2024-06-21,Friday,6,2024,0,0,Biryani,154,350,53900
2024-06-21,Friday,6,2024,0,0,Butter Chicken,111,320,35520
2024-06-21,Friday,6,2024,0,0,Dal Makhani,72,220,15840
2024-06-21,Friday,6,2024,0,0,Gulab Jamun,63,80,5040
2024-06-21,Friday,6,2024,0,0,Mango Lassi,94,90,8460
2024-06-21,Friday,6,2024,0,0,Masala Dosa,93,120,11160
2024-06-21,Friday,6,2024,0,0,Naan,196,60,11760
2024-06-21,Friday,6,2024,0,0,Paneer Tikka,96,280,26880
2024-06-22,Saturday,6,2024,1,0,Biryani,161,350,56350
2024-06-22,Saturday,6,2024,1,0,Butter Chicken,107,320,34240
2024-06-22,Saturday,6,2024,1,0,Dal Makhani,86,220,18920
2024-06-22,Saturday,6,2024,1,0,Gulab Jamun,72,80,5760
2024-06-22,Saturday,6,2024,1,0,Mango Lassi,69,90,6210
2024-06-22,Saturday,6,2024,1,0,Masala Dosa,105,120,12600
2024-06-22,Saturday,6,2024,1,0,Naan,202,60,12120
2024-06-22,Saturday,6,2024,1,0,Paneer Tikka,77,280,21560
2024-06-23,Sunday,6,2024,1,0,Biryani,166,350,58100
2024-06-23,Sunday,6,2024,1,0,Butter Chicken,134,320,42880
2024-06-23,Sunday,6,2024,1,0,Dal Makhani,89,220,19580
2024-06-23,Sunday,6,2024,1,0,Gulab Jamun,72,80,5760
2024-06-23,Sunday,6,2024,1,0,Mango Lassi,84,90,7560
2024-06-23,Sunday,6,2024,1,0,Masala Dosa,126,120,15120
2024-06-23,Sunday,6,2024,1,0,Naan,178,60,10680
2024-06-23,Sunday,6,2024,1,0,Paneer Tikka,99,280,27720
2024-06-24,Monday,6,2024,0,0,Biryani,118,350,41300
2024-06-24,Monday,6,2024,0,0,Butter Chicken,75,320,24000
2024-06-24,Monday,6,2024,0,0,Dal Makhani,41,220,9020
2024-06-24,Monday,6,2024,0,0,Gulab Jamun,39,80,3120
2024-06-24,Monday,6,2024,0,0,Mango Lassi,57,90,5130
2024-06-24,Monday,6,2024,0,0,Masala Dosa,74,120,8880
2024-06-24,Monday,6,2024,0,0,Naan,111,60,6660
2024-06-24,Monday,6,2024,0,0,Paneer Tikka,55,280,15400
2024-06-25,Tuesday,6,2024,0,0,Biryani,140,350,49000
2024-06-25,Tuesday,6,2024,0,0,Butter Chicken,113,320,36160
2024-06-25,Tuesday,6,2024,0,0,Dal Makhani,50,220,11000
2024-06-25,Tuesday,6,2024,0,0,Gulab Jamun,56,80,4480
2024-06-25,Tuesday,6,2024,0,0,Mango Lassi,59,90,5310
2024-06-25,Tuesday,6,2024,0,0,Masala Dosa,84,120,10080
2024-06-25,Tuesday,6,2024,0,0,Naan,167,60,10020
2024-06-25,Tuesday,6,2024,0,0,Paneer Tikka,67,280,18760
2024-06-26,Wednesday,6,2024,0,0,Biryani,97,350,33950
2024-06-26,Wednesday,6,2024,0,0,Butter Chicken,75,320,24000
2024-06-26,Wednesday,6,2024,0,0,Dal Makhani,56,220,12320
2024-06-26,Wednesday,6,2024,0,0,Gulab Jamun,65,80,5200
2024-06-26,Wednesday,6,2024,0,0,Mango Lassi,72,90,6480
2024-06-26,Wednesday,6,2024,0,0,Masala Dosa,84,120,10080
2024-06-26,Wednesday,6,2024,0,0,Naan,170,60,10200
2024-06-26,Wednesday,6,2024,0,0,Paneer Tikka,75,280,21000
2024-06-27,Thursday,6,2024,0,0,Biryani,128,350,44800
2024-06-27,Thursday,6,2024,0,0,Butter Chicken,86,320,27520
2024-06-27,Thursday,6,2024,0,0,Dal Makhani,47,220,10340
2024-06-27,Thursday,6,2024,0,0,Gulab Jamun,40,80,3200
2024-06-27,Thursday,6,2024,0,0,Mango Lassi,65,90,5850
2024-06-27,Thursday,6,2024,0,0,Masala Dosa,76,120,9120
2024-06-27,Thursday,6,2024,0,0,Naan,135,60,8100
2024-06-27,Thursday,6,2024,0,0,Paneer Tikka,70,280,19600
2024-06-28,Friday,6,2024,0,0,Biryani,183,350,64050
2024-06-28,Friday,6,2024,0,0,Butter Chicken,123,320,39360
2024-06-28,Friday,6,2024,0,0,Dal Makhani,86,220,18920
2024-06-28,Friday,6,2024,0,0,Gulab Jamun,76,80,6080
2024-06-28,Friday,6,2024,0,0,Mango Lassi,94,90,8460
2024-06-28,Friday,6,2024,0,0,Masala Dosa,107,120,12840
2024-06-28,Friday,6,2024,0,0,Naan,212,60,12720
2024-06-28,Friday,6,2024,0,0,Paneer Tikka,76,280,21280
2024-06-29,Saturday,6,2024,1,0,Biryani,180,350,63000
2024-06-29,Saturday,6,2024,1,0,Butter Chicken,132,320,42240
2024-06-29,Saturday,6,2024,1,0,Dal Makhani,91,220,20020
2024-06-29,Saturday,6,2024,1,0,Gulab Jamun,67,80,5360
2024-06-29,Saturday,6,2024,1,0,Mango Lassi,87,90,7830
2024-06-29,Saturday,6,2024,1,0,Masala Dosa,139,120,16680
2024-06-29,Saturday,6,2024,1,0,Naan,192,60,11520
2024-06-29,Saturday,6,2024,1,0,Paneer Tikka,86,280,24080
2024-06-30,Sunday,6,2024,1,0,Biryani,138,350,48300
2024-06-30,Sunday,6,2024,1,0,Butter Chicken,117,320,37440
2024-06-30,Sunday,6,2024,1,0,Dal Makhani,74,220,16280
2024-06-30,Sunday,6,2024,1,0,Gulab Jamun,80,80,6400
2024-06-30,Sunday,6,2024,1,0,Mango Lassi,94,90,8460
2024-06-30,Sunday,6,2024,1,0,Masala Dosa,113,120,13560
2024-06-30,Sunday,6,2024,1,0,Naan,179,60,10740
2024-06-30,Sunday,6,2024,1,0,Paneer Tikka,98,280,27440
2024-07-01,Monday,7,2024,0,0,Biryani,109,350,38150
2024-07-01,Monday,7,2024,0,0,Butter Chicken,54,320,17280
2024-07-01,Monday,7,2024,0,0,Dal Makhani,43,220,9460
2024-07-01,Monday,7,2024,0,0,Gulab Jamun,39,80,3120
2024-07-01,Monday,7,2024,0,0,Mango Lassi,53,90,4770
2024-07-01,Monday,7,2024,0,0,Masala Dosa,68,120,8160
2024-07-01,Monday,7,2024,0,0,Naan,126,60,7560
2024-07-01,Monday,7,2024,0,0,Paneer Tikka,71,280,19880
2024-07-02,Tuesday,7,2024,0,0,Biryani,120,350,42000
2024-07-02,Tuesday,7,2024,0,0,Butter Chicken,88,320,28160
2024-07-02,Tuesday,7,2024,0,0,Dal Makhani,49,220,10780
2024-07-02,Tuesday,7,2024,0,0,Gulab Jamun,57,80,4560
2024-07-02,Tuesday,7,2024,0,0,Mango Lassi,72,90,6480
2024-07-02,Tuesday,7,2024,0,0,Masala Dosa,89,120,10680
2024-07-02,Tuesday,7,2024,0,0,Naan,158,60,9480
2024-07-02,Tuesday,7,2024,0,0,Paneer Tikka,68,280,19040
2024-07-03,Wednesday,7,2024,0,0,Biryani,144,350,50400
2024-07-03,Wednesday,7,2024,0,0,Butter Chicken,99,320,31680
2024-07-03,Wednesday,7,2024,0,0,Dal Makhani,50,220,11000
2024-07-03,Wednesday,7,2024,0,0,Gulab Jamun,60,80,4800
2024-07-03,Wednesday,7,2024,0,0,Mango Lassi,73,90,6570
2024-07-03,Wednesday,7,2024,0,0,Masala Dosa,74,120,8880
2024-07-03,Wednesday,7,2024,0,0,Naan,138,60,8280
2024-07-03,Wednesday,7,2024,0,0,Paneer Tikka,67,280,18760
2024-07-04,Thursday,7,2024,0,0,Biryani,117,350,40950
2024-07-04,Thursday,7,2024,0,0,Butter Chicken,101,320,32320
2024-07-04,Thursday,7,2024,0,0,Dal Makhani,62,220,13640
2024-07-04,Thursday,7,2024,0,0,Gulab Jamun,53,80,4240
2024-07-04,Thursday,7,2024,0,0,Mango Lassi,62,90,5580
2024-07-04,Thursday,7,2024,0,0,Masala Dosa,92,120,11040
2024-07-04,Thursday,7,2024,0,0,Naan,153,60,9180
2024-07-04,Thursday,7,2024,0,0,Paneer Tikka,81,280,22680
2024-07-05,Friday,7,2024,0,0,Biryani,163,350,57050
2024-07-05,Friday,7,2024,0,0,Butter Chicken,137,320,43840
2024-07-05,Friday,7,2024,0,0,Dal Makhani,80,220,17600
2024-07-05,Friday,7,2024,0,0,Gulab Jamun,74,80,5920
2024-07-05,Friday,7,2024,0,0,Mango Lassi,95,90,8550
2024-07-05,Friday,7,2024,0,0,Masala Dosa,79,120,9480
2024-07-05,Friday,7,2024,0,0,Naan,183,60,10980
2024-07-05,Friday,7,2024,0,0,Paneer Tikka,107,280,29960
2024-07-06,Saturday,7,2024,1,0,Biryani,170,350,59500
2024-07-06,Saturday,7,2024,1,0,Butter Chicken,133,320,42560
2024-07-06,Saturday,7,2024,1,0,Dal Makhani,59,220,12980
2024-07-06,Saturday,7,2024,1,0,Gulab Jamun,83,80,6640
2024-07-06,Saturday,7,2024,1,0,Mango Lassi,98,90,8820
2024-07-06,Saturday,7,2024,1,0,Masala Dosa,98,120,11760
2024-07-06,Saturday,7,2024,1,0,Naan,244,60,14640
2024-07-06,Saturday,7,2024,1,0,Paneer Tikka,74,280,20720
2024-07-07,Sunday,7,2024,1,0,Biryani,185,350,64750
2024-07-07,Sunday,7,2024,1,0,Butter Chicken,115,320,36800
2024-07-07,Sunday,7,2024,1,0,Dal Makhani,72,220,15840
2024-07-07,Sunday,7,2024,1,0,Gulab Jamun,57,80,4560
2024-07-07,Sunday,7,2024,1,0,Mango Lassi,65,90,5850
2024-07-07,Sunday,7,2024,1,0,Masala Dosa,106,120,12720
2024-07-07,Sunday,7,2024,1,0,Naan,212,60,12720
2024-07-07,Sunday,7,2024,1,0,Paneer Tikka,83,280,23240
2024-07-08,Monday,7,2024,0,0,Biryani,98,350,34300
2024-07-08,Monday,7,2024,0,0,Butter Chicken,78,320,24960
2024-07-08,Monday,7,2024,0,0,Dal Makhani,51,220,11220
2024-07-08,Monday,7,2024,0,0,Gulab Jamun,41,80,3280
2024-07-08,Monday,7,2024,0,0,Mango Lassi,55,90,4950
2024-07-08,Monday,7,2024,0,0,Masala Dosa,64,120,7680
2024-07-08,Monday,7,2024,0,0,Naan,141,60,8460
2024-07-08,Monday,7,2024,0,0,Paneer Tikka,53,280,14840
2024-07-09,Tuesday,7,2024,0,0,Biryani,140,350,49000
2024-07-09,Tuesday,7,2024,0,0,Butter Chicken,80,320,25600
2024-07-09,Tuesday,7,2024,0,0,Dal Makhani,64,220,14080
2024-07-09,Tuesday,7,2024,0,0,Gulab Jamun,48,80,3840
2024-07-09,Tuesday,7,2024,0,0,Mango Lassi,66,90,5940
2024-07-09,Tuesday,7,2024,0,0,Masala Dosa,76,120,9120
2024-07-09,Tuesday,7,2024,0,0,Naan,119,60,7140
2024-07-09,Tuesday,7,2024,0,0,Paneer Tikka,73,280,20440
2024-07-10,Wednesday,7,2024,0,0,Biryani,123,350,43050
2024-07-10,Wednesday,7,2024,0,0,Butter Chicken,101,320,32320
2024-07-10,Wednesday,7,2024,0,0,Dal Makhani,56,220,12320
2024-07-10,Wednesday,7,2024,0,0,Gulab Jamun,62,80,4960
2024-07-10,Wednesday,7,2024,0,0,Mango Lassi,68,90,6120
2024-07-10,Wednesday,7,2024,0,0,Masala Dosa,86,120,10320
2024-07-10,Wednesday,7,2024,0,0,Naan,177,60,10620
2024-07-10,Wednesday,7,2024,0,0,Paneer Tikka,84,280,23520
2024-07-11,Thursday,7,2024,0,0,Biryani,107,350,37450
2024-07-11,Thursday,7,2024,0,0,Butter Chicken,82,320,26240
2024-07-11,Thursday,7,2024,0,0,Dal Makhani,64,220,14080
2024-07-11,Thursday,7,2024,0,0,Gulab Jamun,59,80,4720
2024-07-11,Thursday,7,2024,0,0,Mango Lassi,75,90,6750
2024-07-11,Thursday,7,2024,0,0,Masala Dosa,102,120,12240
2024-07-11,Thursday,7,2024,0,0,Naan,177,60,10620
2024-07-11,Thursday,7,2024,0,0,Paneer Tikka,60,280,16800
2024-07-12,Friday,7,2024,0,0,Biryani,195,350,68250
2024-07-12,Friday,7,2024,0,0,Butter Chicken,120,320,38400
2024-07-12,Friday,7,2024,0,0,Dal Makhani,84,220,18480
2024-07-12,Friday,7,2024,0,0,Gulab Jamun,75,80,6000
2024-07-12,Friday,7,2024,0,0,Mango Lassi,102,90,9180
2024-07-12,Friday,7,2024,0,0,Masala Dosa,118,120,14160
2024-07-12,Friday,7,2024,0,0,Naan,212,60,12720
2024-07-12,Friday,7,2024,0,0,Paneer Tikka,83,280,23240
2024-07-13,Saturday,7,2024,1,0,Biryani,195,350,68250
2024-07-13,Saturday,7,2024,1,0,Butter Chicken,149,320,47680
2024-07-13,Saturday,7,2024,1,0,Dal Makhani,85,220,18700
2024-07-13,Saturday,7,2024,1,0,Gulab Jamun,60,80,4800
2024-07-13,Saturday,7,2024,1,0,Mango Lassi,100,90,9000
2024-07-13,Saturday,7,2024,1,0,Masala Dosa,123,120,14760
2024-07-13,Saturday,7,2024,1,0,Naan,198,60,11880
2024-07-13,Saturday,7,2024,1,0,Paneer Tikka,103,280,28840
2024-07-14,Sunday,7,2024,1,0,Biryani,159,350,55650
2024-07-14,Sunday,7,2024,1,0,Butter Chicken,110,320,35200
2024-07-14,Sunday,7,2024,1,0,Dal Makhani,86,220,18920
2024-07-14,Sunday,7,2024,1,0,Gulab Jamun,76,80,6080
2024-07-14,Sunday,7,2024,1,0,Mango Lassi,82,90,7380
2024-07-14,Sunday,7,2024,1,0,Masala Dosa,91,120,10920
2024-07-14,Sunday,7,2024,1,0,Naan,209,60,12540
2024-07-14,Sunday,7,2024,1,0,Paneer Tikka,100,280,28000
2024-07-15,Monday,7,2024,0,0,Biryani,110,350,38500
2024-07-15,Monday,7,2024,0,0,Butter Chicken,84,320,26880
2024-07-15,Monday,7,2024,0,0,Dal Makhani,42,220,9240
2024-07-15,Monday,7,2024,0,0,Gulab Jamun,47,80,3760
2024-07-15,Monday,7,2024,0,0,Mango Lassi,63,90,5670
2024-07-15,Monday,7,2024,0,0,Masala Dosa,63,120,7560
2024-07-15,Monday,7,2024,0,0,Naan,115,60,6900
2024-07-15,Monday,7,2024,0,0,Paneer Tikka,57,280,15960
2024-07-16,Tuesday,7,2024,0,0,Biryani,97,350,33950
2024-07-16,Tuesday,7,2024,0,0,Butter Chicken,86,320,27520
2024-07-16,Tuesday,7,2024,0,0,Dal Makhani,51,220,11220
2024-07-16,Tuesday,7,2024,0,0,Gulab Jamun,43,80,3440
2024-07-16,Tuesday,7,2024,0,0,Mango Lassi,69,90,6210
2024-07-16,Tuesday,7,2024,0,0,Masala Dosa,70,120,8400
2024-07-16,Tuesday,7,2024,0,0,Naan,137,60,8220
2024-07-16,Tuesday,7,2024,0,0,Paneer Tikka,81,280,22680
2024-07-17,Wednesday,7,2024,0,0,Biryani,142,350,49700
2024-07-17,Wednesday,7,2024,0,0,Butter Chicken,93,320,29760
2024-07-17,Wednesday,7,2024,0,0,Dal Makhani,61,220,13420
2024-07-17,Wednesday,7,2024,0,0,Gulab Jamun,46,80,3680
2024-07-17,Wednesday,7,2024,0,0,Mango Lassi,74,90,6660
2024-07-17,Wednesday,7,2024,0,0,Masala Dosa,83,120,9960
2024-07-17,Wednesday,7,2024,0,0,Naan,167,60,10020
2024-07-17,Wednesday,7,2024,0,0,Paneer Tikka,75,280,21000
2024-07-18,Thursday,7,2024,0,0,Biryani,128,350,44800
2024-07-18,Thursday,7,2024,0,0,Butter Chicken,88,320,28160
2024-07-18,Thursday,7,2024,0,0,Dal Makhani,53,220,11660
2024-07-18,Thursday,7,2024,0,0,Gulab Jamun,56,80,4480
2024-07-18,Thursday,7,2024,0,0,Mango Lassi,58,90,5220
2024-07-18,Thursday,7,2024,0,0,Masala Dosa,87,120,10440
2024-07-18,Thursday,7,2024,0,0,Naan,147,60,8820
2024-07-18,Thursday,7,2024,0,0,Paneer Tikka,63,280,17640
2024-07-19,Friday,7,2024,0,0,Biryani,188,350,65800
2024-07-19,Friday,7,2024,0,0,Butter Chicken,121,320,38720
2024-07-19,Friday,7,2024,0,0,Dal Makhani,100,220,22000
2024-07-19,Friday,7,2024,0,0,Gulab Jamun,60,80,4800
2024-07-19,Friday,7,2024,0,0,Mango Lassi,97,90,8730
2024-07-19,Friday,7,2024,0,0,Masala Dosa,128,120,15360
2024-07-19,Friday,7,2024,0,0,Naan,239,60,14340
2024-07-19,Friday,7,2024,0,0,Paneer Tikka,109,280,30520
2024-07-20,Saturday,7,2024,1,0,Biryani,181,350,63350
2024-07-20,Saturday,7,2024,1,0,Butter Chicken,128,320,40960
2024-07-20,Saturday,7,2024,1,0,Dal Makhani,89,220,19580
2024-07-20,Saturday,7,2024,1,0,Gulab Jamun,79,80,6320
2024-07-20,Saturday,7,2024,1,0,Mango Lassi,82,90,7380
2024-07-20,Saturday,7,2024,1,0,Masala Dosa,101,120,12120
2024-07-20,Saturday,7,2024,1,0,Naan,222,60,13320
2024-07-20,Saturday,7,2024,1,0,Paneer Tikka,90,280,25200
2024-07-21,Sunday,7,2024,1,0,Biryani,173,350,60550
2024-07-21,Sunday,7,2024,1,0,Butter Chicken,132,320,42240
2024-07-21,Sunday,7,2024,1,0,Dal Makhani,88,220,19360
2024-07-21,Sunday,7,2024,1,0,Gulab Jamun,56,80,4480
2024-07-21,Sunday,7,2024,1,0,Mango Lassi,82,90,7380
2024-07-21,Sunday,7,2024,1,0,Masala Dosa,139,120,16680
2024-07-21,Sunday,7,2024,1,0,Naan,183,60,10980
2024-07-21,Sunday,7,2024,1,0,Paneer Tikka,93,280,26040
2024-07-22,Monday,7,2024,0,0,Biryani,104,350,36400
2024-07-22,Monday,7,2024,0,0,Butter Chicken,79,320,25280
2024-07-22,Monday,7,2024,0,0,Dal Makhani,47,220,10340
2024-07-22,Monday,7,2024,0,0,Gulab Jamun,50,80,4000
2024-07-22,Monday,7,2024,0,0,Mango Lassi,57,90,5130
2024-07-22,Monday,7,2024,0,0,Masala Dosa,65,120,7800
2024-07-22,Monday,7,2024,0,0,Naan,130,60,7800
2024-07-22,Monday,7,2024,0,0,Paneer Tikka,61,280,17080
2024-07-23,Tuesday,7,2024,0,0,Biryani,130,350,45500
2024-07-23,Tuesday,7,2024,0,0,Butter Chicken,105,320,33600
2024-07-23,Tuesday,7,2024,0,0,Dal Makhani,57,220,12540
2024-07-23,Tuesday,7,2024,0,0,Gulab Jamun,50,80,4000
2024-07-23,Tuesday,7,2024,0,0,Mango Lassi,71,90,6390
2024-07-23,Tuesday,7,2024,0,0,Masala Dosa,87,120,10440
2024-07-23,Tuesday,7,2024,0,0,Naan,136,60,8160
2024-07-23,Tuesday,7,2024,0,0,Paneer Tikka,63,280,17640
2024-07-24,Wednesday,7,2024,0,0,Biryani,117,350,40950
2024-07-24,Wednesday,7,2024,0,0,Butter Chicken,83,320,26560
2024-07-24,Wednesday,7,2024,0,0,Dal Makhani,61,220,13420
2024-07-24,Wednesday,7,2024,0,0,Gulab Jamun,59,80,4720
2024-07-24,Wednesday,7,2024,0,0,Mango Lassi,56,90,5040
2024-07-24,Wednesday,7,2024,0,0,Masala Dosa,78,120,9360
2024-07-24,Wednesday,7,2024,0,0,Naan,170,60,10200
2024-07-24,Wednesday,7,2024,0,0,Paneer Tikka,86,280,24080
2024-07-25,Thursday,7,2024,0,0,Biryani,122,350,42700
2024-07-25,Thursday,7,2024,0,0,Butter Chicken,112,320,35840
2024-07-25,Thursday,7,2024,0,0,Dal Makhani,57,220,12540
2024-07-25,Thursday,7,2024,0,0,Gulab Jamun,49,80,3920
2024-07-25,Thursday,7,2024,0,0,Mango Lassi,64,90,5760
2024-07-25,Thursday,7,2024,0,0,Masala Dosa,77,120,9240
2024-07-25,Thursday,7,2024,0,0,Naan,170,60,10200
2024-07-25,Thursday,7,2024,0,0,Paneer Tikka,71,280,19880
2024-07-26,Friday,7,2024,0,0,Biryani,165,350,57750
2024-07-26,Friday,7,2024,0,0,Butter Chicken,110,320,35200
2024-07-26,Friday,7,2024,0,0,Dal Makhani,88,220,19360
2024-07-26,Friday,7,2024,0,0,Gulab Jamun,72,80,5760
2024-07-26,Friday,7,2024,0,0,Mango Lassi,97,90,8730
2024-07-26,Friday,7,2024,0,0,Masala Dosa,99,120,11880
2024-07-26,Friday,7,2024,0,0,Naan,215,60,12900
2024-07-26,Friday,7,2024,0,0,Paneer Tikka,118,280,33040
2024-07-27,Saturday,7,2024,1,0,Biryani,199,350,69650
2024-07-27,Saturday,7,2024,1,0,Butter Chicken,126,320,40320
2024-07-27,Saturday,7,2024,1,0,Dal Makhani,89,220,19580
2024-07-27,Saturday,7,2024,1,0,Gulab Jamun,67,80,5360
2024-07-27,Saturday,7,2024,1,0,Mango Lassi,90,90,8100
2024-07-27,Saturday,7,2024,1,0,Masala Dosa,98,120,11760
2024-07-27,Saturday,7,2024,1,0,Naan,198,60,11880
2024-07-27,Saturday,7,2024,1,0,Paneer Tikka,110,280,30800
2024-07-28,Sunday,7,2024,1,0,Biryani,177,350,61950
2024-07-28,Sunday,7,2024,1,0,Butter Chicken,137,320,43840
2024-07-28,Sunday,7,2024,1,0,Dal Makhani,82,220,18040
2024-07-28,Sunday,7,2024,1,0,Gulab Jamun,76,80,6080
2024-07-28,Sunday,7,2024,1,0,Mango Lassi,102,90,9180
2024-07-28,Sunday,7,2024,1,0,Masala Dosa,130,120,15600
2024-07-28,Sunday,7,2024,1,0,Naan,203,60,12180
2024-07-28,Sunday,7,2024,1,0,Paneer Tikka,71,280,19880
2024-07-29,Monday,7,2024,0,0,Biryani,125,350,43750
2024-07-29,Monday,7,2024,0,0,Butter Chicken,74,320,23680
2024-07-29,Monday,7,2024,0,0,Dal Makhani,55,220,12100
2024-07-29,Monday,7,2024,0,0,Gulab Jamun,41,80,3280
2024-07-29,Monday,7,2024,0,0,Mango Lassi,55,90,4950
2024-07-29,Monday,7,2024,0,0,Masala Dosa,64,120,7680
2024-07-29,Monday,7,2024,0,0,Naan,108,60,6480
2024-07-29,Monday,7,2024,0,0,Paneer Tikka,63,280,17640
2024-07-30,Tuesday,7,2024,0,0,Biryani,132,350,46200
2024-07-30,Tuesday,7,2024,0,0,Butter Chicken,103,320,32960
2024-07-30,Tuesday,7,2024,0,0,Dal Makhani,45,220,9900
2024-07-30,Tuesday,7,2024,0,0,Gulab Jamun,54,80,4320
2024-07-30,Tuesday,7,2024,0,0,Mango Lassi,63,90,5670
2024-07-30,Tuesday,7,2024,0,0,Masala Dosa,78,120,9360
2024-07-30,Tuesday,7,2024,0,0,Naan,182,60,10920
2024-07-30,Tuesday,7,2024,0,0,Paneer Tikka,64,280,17920
2024-07-31,Wednesday,7,2024,0,0,Biryani,131,350,45850
2024-07-31,Wednesday,7,2024,0,0,Butter Chicken,108,320,34560
2024-07-31,Wednesday,7,2024,0,0,Dal Makhani,59,220,12980
2024-07-31,Wednesday,7,2024,0,0,Gulab Jamun,48,80,3840
2024-07-31,Wednesday,7,2024,0,0,Mango Lassi,71,90,6390
2024-07-31,Wednesday,7,2024,0,0,Masala Dosa,101,120,12120
2024-07-31,Wednesday,7,2024,0,0,Naan,147,60,8820
2024-07-31,Wednesday,7,2024,0,0,Paneer Tikka,47,280,13160
2024-08-01,Thursday,8,2024,0,0,Biryani,122,350,42700
2024-08-01,Thursday,8,2024,0,0,Butter Chicken,101,320,32320
2024-08-01,Thursday,8,2024,0,0,Dal Makhani,55,220,12100
2024-08-01,Thursday,8,2024,0,0,Gulab Jamun,44,80,3520
2024-08-01,Thursday,8,2024,0,0,Mango Lassi,62,90,5580
2024-08-01,Thursday,8,2024,0,0,Masala Dosa,89,120,10680
2024-08-01,Thursday,8,2024,0,0,Naan,178,60,10680
2024-08-01,Thursday,8,2024,0,0,Paneer Tikka,83,280,23240
2024-08-02,Friday,8,2024,0,0,Biryani,165,350,57750
2024-08-02,Friday,8,2024,0,0,Butter Chicken,137,320,43840
2024-08-02,Friday,8,2024,0,0,Dal Makhani,53,220,11660
2024-08-02,Friday,8,2024,0,0,Gulab Jamun,55,80,4400
2024-08-02,Friday,8,2024,0,0,Mango Lassi,59,90,5310
2024-08-02,Friday,8,2024,0,0,Masala Dosa,97,120,11640
2024-08-02,Friday,8,2024,0,0,Naan,226,60,13560
2024-08-02,Friday,8,2024,0,0,Paneer Tikka,108,280,30240
2024-08-03,Saturday,8,2024,1,0,Biryani,175,350,61250
2024-08-03,Saturday,8,2024,1,0,Butter Chicken,143,320,45760
2024-08-03,Saturday,8,2024,1,0,Dal Makhani,95,220,20900
2024-08-03,Saturday,8,2024,1,0,Gulab Jamun,61,80,4880
2024-08-03,Saturday,8,2024,1,0,Mango Lassi,89,90,8010
2024-08-03,Saturday,8,2024,1,0,Masala Dosa,137,120,16440
2024-08-03,Saturday,8,2024,1,0,Naan,229,60,13740
2024-08-03,Saturday,8,2024,1,0,Paneer Tikka,99,280,27720
2024-08-04,Sunday,8,2024,1,0,Biryani,174,350,60900
2024-08-04,Sunday,8,2024,1,0,Butter Chicken,105,320,33600
2024-08-04,Sunday,8,2024,1,0,Dal Makhani,88,220,19360
2024-08-04,Sunday,8,2024,1,0,Gulab Jamun,80,80,6400
2024-08-04,Sunday,8,2024,1,0,Mango Lassi,113,90,10170
2024-08-04,Sunday,8,2024,1,0,Masala Dosa,123,120,14760
2024-08-04,Sunday,8,2024,1,0,Naan,214,60,12840
2024-08-04,Sunday,8,2024,1,0,Paneer Tikka,95,280,26600
2024-08-05,Monday,8,2024,0,0,Biryani,110,350,38500
2024-08-05,Monday,8,2024,0,0,Butter Chicken,74,320,23680
2024-08-05,Monday,8,2024,0,0,Dal Makhani,43,220,9460
2024-08-05,Monday,8,2024,0,0,Gulab Jamun,40,80,3200
2024-08-05,Monday,8,2024,0,0,Mango Lassi,50,90,4500
2024-08-05,Monday,8,2024,0,0,Masala Dosa,65,120,7800
2024-08-05,Monday,8,2024,0,0,Naan,148,60,8880
2024-08-05,Monday,8,2024,0,0,Paneer Tikka,51,280,14280
2024-08-06,Tuesday,8,2024,0,0,Biryani,123,350,43050
2024-08-06,Tuesday,8,2024,0,0,Butter Chicken,105,320,33600
2024-08-06,Tuesday,8,2024,0,0,Dal Makhani,72,220,15840
2024-08-06,Tuesday,8,2024,0,0,Gulab Jamun,58,80,4640
2024-08-06,Tuesday,8,2024,0,0,Mango Lassi,53,90,4770
2024-08-06,Tuesday,8,2024,0,0,Masala Dosa,85,120,10200
2024-08-06,Tuesday,8,2024,0,0,Naan,141,60,8460
2024-08-06,Tuesday,8,2024,0,0,Paneer Tikka,71,280,19880
2024-08-07,Wednesday,8,2024,0,0,Biryani,146,350,51100
2024-08-07,Wednesday,8,2024,0,0,Butter Chicken,102,320,32640
2024-08-07,Wednesday,8,2024,0,0,Dal Makhani,53,220,11660
2024-08-07,Wednesday,8,2024,0,0,Gulab Jamun,60,80,4800
2024-08-07,Wednesday,8,2024,0,0,Mango Lassi,68,90,6120
2024-08-07,Wednesday,8,2024,0,0,Masala Dosa,96,120,11520
2024-08-07,Wednesday,8,2024,0,0,Naan,170,60,10200
2024-08-07,Wednesday,8,2024,0,0,Paneer Tikka,63,280,17640
2024-08-08,Thursday,8,2024,0,0,Biryani,157,350,54950
2024-08-08,Thursday,8,2024,0,0,Butter Chicken,94,320,30080
2024-08-08,Thursday,8,2024,0,0,Dal Makhani,55,220,12100
2024-08-08,Thursday,8,2024,0,0,Gulab Jamun,49,80,3920
2024-08-08,Thursday,8,2024,0,0,Mango Lassi,59,90,5310
2024-08-08,Thursday,8,2024,0,0,Masala Dosa,91,120,10920
2024-08-08,Thursday,8,2024,0,0,Naan,138,60,8280
2024-08-08,Thursday,8,2024,0,0,Paneer Tikka,67,280,18760
2024-08-09,Friday,8,2024,0,0,Biryani,178,350,62300
2024-08-09,Friday,8,2024,0,0,Butter Chicken,108,320,34560
2024-08-09,Friday,8,2024,0,0,Dal Makhani,84,220,18480
2024-08-09,Friday,8,2024,0,0,Gulab Jamun,72,80,5760
2024-08-09,Friday,8,2024,0,0,Mango Lassi,88,90,7920
2024-08-09,Friday,8,2024,0,0,Masala Dosa,122,120,14640
2024-08-09,Friday,8,2024,0,0,Naan,237,60,14220
2024-08-09,Friday,8,2024,0,0,Paneer Tikka,92,280,25760
2024-08-10,Saturday,8,2024,1,0,Biryani,183,350,64050
2024-08-10,Saturday,8,2024,1,0,Butter Chicken,139,320,44480
2024-08-10,Saturday,8,2024,1,0,Dal Makhani,77,220,16940
2024-08-10,Saturday,8,2024,1,0,Gulab Jamun,79,80,6320
2024-08-10,Saturday,8,2024,1,0,Mango Lassi,96,90,8640
2024-08-10,Saturday,8,2024,1,0,Masala Dosa,94,120,11280
2024-08-10,Saturday,8,2024,1,0,Naan,187,60,11220
2024-08-10,Saturday,8,2024,1,0,Paneer Tikka,113,280,31640
2024-08-11,Sunday,8,2024,1,0,Biryani,210,350,73500
2024-08-11,Sunday,8,2024,1,0,Butter Chicken,140,320,44800
2024-08-11,Sunday,8,2024,1,0,Dal Makhani,77,220,16940
2024-08-11,Sunday,8,2024,1,0,Gulab Jamun,68,80,5440
2024-08-11,Sunday,8,2024,1,0,Mango Lassi,96,90,8640
2024-08-11,Sunday,8,2024,1,0,Masala Dosa,114,120,13680
2024-08-11,Sunday,8,2024,1,0,Naan,237,60,14220
2024-08-11,Sunday,8,2024,1,0,Paneer Tikka,96,280,26880
2024-08-12,Monday,8,2024,0,0,Biryani,107,350,37450
2024-08-12,Monday,8,2024,0,0,Butter Chicken,81,320,25920
2024-08-12,Monday,8,2024,0,0,Dal Makhani,48,220,10560
2024-08-12,Monday,8,2024,0,0,Gulab Jamun,47,80,3760
2024-08-12,Monday,8,2024,0,0,Mango Lassi,54,90,4860
2024-08-12,Monday,8,2024,0,0,Masala Dosa,77,120,9240
2024-08-12,Monday,8,2024,0,0,Naan,162,60,9720
2024-08-12,Monday,8,2024,0,0,Paneer Tikka,60,280,16800
2024-08-13,Tuesday,8,2024,0,0,Biryani,134,350,46900
2024-08-13,Tuesday,8,2024,0,0,Butter Chicken,108,320,34560
2024-08-13,Tuesday,8,2024,0,0,Dal Makhani,58,220,12760
2024-08-13,Tuesday,8,2024,0,0,Gulab Jamun,56,80,4480
2024-08-13,Tuesday,8,2024,0,0,Mango Lassi,62,90,5580
2024-08-13,Tuesday,8,2024,0,0,Masala Dosa,52,120,6240
2024-08-13,Tuesday,8,2024,0,0,Naan,156,60,9360
2024-08-13,Tuesday,8,2024,0,0,Paneer Tikka,77,280,21560
2024-08-14,Wednesday,8,2024,0,0,Biryani,114,350,39900
2024-08-14,Wednesday,8,2024,0,0,Butter Chicken,115,320,36800
2024-08-14,Wednesday,8,2024,0,0,Dal Makhani,60,220,13200
2024-08-14,Wednesday,8,2024,0,0,Gulab Jamun,56,80,4480
2024-08-14,Wednesday,8,2024,0,0,Mango Lassi,74,90,6660
2024-08-14,Wednesday,8,2024,0,0,Masala Dosa,89,120,10680
2024-08-14,Wednesday,8,2024,0,0,Naan,138,60,8280
2024-08-14,Wednesday,8,2024,0,0,Paneer Tikka,73,280,20440
2024-08-15,Thursday,8,2024,0,1,Biryani,173,350,60550
2024-08-15,Thursday,8,2024,0,1,Butter Chicken,136,320,43520
2024-08-15,Thursday,8,2024,0,1,Dal Makhani,102,220,22440
2024-08-15,Thursday,8,2024,0,1,Gulab Jamun,84,80,6720
2024-08-15,Thursday,8,2024,0,1,Mango Lassi,108,90,9720
2024-08-15,Thursday,8,2024,0,1,Masala Dosa,139,120,16680
2024-08-15,Thursday,8,2024,0,1,Naan,259,60,15540
2024-08-15,Thursday,8,2024,0,1,Paneer Tikka,113,280,31640
2024-08-16,Friday,8,2024,0,0,Biryani,183,350,64050
2024-08-16,Friday,8,2024,0,0,Butter Chicken,156,320,49920
2024-08-16,Friday,8,2024,0,0,Dal Makhani,71,220,15620
2024-08-16,Friday,8,2024,0,0,Gulab Jamun,83,80,6640
2024-08-16,Friday,8,2024,0,0,Mango Lassi,87,90,7830
2024-08-16,Friday,8,2024,0,0,Masala Dosa,116,120,13920
2024-08-16,Friday,8,2024,0,0,Naan,190,60,11400
2024-08-16,Friday,8,2024,0,0,Paneer Tikka,95,280,26600
2024-08-17,Saturday,8,2024,1,0,Biryani,168,350,58800
2024-08-17,Saturday,8,2024,1,0,Butter Chicken,127,320,40640
2024-08-17,Saturday,8,2024,1,0,Dal Makhani,84,220,18480
2024-08-17,Saturday,8,2024,1,0,Gulab Jamun,67,80,5360
2024-08-17,Saturday,8,2024,1,0,Mango Lassi,97,90,8730
2024-08-17,Saturday,8,2024,1,0,Masala Dosa,132,120,15840
2024-08-17,Saturday,8,2024,1,0,Naan,174,60,10440
2024-08-17,Saturday,8,2024,1,0,Paneer Tikka,93,280,26040
2024-08-18,Sunday,8,2024,1,0,Biryani,194,350,67900
2024-08-18,Sunday,8,2024,1,0,Butter Chicken,111,320,35520
2024-08-18,Sunday,8,2024,1,0,Dal Makhani,85,220,18700
2024-08-18,Sunday,8,2024,1,0,Gulab Jamun,63,80,5040
2024-08-18,Sunday,8,2024,1,0,Mango Lassi,87,90,7830
2024-08-18,Sunday,8,2024,1,0,Masala Dosa,118,120,14160
2024-08-18,Sunday,8,2024,1,0,Naan,187,60,11220
2024-08-18,Sunday,8,2024,1,0,Paneer Tikka,106,280,29680
2024-08-19,Monday,8,2024,0,0,Biryani,107,350,37450
2024-08-19,Monday,8,2024,0,0,Butter Chicken,87,320,27840
2024-08-19,Monday,8,2024,0,0,Dal Makhani,42,220,9240
2024-08-19,Monday,8,2024,0,0,Gulab Jamun,31,80,2480
2024-08-19,Monday,8,2024,0,0,Mango Lassi,58,90,5220
2024-08-19,Monday,8,2024,0,0,Masala Dosa,68,120,8160
2024-08-19,Monday,8,2024,0,0,Naan,136,60,8160
2024-08-19,Monday,8,2024,0,0,Paneer Tikka,63,280,17640
2024-08-20,Tuesday,8,2024,0,0,Biryani,116,350,40600
2024-08-20,Tuesday,8,2024,0,0,Butter Chicken,96,320,30720
2024-08-20,Tuesday,8,2024,0,0,Dal Makhani,37,220,8140
2024-08-20,Tuesday,8,2024,0,0,Gulab Jamun,43,80,3440
2024-08-20,Tuesday,8,2024,0,0,Mango Lassi,58,90,5220
2024-08-20,Tuesday,8,2024,0,0,Masala Dosa,87,120,10440
2024-08-20,Tuesday,8,2024,0,0,Naan,163,60,9780
2024-08-20,Tuesday,8,2024,0,0,Paneer Tikka,83,280,23240
2024-08-21,Wednesday,8,2024,0,0,Biryani,145,350,50750
2024-08-21,Wednesday,8,2024,0,0,Butter Chicken,129,320,41280
2024-08-21,Wednesday,8,2024,0,0,Dal Makhani,55,220,12100
2024-08-21,Wednesday,8,2024,0,0,Gulab Jamun,52,80,4160
2024-08-21,Wednesday,8,2024,0,0,Mango Lassi,63,90,5670
2024-08-21,Wednesday,8,2024,0,0,Masala Dosa,83,120,9960
2024-08-21,Wednesday,8,2024,0,0,Naan,118,60,7080
2024-08-21,Wednesday,8,2024,0,0,Paneer Tikka,70,280,19600
2024-08-22,Thursday,8,2024,0,0,Biryani,131,350,45850
2024-08-22,Thursday,8,2024,0,0,Butter Chicken,95,320,30400
2024-08-22,Thursday,8,2024,0,0,Dal Makhani,51,220,11220
2024-08-22,Thursday,8,2024,0,0,Gulab Jamun,41,80,3280
2024-08-22,Thursday,8,2024,0,0,Mango Lassi,72,90,6480
2024-08-22,Thursday,8,2024,0,0,Masala Dosa,65,120,7800
2024-08-22,Thursday,8,2024,0,0,Naan,167,60,10020
2024-08-22,Thursday,8,2024,0,0,Paneer Tikka,75,280,21000
2024-08-23,Friday,8,2024,0,0,Biryani,150,350,52500
2024-08-23,Friday,8,2024,0,0,Butter Chicken,139,320,44480
2024-08-23,Friday,8,2024,0,0,Dal Makhani,75,220,16500
2024-08-23,Friday,8,2024,0,0,Gulab Jamun,67,80,5360
2024-08-23,Friday,8,2024,0,0,Mango Lassi,97,90,8730
2024-08-23,Friday,8,2024,0,0,Masala Dosa,92,120,11040
2024-08-23,Friday,8,2024,0,0,Naan,206,60,12360
2024-08-23,Friday,8,2024,0,0,Paneer Tikka,97,280,27160
2024-08-24,Saturday,8,2024,1,0,Biryani,196,350,68600
2024-08-24,Saturday,8,2024,1,0,Butter Chicken,153,320,48960
2024-08-24,Saturday,8,2024,1,0,Dal Makhani,63,220,13860
2024-08-24,Saturday,8,2024,1,0,Gulab Jamun,76,80,6080
2024-08-24,Saturday,8,2024,1,0,Mango Lassi,87,90,7830
2024-08-24,Saturday,8,2024,1,0,Masala Dosa,103,120,12360
2024-08-24,Saturday,8,2024,1,0,Naan,229,60,13740
2024-08-24,Saturday,8,2024,1,0,Paneer Tikka,93,280,26040
2024-08-25,Sunday,8,2024,1,0,Biryani,193,350,67550
2024-08-25,Sunday,8,2024,1,0,Butter Chicken,151,320,48320
2024-08-25,Sunday,8,2024,1,0,Dal Makhani,79,220,17380
2024-08-25,Sunday,8,2024,1,0,Gulab Jamun,66,80,5280
2024-08-25,Sunday,8,2024,1,0,Mango Lassi,90,90,8100
2024-08-25,Sunday,8,2024,1,0,Masala Dosa,112,120,13440
2024-08-25,Sunday,8,2024,1,0,Naan,209,60,12540
2024-08-25,Sunday,8,2024,1,0,Paneer Tikka,88,280,24640
2024-08-26,Monday,8,2024,0,0,Biryani,107,350,37450
2024-08-26,Monday,8,2024,0,0,Butter Chicken,77,320,24640
2024-08-26,Monday,8,2024,0,0,Dal Makhani,53,220,11660
2024-08-26,Monday,8,2024,0,0,Gulab Jamun,48,80,3840
2024-08-26,Monday,8,2024,0,0,Mango Lassi,45,90,4050
2024-08-26,Monday,8,2024,0,0,Masala Dosa,59,120,7080
2024-08-26,Monday,8,2024,0,0,Naan,140,60,8400
2024-08-26,Monday,8,2024,0,0,Paneer Tikka,59,280,16520
2024-08-27,Tuesday,8,2024,0,0,Biryani,102,350,35700
2024-08-27,Tuesday,8,2024,0,0,Butter Chicken,104,320,33280
2024-08-27,Tuesday,8,2024,0,0,Dal Makhani,61,220,13420
2024-08-27,Tuesday,8,2024,0,0,Gulab Jamun,63,80,5040
2024-08-27,Tuesday,8,2024,0,0,Mango Lassi,61,90,5490
2024-08-27,Tuesday,8,2024,0,0,Masala Dosa,77,120,9240
2024-08-27,Tuesday,8,2024,0,0,Naan,148,60,8880
2024-08-27,Tuesday,8,2024,0,0,Paneer Tikka,78,280,21840
2024-08-28,Wednesday,8,2024,0,0,Biryani,144,350,50400
2024-08-28,Wednesday,8,2024,0,0,Butter Chicken,87,320,27840
2024-08-28,Wednesday,8,2024,0,0,Dal Makhani,59,220,12980
2024-08-28,Wednesday,8,2024,0,0,Gulab Jamun,40,80,3200
2024-08-28,Wednesday,8,2024,0,0,Mango Lassi,62,90,5580
2024-08-28,Wednesday,8,2024,0,0,Masala Dosa,90,120,10800
2024-08-28,Wednesday,8,2024,0,0,Naan,179,60,10740
2024-08-28,Wednesday,8,2024,0,0,Paneer Tikka,73,280,20440
2024-08-29,Thursday,8,2024,0,0,Biryani,91,350,31850
2024-08-29,Thursday,8,2024,0,0,Butter Chicken,90,320,28800
2024-08-29,Thursday,8,2024,0,0,Dal Makhani,79,220,17380
2024-08-29,Thursday,8,2024,0,0,Gulab Jamun,62,80,4960
2024-08-29,Thursday,8,2024,0,0,Mango Lassi,85,90,7650
2024-08-29,Thursday,8,2024,0,0,Masala Dosa,86,120,10320
2024-08-29,Thursday,8,2024,0,0,Naan,167,60,10020
2024-08-29,Thursday,8,2024,0,0,Paneer Tikka,77,280,21560
2024-08-30,Friday,8,2024,0,0,Biryani,183,350,64050
2024-08-30,Friday,8,2024,0,0,Butter Chicken,144,320,46080
2024-08-30,Friday,8,2024,0,0,Dal Makhani,80,220,17600
2024-08-30,Friday,8,2024,0,0,Gulab Jamun,67,80,5360
2024-08-30,Friday,8,2024,0,0,Mango Lassi,75,90,6750
2024-08-30,Friday,8,2024,0,0,Masala Dosa,103,120,12360
2024-08-30,Friday,8,2024,0,0,Naan,200,60,12000
2024-08-30,Friday,8,2024,0,0,Paneer Tikka,109,280,30520
2024-08-31,Saturday,8,2024,1,0,Biryani,184,350,64400
2024-08-31,Saturday,8,2024,1,0,Butter Chicken,129,320,41280
2024-08-31,Saturday,8,2024,1,0,Dal Makhani,81,220,17820
2024-08-31,Saturday,8,2024,1,0,Gulab Jamun,101,80,8080
2024-08-31,Saturday,8,2024,1,0,Mango Lassi,104,90,9360
2024-08-31,Saturday,8,2024,1,0,Masala Dosa,107,120,12840
2024-08-31,Saturday,8,2024,1,0,Naan,216,60,12960
2024-08-31,Saturday,8,2024,1,0,Paneer Tikka,78,280,21840
2024-09-01,Sunday,9,2024,1,0,Biryani,192,350,67200
2024-09-01,Sunday,9,2024,1,0,Butter Chicken,128,320,40960
2024-09-01,Sunday,9,2024,1,0,Dal Makhani,82,220,18040
2024-09-01,Sunday,9,2024,1,0,Gulab Jamun,78,80,6240
2024-09-01,Sunday,9,2024,1,0,Mango Lassi,116,90,10440
2024-09-01,Sunday,9,2024,1,0,Masala Dosa,139,120,16680
2024-09-01,Sunday,9,2024,1,0,Naan,206,60,12360
2024-09-01,Sunday,9,2024,1,0,Paneer Tikka,116,280,32480
2024-09-02,Monday,9,2024,0,0,Biryani,110,350,38500
2024-09-02,Monday,9,2024,0,0,Butter Chicken,100,320,32000
2024-09-02,Monday,9,2024,0,0,Dal Makhani,59,220,12980
2024-09-02,Monday,9,2024,0,0,Gulab Jamun,45,80,3600
2024-09-02,Monday,9,2024,0,0,Mango Lassi,73,90,6570
2024-09-02,Monday,9,2024,0,0,Masala Dosa,73,120,8760
2024-09-02,Monday,9,2024,0,0,Naan,156,60,9360
2024-09-02,Monday,9,2024,0,0,Paneer Tikka,78,280,21840
2024-09-03,Tuesday,9,2024,0,0,Biryani,138,350,48300
2024-09-03,Tuesday,9,2024,0,0,Butter Chicken,115,320,36800
2024-09-03,Tuesday,9,2024,0,0,Dal Makhani,59,220,12980
2024-09-03,Tuesday,9,2024,0,0,Gulab Jamun,54,80,4320
2024-09-03,Tuesday,9,2024,0,0,Mango Lassi,76,90,6840
2024-09-03,Tuesday,9,2024,0,0,Masala Dosa,96,120,11520
2024-09-03,Tuesday,9,2024,0,0,Naan,169,60,10140
2024-09-03,Tuesday,9,2024,0,0,Paneer Tikka,90,280,25200
2024-09-04,Wednesday,9,2024,0,0,Biryani,166,350,58100
2024-09-04,Wednesday,9,2024,0,0,Butter Chicken,89,320,28480
2024-09-04,Wednesday,9,2024,0,0,Dal Makhani,75,220,16500
2024-09-04,Wednesday,9,2024,0,0,Gulab Jamun,55,80,4400
2024-09-04,Wednesday,9,2024,0,0,Mango Lassi,73,90,6570
2024-09-04,Wednesday,9,2024,0,0,Masala Dosa,86,120,10320
2024-09-04,Wednesday,9,2024,0,0,Naan,173,60,10380
2024-09-04,Wednesday,9,2024,0,0,Paneer Tikka,72,280,20160
2024-09-05,Thursday,9,2024,0,0,Biryani,144,350,50400
2024-09-05,Thursday,9,2024,0,0,Butter Chicken,120,320,38400
2024-09-05,Thursday,9,2024,0,0,Dal Makhani,60,220,13200
2024-09-05,Thursday,9,2024,0,0,Gulab Jamun,59,80,4720
2024-09-05,Thursday,9,2024,0,0,Mango Lassi,89,90,8010
2024-09-05,Thursday,9,2024,0,0,Masala Dosa,88,120,10560
2024-09-05,Thursday,9,2024,0,0,Naan,187,60,11220
2024-09-05,Thursday,9,2024,0,0,Paneer Tikka,93,280,26040
2024-09-06,Friday,9,2024,0,0,Biryani,176,350,61600
2024-09-06,Friday,9,2024,0,0,Butter Chicken,166,320,53120
2024-09-06,Friday,9,2024,0,0,Dal Makhani,96,220,21120
2024-09-06,Friday,9,2024,0,0,Gulab Jamun,98,80,7840
2024-09-06,Friday,9,2024,0,0,Mango Lassi,120,90,10800
2024-09-06,Friday,9,2024,0,0,Masala Dosa,126,120,15120
2024-09-06,Friday,9,2024,0,0,Naan,277,60,16620
2024-09-06,Friday,9,2024,0,0,Paneer Tikka,115,280,32200
2024-09-07,Saturday,9,2024,1,0,Biryani,222,350,77700
2024-09-07,Saturday,9,2024,1,0,Butter Chicken,181,320,57920
2024-09-07,Saturday,9,2024,1,0,Dal Makhani,110,220,24200
2024-09-07,Saturday,9,2024,1,0,Gulab Jamun,80,80,6400
2024-09-07,Saturday,9,2024,1,0,Mango Lassi,106,90,9540
2024-09-07,Saturday,9,2024,1,0,Masala Dosa,124,120,14880
2024-09-07,Saturday,9,2024,1,0,Naan,258,60,15480
2024-09-07,Saturday,9,2024,1,0,Paneer Tikka,117,280,32760
2024-09-08,Sunday,9,2024,1,0,Biryani,235,350,82250
2024-09-08,Sunday,9,2024,1,0,Butter Chicken,127,320,40640
2024-09-08,Sunday,9,2024,1,0,Dal Makhani,69,220,15180
2024-09-08,Sunday,9,2024,1,0,Gulab Jamun,80,80,6400
2024-09-08,Sunday,9,2024,1,0,Mango Lassi,110,90,9900
2024-09-08,Sunday,9,2024,1,0,Masala Dosa,150,120,18000
2024-09-08,Sunday,9,2024,1,0,Naan,290,60,17400
2024-09-08,Sunday,9,2024,1,0,Paneer Tikka,111,280,31080
2024-09-09,Monday,9,2024,0,0,Biryani,137,350,47950
2024-09-09,Monday,9,2024,0,0,Butter Chicken,89,320,28480
2024-09-09,Monday,9,2024,0,0,Dal Makhani,46,220,10120
2024-09-09,Monday,9,2024,0,0,Gulab Jamun,50,80,4000
2024-09-09,Monday,9,2024,0,0,Mango Lassi,56,90,5040
2024-09-09,Monday,9,2024,0,0,Masala Dosa,76,120,9120
2024-09-09,Monday,9,2024,0,0,Naan,155,60,9300
2024-09-09,Monday,9,2024,0,0,Paneer Tikka,77,280,21560
2024-09-10,Tuesday,9,2024,0,0,Biryani,140,350,49000
2024-09-10,Tuesday,9,2024,0,0,Butter Chicken,135,320,43200
2024-09-10,Tuesday,9,2024,0,0,Dal Makhani,58,220,12760
2024-09-10,Tuesday,9,2024,0,0,Gulab Jamun,64,80,5120
2024-09-10,Tuesday,9,2024,0,0,Mango Lassi,88,90,7920
2024-09-10,Tuesday,9,2024,0,0,Masala Dosa,103,120,12360
2024-09-10,Tuesday,9,2024,0,0,Naan,173,60,10380
2024-09-10,Tuesday,9,2024,0,0,Paneer Tikka,94,280,26320
2024-09-11,Wednesday,9,2024,0,0,Biryani,160,350,56000
2024-09-11,Wednesday,9,2024,0,0,Butter Chicken,122,320,39040
2024-09-11,Wednesday,9,2024,0,0,Dal Makhani,58,220,12760
2024-09-11,Wednesday,9,2024,0,0,Gulab Jamun,62,80,4960
2024-09-11,Wednesday,9,2024,0,0,Mango Lassi,81,90,7290
2024-09-11,Wednesday,9,2024,0,0,Masala Dosa,110,120,13200
2024-09-11,Wednesday,9,2024,0,0,Naan,177,60,10620
2024-09-11,Wednesday,9,2024,0,0,Paneer Tikka,93,280,26040
2024-09-12,Thursday,9,2024,0,0,Biryani,151,350,52850
2024-09-12,Thursday,9,2024,0,0,Butter Chicken,107,320,34240
2024-09-12,Thursday,9,2024,0,0,Dal Makhani,72,220,15840
2024-09-12,Thursday,9,2024,0,0,Gulab Jamun,55,80,4400
2024-09-12,Thursday,9,2024,0,0,Mango Lassi,87,90,7830
2024-09-12,Thursday,9,2024,0,0,Masala Dosa,95,120,11400
2024-09-12,Thursday,9,2024,0,0,Naan,167,60,10020
2024-09-12,Thursday,9,2024,0,0,Paneer Tikka,73,280,20440
2024-09-13,Friday,9,2024,0,0,Biryani,246,350,86100
2024-09-13,Friday,9,2024,0,0,Butter Chicken,145,320,46400
2024-09-13,Friday,9,2024,0,0,Dal Makhani,93,220,20460
2024-09-13,Friday,9,2024,0,0,Gulab Jamun,70,80,5600
2024-09-13,Friday,9,2024,0,0,Mango Lassi,86,90,7740
2024-09-13,Friday,9,2024,0,0,Masala Dosa,99,120,11880
2024-09-13,Friday,9,2024,0,0,Naan,215,60,12900
2024-09-13,Friday,9,2024,0,0,Paneer Tikka,133,280,37240
2024-09-14,Saturday,9,2024,1,0,Biryani,217,350,75950
2024-09-14,Saturday,9,2024,1,0,Butter Chicken,176,320,56320
2024-09-14,Saturday,9,2024,1,0,Dal Makhani,69,220,15180
2024-09-14,Saturday,9,2024,1,0,Gulab Jamun,87,80,6960
2024-09-14,Saturday,9,2024,1,0,Mango Lassi,102,90,9180
2024-09-14,Saturday,9,2024,1,0,Masala Dosa,146,120,17520
2024-09-14,Saturday,9,2024,1,0,Naan,210,60,12600
2024-09-14,Saturday,9,2024,1,0,Paneer Tikka,114,280,31920
2024-09-15,Sunday,9,2024,1,0,Biryani,202,350,70700
2024-09-15,Sunday,9,2024,1,0,Butter Chicken,161,320,51520
2024-09-15,Sunday,9,2024,1,0,Dal Makhani,95,220,20900
2024-09-15,Sunday,9,2024,1,0,Gulab Jamun,63,80,5040
2024-09-15,Sunday,9,2024,1,0,Mango Lassi,112,90,10080
2024-09-15,Sunday,9,2024,1,0,Masala Dosa,170,120,20400
2024-09-15,Sunday,9,2024,1,0,Naan,251,60,15060
2024-09-15,Sunday,9,2024,1,0,Paneer Tikka,135,280,37800
2024-09-16,Monday,9,2024,0,0,Biryani,113,350,39550
2024-09-16,Monday,9,2024,0,0,Butter Chicken,88,320,28160
2024-09-16,Monday,9,2024,0,0,Dal Makhani,55,220,12100
2024-09-16,Monday,9,2024,0,0,Gulab Jamun,55,80,4400
2024-09-16,Monday,9,2024,0,0,Mango Lassi,55,90,4950
2024-09-16,Monday,9,2024,0,0,Masala Dosa,107,120,12840
2024-09-16,Monday,9,2024,0,0,Naan,158,60,9480
2024-09-16,Monday,9,2024,0,0,Paneer Tikka,71,280,19880
2024-09-17,Tuesday,9,2024,0,0,Biryani,120,350,42000
2024-09-17,Tuesday,9,2024,0,0,Butter Chicken,106,320,33920
2024-09-17,Tuesday,9,2024,0,0,Dal Makhani,67,220,14740
2024-09-17,Tuesday,9,2024,0,0,Gulab Jamun,70,80,5600
2024-09-17,Tuesday,9,2024,0,0,Mango Lassi,81,90,7290
2024-09-17,Tuesday,9,2024,0,0,Masala Dosa,83,120,9960
2024-09-17,Tuesday,9,2024,0,0,Naan,198,60,11880
2024-09-17,Tuesday,9,2024,0,0,Paneer Tikka,79,280,22120
2024-09-18,Wednesday,9,2024,0,0,Biryani,183,350,64050
2024-09-18,Wednesday,9,2024,0,0,Butter Chicken,102,320,32640
2024-09-18,Wednesday,9,2024,0,0,Dal Makhani,76,220,16720
2024-09-18,Wednesday,9,2024,0,0,Gulab Jamun,63,80,5040
2024-09-18,Wednesday,9,2024,0,0,Mango Lassi,72,90,6480
2024-09-18,Wednesday,9,2024,0,0,Masala Dosa,95,120,11400
2024-09-18,Wednesday,9,2024,0,0,Naan,182,60,10920
2024-09-18,Wednesday,9,2024,0,0,Paneer Tikka,82,280,22960
2024-09-19,Thursday,9,2024,0,0,Biryani,156,350,54600
2024-09-19,Thursday,9,2024,0,0,Butter Chicken,83,320,26560
2024-09-19,Thursday,9,2024,0,0,Dal Makhani,73,220,16060
2024-09-19,Thursday,9,2024,0,0,Gulab Jamun,61,80,4880
2024-09-19,Thursday,9,2024,0,0,Mango Lassi,62,90,5580
2024-09-19,Thursday,9,2024,0,0,Masala Dosa,89,120,10680
2024-09-19,Thursday,9,2024,0,0,Naan,180,60,10800
2024-09-19,Thursday,9,2024,0,0,Paneer Tikka,104,280,29120
2024-09-20,Friday,9,2024,0,0,Biryani,182,350,63700
2024-09-20,Friday,9,2024,0,0,Butter Chicken,192,320,61440
2024-09-20,Friday,9,2024,0,0,Dal Makhani,89,220,19580
2024-09-20,Friday,9,2024,0,0,Gulab Jamun,72,80,5760
2024-09-20,Friday,9,2024,0,0,Mango Lassi,119,90,10710
2024-09-20,Friday,9,2024,0,0,Masala Dosa,132,120,15840
2024-09-20,Friday,9,2024,0,0,Naan,283,60,16980
2024-09-20,Friday,9,2024,0,0,Paneer Tikka,96,280,26880
2024-09-21,Saturday,9,2024,1,0,Biryani,225,350,78750
2024-09-21,Saturday,9,2024,1,0,Butter Chicken,164,320,52480
2024-09-21,Saturday,9,2024,1,0,Dal Makhani,121,220,26620
2024-09-21,Saturday,9,2024,1,0,Gulab Jamun,101,80,8080
2024-09-21,Saturday,9,2024,1,0,Mango Lassi,108,90,9720
2024-09-21,Saturday,9,2024,1,0,Masala Dosa,121,120,14520
2024-09-21,Saturday,9,2024,1,0,Naan,310,60,18600
2024-09-21,Saturday,9,2024,1,0,Paneer Tikka,120,280,33600
2024-09-22,Sunday,9,2024,1,0,Biryani,203,350,71050
2024-09-22,Sunday,9,2024,1,0,Butter Chicken,160,320,51200
2024-09-22,Sunday,9,2024,1,0,Dal Makhani,85,220,18700
2024-09-22,Sunday,9,2024,1,0,Gulab Jamun,63,80,5040
2024-09-22,Sunday,9,2024,1,0,Mango Lassi,103,90,9270
2024-09-22,Sunday,9,2024,1,0,Masala Dosa,149,120,17880
2024-09-22,Sunday,9,2024,1,0,Naan,270,60,16200
2024-09-22,Sunday,9,2024,1,0,Paneer Tikka,90,280,25200
2024-09-23,Monday,9,2024,0,0,Biryani,133,350,46550
2024-09-23,Monday,9,2024,0,0,Butter Chicken,101,320,32320
2024-09-23,Monday,9,2024,0,0,Dal Makhani,58,220,12760
2024-09-23,Monday,9,2024,0,0,Gulab Jamun,43,80,3440
2024-09-23,Monday,9,2024,0,0,Mango Lassi,53,90,4770
2024-09-23,Monday,9,2024,0,0,Masala Dosa,75,120,9000
2024-09-23,Monday,9,2024,0,0,Naan,151,60,9060
2024-09-23,Monday,9,2024,0,0,Paneer Tikka,65,280,18200
2024-09-24,Tuesday,9,2024,0,0,Biryani,151,350,52850
2024-09-24,Tuesday,9,2024,0,0,Butter Chicken,121,320,38720
2024-09-24,Tuesday,9,2024,0,0,Dal Makhani,66,220,14520
2024-09-24,Tuesday,9,2024,0,0,Gulab Jamun,60,80,4800
2024-09-24,Tuesday,9,2024,0,0,Mango Lassi,64,90,5760
2024-09-24,Tuesday,9,2024,0,0,Masala Dosa,110,120,13200
2024-09-24,Tuesday,9,2024,0,0,Naan,175,60,10500
2024-09-24,Tuesday,9,2024,0,0,Paneer Tikka,84,280,23520
2024-09-25,Wednesday,9,2024,0,0,Biryani,154,350,53900
2024-09-25,Wednesday,9,2024,0,0,Butter Chicken,121,320,38720
2024-09-25,Wednesday,9,2024,0,0,Dal Makhani,83,220,18260
2024-09-25,Wednesday,9,2024,0,0,Gulab Jamun,54,80,4320
2024-09-25,Wednesday,9,2024,0,0,Mango Lassi,74,90,6660
2024-09-25,Wednesday,9,2024,0,0,Masala Dosa,101,120,12120
2024-09-25,Wednesday,9,2024,0,0,Naan,181,60,10860
2024-09-25,Wednesday,9,2024,0,0,Paneer Tikka,81,280,22680
2024-09-26,Thursday,9,2024,0,0,Biryani,157,350,54950
2024-09-26,Thursday,9,2024,0,0,Butter Chicken,120,320,38400
2024-09-26,Thursday,9,2024,0,0,Dal Makhani,70,220,15400
2024-09-26,Thursday,9,2024,0,0,Gulab Jamun,65,80,5200
2024-09-26,Thursday,9,2024,0,0,Mango Lassi,90,90,8100
2024-09-26,Thursday,9,2024,0,0,Masala Dosa,110,120,13200
2024-09-26,Thursday,9,2024,0,0,Naan,182,60,10920
2024-09-26,Thursday,9,2024,0,0,Paneer Tikka,68,280,19040
2024-09-27,Friday,9,2024,0,0,Biryani,210,350,73500
2024-09-27,Friday,9,2024,0,0,Butter Chicken,133,320,42560
2024-09-27,Friday,9,2024,0,0,Dal Makhani,82,220,18040
2024-09-27,Friday,9,2024,0,0,Gulab Jamun,84,80,6720
2024-09-27,Friday,9,2024,0,0,Mango Lassi,110,90,9900
2024-09-27,Friday,9,2024,0,0,Masala Dosa,169,120,20280
2024-09-27,Friday,9,2024,0,0,Naan,273,60,16380
2024-09-27,Friday,9,2024,0,0,Paneer Tikka,115,280,32200
2024-09-28,Saturday,9,2024,1,0,Biryani,162,350,56700
2024-09-28,Saturday,9,2024,1,0,Butter Chicken,152,320,48640
2024-09-28,Saturday,9,2024,1,0,Dal Makhani,86,220,18920
2024-09-28,Saturday,9,2024,1,0,Gulab Jamun,83,80,6640
2024-09-28,Saturday,9,2024,1,0,Mango Lassi,99,90,8910
2024-09-28,Saturday,9,2024,1,0,Masala Dosa,159,120,19080
2024-09-28,Saturday,9,2024,1,0,Naan,204,60,12240
2024-09-28,Saturday,9,2024,1,0,Paneer Tikka,103,280,28840
2024-09-29,Sunday,9,2024,1,0,Biryani,188,350,65800
2024-09-29,Sunday,9,2024,1,0,Butter Chicken,167,320,53440
2024-09-29,Sunday,9,2024,1,0,Dal Makhani,95,220,20900
2024-09-29,Sunday,9,2024,1,0,Gulab Jamun,87,80,6960
2024-09-29,Sunday,9,2024,1,0,Mango Lassi,104,90,9360
2024-09-29,Sunday,9,2024,1,0,Masala Dosa,140,120,16800
2024-09-29,Sunday,9,2024,1,0,Naan,276,60,16560
2024-09-29,Sunday,9,2024,1,0,Paneer Tikka,98,280,27440
2024-09-30,Monday,9,2024,0,0,Biryani,107,350,37450
2024-09-30,Monday,9,2024,0,0,Butter Chicken,93,320,29760
2024-09-30,Monday,9,2024,0,0,Dal Makhani,56,220,12320
2024-09-30,Monday,9,2024,0,0,Gulab Jamun,47,80,3760
2024-09-30,Monday,9,2024,0,0,Mango Lassi,80,90,7200
2024-09-30,Monday,9,2024,0,0,Masala Dosa,79,120,9480
2024-09-30,Monday,9,2024,0,0,Naan,126,60,7560
2024-09-30,Monday,9,2024,0,0,Paneer Tikka,68,280,19040
2024-10-01,Tuesday,10,2024,0,0,Biryani,199,350,69650
2024-10-01,Tuesday,10,2024,0,0,Butter Chicken,146,320,46720
2024-10-01,Tuesday,10,2024,0,0,Dal Makhani,98,220,21560
2024-10-01,Tuesday,10,2024,0,0,Gulab Jamun,67,80,5360
2024-10-01,Tuesday,10,2024,0,0,Mango Lassi,111,90,9990
2024-10-01,Tuesday,10,2024,0,0,Masala Dosa,120,120,14400
2024-10-01,Tuesday,10,2024,0,0,Naan,288,60,17280
2024-10-01,Tuesday,10,2024,0,0,Paneer Tikka,92,280,25760
2024-10-02,Wednesday,10,2024,0,0,Biryani,196,350,68600
2024-10-02,Wednesday,10,2024,0,0,Butter Chicken,123,320,39360
2024-10-02,Wednesday,10,2024,0,0,Dal Makhani,91,220,20020
2024-10-02,Wednesday,10,2024,0,0,Gulab Jamun,80,80,6400
2024-10-02,Wednesday,10,2024,0,0,Mango Lassi,101,90,9090
2024-10-02,Wednesday,10,2024,0,0,Masala Dosa,118,120,14160
2024-10-02,Wednesday,10,2024,0,0,Naan,259,60,15540
2024-10-02,Wednesday,10,2024,0,0,Paneer Tikka,104,280,29120
2024-10-03,Thursday,10,2024,0,0,Biryani,213,350,74550
2024-10-03,Thursday,10,2024,0,0,Butter Chicken,150,320,48000
2024-10-03,Thursday,10,2024,0,0,Dal Makhani,101,220,22220
2024-10-03,Thursday,10,2024,0,0,Gulab Jamun,67,80,5360
2024-10-03,Thursday,10,2024,0,0,Mango Lassi,102,90,9180
2024-10-03,Thursday,10,2024,0,0,Masala Dosa,136,120,16320
2024-10-03,Thursday,10,2024,0,0,Naan,251,60,15060
2024-10-03,Thursday,10,2024,0,0,Paneer Tikka,112,280,31360
2024-10-04,Friday,10,2024,0,0,Biryani,251,350,87850
2024-10-04,Friday,10,2024,0,0,Butter Chicken,210,320,67200
2024-10-04,Friday,10,2024,0,0,Dal Makhani,114,220,25080
2024-10-04,Friday,10,2024,0,0,Gulab Jamun,126,80,10080
2024-10-04,Friday,10,2024,0,0,Mango Lassi,130,90,11700
2024-10-04,Friday,10,2024,0,0,Masala Dosa,185,120,22200
2024-10-04,Friday,10,2024,0,0,Naan,301,60,18060
2024-10-04,Friday,10,2024,0,0,Paneer Tikka,162,280,45360
2024-10-05,Saturday,10,2024,1,0,Biryani,270,350,94500
2024-10-05,Saturday,10,2024,1,0,Butter Chicken,221,320,70720
2024-10-05,Saturday,10,2024,1,0,Dal Makhani,121,220,26620
2024-10-05,Saturday,10,2024,1,0,Gulab Jamun,142,80,11360
2024-10-05,Saturday,10,2024,1,0,Mango Lassi,123,90,11070
2024-10-05,Saturday,10,2024,1,0,Masala Dosa,181,120,21720
2024-10-05,Saturday,10,2024,1,0,Naan,352,60,21120
2024-10-05,Saturday,10,2024,1,0,Paneer Tikka,151,280,42280
2024-10-06,Sunday,10,2024,1,0,Biryani,245,350,85750
2024-10-06,Sunday,10,2024,1,0,Butter Chicken,211,320,67520
2024-10-06,Sunday,10,2024,1,0,Dal Makhani,124,220,27280
2024-10-06,Sunday,10,2024,1,0,Gulab Jamun,109,80,8720
2024-10-06,Sunday,10,2024,1,0,Mango Lassi,118,90,10620
2024-10-06,Sunday,10,2024,1,0,Masala Dosa,235,120,28200
2024-10-06,Sunday,10,2024,1,0,Naan,329,60,19740
2024-10-06,Sunday,10,2024,1,0,Paneer Tikka,140,280,39200
2024-10-07,Monday,10,2024,0,0,Biryani,160,350,56000
2024-10-07,Monday,10,2024,0,0,Butter Chicken,122,320,39040
2024-10-07,Monday,10,2024,0,0,Dal Makhani,73,220,16060
2024-10-07,Monday,10,2024,0,0,Gulab Jamun,62,80,4960
2024-10-07,Monday,10,2024,0,0,Mango Lassi,79,90,7110
2024-10-07,Monday,10,2024,0,0,Masala Dosa,115,120,13800
2024-10-07,Monday,10,2024,0,0,Naan,210,60,12600
2024-10-07,Monday,10,2024,0,0,Paneer Tikka,66,280,18480
2024-10-08,Tuesday,10,2024,0,0,Biryani,210,350,73500
2024-10-08,Tuesday,10,2024,0,0,Butter Chicken,134,320,42880
2024-10-08,Tuesday,10,2024,0,0,Dal Makhani,78,220,17160
2024-10-08,Tuesday,10,2024,0,0,Gulab Jamun,88,80,7040
2024-10-08,Tuesday,10,2024,0,0,Mango Lassi,123,90,11070
2024-10-08,Tuesday,10,2024,0,0,Masala Dosa,113,120,13560
2024-10-08,Tuesday,10,2024,0,0,Naan,228,60,13680
2024-10-08,Tuesday,10,2024,0,0,Paneer Tikka,95,280,26600
2024-10-09,Wednesday,10,2024,0,0,Biryani,200,350,70000
2024-10-09,Wednesday,10,2024,0,0,Butter Chicken,124,320,39680
2024-10-09,Wednesday,10,2024,0,0,Dal Makhani,92,220,20240
2024-10-09,Wednesday,10,2024,0,0,Gulab Jamun,81,80,6480
2024-10-09,Wednesday,10,2024,0,0,Mango Lassi,106,90,9540
2024-10-09,Wednesday,10,2024,0,0,Masala Dosa,122,120,14640
2024-10-09,Wednesday,10,2024,0,0,Naan,246,60,14760
2024-10-09,Wednesday,10,2024,0,0,Paneer Tikka,86,280,24080
2024-10-10,Thursday,10,2024,0,0,Biryani,194,350,67900
2024-10-10,Thursday,10,2024,0,0,Butter Chicken,166,320,53120
2024-10-10,Thursday,10,2024,0,0,Dal Makhani,94,220,20680
2024-10-10,Thursday,10,2024,0,0,Gulab Jamun,76,80,6080
2024-10-10,Thursday,10,2024,0,0,Mango Lassi,101,90,9090
2024-10-10,Thursday,10,2024,0,0,Masala Dosa,156,120,18720
2024-10-10,Thursday,10,2024,0,0,Naan,213,60,12780
2024-10-10,Thursday,10,2024,0,0,Paneer Tikka,84,280,23520
2024-10-11,Friday,10,2024,0,0,Biryani,213,350,74550
2024-10-11,Friday,10,2024,0,0,Butter Chicken,212,320,67840
2024-10-11,Friday,10,2024,0,0,Dal Makhani,118,220,25960
2024-10-11,Friday,10,2024,0,0,Gulab Jamun,100,80,8000
2024-10-11,Friday,10,2024,0,0,Mango Lassi,152,90,13680
2024-10-11,Friday,10,2024,0,0,Masala Dosa,167,120,20040
2024-10-11,Friday,10,2024,0,0,Naan,363,60,21780
2024-10-11,Friday,10,2024,0,0,Paneer Tikka,138,280,38640
2024-10-12,Saturday,10,2024,1,1,Biryani,432,350,151200
2024-10-12,Saturday,10,2024,1,1,Butter Chicken,296,320,94720
2024-10-12,Saturday,10,2024,1,1,Dal Makhani,211,220,46420
2024-10-12,Saturday,10,2024,1,1,Gulab Jamun,198,80,15840
2024-10-12,Saturday,10,2024,1,1,Mango Lassi,199,90,17910
2024-10-12,Saturday,10,2024,1,1,Masala Dosa,297,120,35640
2024-10-12,Saturday,10,2024,1,1,Naan,645,60,38700
2024-10-12,Saturday,10,2024,1,1,Paneer Tikka,217,280,60760
2024-10-13,Sunday,10,2024,1,0,Biryani,277,350,96950
2024-10-13,Sunday,10,2024,1,0,Butter Chicken,174,320,55680
2024-10-13,Sunday,10,2024,1,0,Dal Makhani,108,220,23760
2024-10-13,Sunday,10,2024,1,0,Gulab Jamun,116,80,9280
2024-10-13,Sunday,10,2024,1,0,Mango Lassi,145,90,13050
2024-10-13,Sunday,10,2024,1,0,Masala Dosa,182,120,21840
2024-10-13,Sunday,10,2024,1,0,Naan,317,60,19020
2024-10-13,Sunday,10,2024,1,0,Paneer Tikka,150,280,42000
2024-10-14,Monday,10,2024,0,0,Biryani,152,350,53200
2024-10-14,Monday,10,2024,0,0,Butter Chicken,122,320,39040
2024-10-14,Monday,10,2024,0,0,Dal Makhani,63,220,13860
2024-10-14,Monday,10,2024,0,0,Gulab Jamun,64,80,5120
2024-10-14,Monday,10,2024,0,0,Mango Lassi,72,90,6480
2024-10-14,Monday,10,2024,0,0,Masala Dosa,103,120,12360
2024-10-14,Monday,10,2024,0,0,Naan,233,60,13980
2024-10-14,Monday,10,2024,0,0,Paneer Tikka,83,280,23240
2024-10-15,Tuesday,10,2024,0,0,Biryani,192,350,67200
2024-10-15,Tuesday,10,2024,0,0,Butter Chicken,199,320,63680
2024-10-15,Tuesday,10,2024,0,0,Dal Makhani,96,220,21120
2024-10-15,Tuesday,10,2024,0,0,Gulab Jamun,101,80,8080
2024-10-15,Tuesday,10,2024,0,0,Mango Lassi,107,90,9630
2024-10-15,Tuesday,10,2024,0,0,Masala Dosa,144,120,17280
2024-10-15,Tuesday,10,2024,0,0,Naan,257,60,15420
2024-10-15,Tuesday,10,2024,0,0,Paneer Tikka,96,280,26880
2024-10-16,Wednesday,10,2024,0,0,Biryani,210,350,73500
2024-10-16,Wednesday,10,2024,0,0,Butter Chicken,128,320,40960
2024-10-16,Wednesday,10,2024,0,0,Dal Makhani,115,220,25300
2024-10-16,Wednesday,10,2024,0,0,Gulab Jamun,84,80,6720
2024-10-16,Wednesday,10,2024,0,0,Mango Lassi,111,90,9990
2024-10-16,Wednesday,10,2024,0,0,Masala Dosa,147,120,17640
2024-10-16,Wednesday,10,2024,0,0,Naan,199,60,11940
2024-10-16,Wednesday,10,2024,0,0,Paneer Tikka,107,280,29960
2024-10-17,Thursday,10,2024,0,0,Biryani,221,350,77350
2024-10-17,Thursday,10,2024,0,0,Butter Chicken,145,320,46400
2024-10-17,Thursday,10,2024,0,0,Dal Makhani,99,220,21780
2024-10-17,Thursday,10,2024,0,0,Gulab Jamun,77,80,6160
2024-10-17,Thursday,10,2024,0,0,Mango Lassi,82,90,7380
2024-10-17,Thursday,10,2024,0,0,Masala Dosa,129,120,15480
2024-10-17,Thursday,10,2024,0,0,Naan,267,60,16020
2024-10-17,Thursday,10,2024,0,0,Paneer Tikka,99,280,27720
2024-10-18,Friday,10,2024,0,0,Biryani,242,350,84700
2024-10-18,Friday,10,2024,0,0,Butter Chicken,218,320,69760
2024-10-18,Friday,10,2024,0,0,Dal Makhani,116,220,25520
2024-10-18,Friday,10,2024,0,0,Gulab Jamun,101,80,8080
2024-10-18,Friday,10,2024,0,0,Mango Lassi,118,90,10620
2024-10-18,Friday,10,2024,0,0,Masala Dosa,143,120,17160
2024-10-18,Friday,10,2024,0,0,Naan,305,60,18300
2024-10-18,Friday,10,2024,0,0,Paneer Tikka,157,280,43960
2024-10-19,Saturday,10,2024,1,0,Biryani,220,350,77000
2024-10-19,Saturday,10,2024,1,0,Butter Chicken,189,320,60480
2024-10-19,Saturday,10,2024,1,0,Dal Makhani,154,220,33880
2024-10-19,Saturday,10,2024,1,0,Gulab Jamun,115,80,9200
2024-10-19,Saturday,10,2024,1,0,Mango Lassi,143,90,12870
2024-10-19,Saturday,10,2024,1,0,Masala Dosa,158,120,18960
2024-10-19,Saturday,10,2024,1,0,Naan,372,60,22320
2024-10-19,Saturday,10,2024,1,0,Paneer Tikka,136,280,38080
2024-10-20,Sunday,10,2024,1,0,Biryani,310,350,108500
2024-10-20,Sunday,10,2024,1,0,Butter Chicken,227,320,72640
2024-10-20,Sunday,10,2024,1,0,Dal Makhani,116,220,25520
2024-10-20,Sunday,10,2024,1,0,Gulab Jamun,129,80,10320
2024-10-20,Sunday,10,2024,1,0,Mango Lassi,179,90,16110
2024-10-20,Sunday,10,2024,1,0,Masala Dosa,189,120,22680
2024-10-20,Sunday,10,2024,1,0,Naan,272,60,16320
2024-10-20,Sunday,10,2024,1,0,Paneer Tikka,134,280,37520
2024-10-21,Monday,10,2024,0,0,Biryani,154,350,53900
2024-10-21,Monday,10,2024,0,0,Butter Chicken,101,320,32320
2024-10-21,Monday,10,2024,0,0,Dal Makhani,80,220,17600
2024-10-21,Monday,10,2024,0,0,Gulab Jamun,60,80,4800
2024-10-21,Monday,10,2024,0,0,Mango Lassi,81,90,7290
2024-10-21,Monday,10,2024,0,0,Masala Dosa,87,120,10440
2024-10-21,Monday,10,2024,0,0,Naan,158,60,9480
2024-10-21,Monday,10,2024,0,0,Paneer Tikka,96,280,26880
2024-10-22,Tuesday,10,2024,0,0,Biryani,228,350,79800
2024-10-22,Tuesday,10,2024,0,0,Butter Chicken,136,320,43520
2024-10-22,Tuesday,10,2024,0,0,Dal Makhani,98,220,21560
2024-10-22,Tuesday,10,2024,0,0,Gulab Jamun,70,80,5600
2024-10-22,Tuesday,10,2024,0,0,Mango Lassi,118,90,10620
2024-10-22,Tuesday,10,2024,0,0,Masala Dosa,135,120,16200
2024-10-22,Tuesday,10,2024,0,0,Naan,286,60,17160
2024-10-22,Tuesday,10,2024,0,0,Paneer Tikka,119,280,33320
2024-10-23,Wednesday,10,2024,0,0,Biryani,241,350,84350
2024-10-23,Wednesday,10,2024,0,0,Butter Chicken,136,320,43520
2024-10-23,Wednesday,10,2024,0,0,Dal Makhani,97,220,21340
2024-10-23,Wednesday,10,2024,0,0,Gulab Jamun,96,80,7680
2024-10-23,Wednesday,10,2024,0,0,Mango Lassi,99,90,8910
2024-10-23,Wednesday,10,2024,0,0,Masala Dosa,114,120,13680
2024-10-23,Wednesday,10,2024,0,0,Naan,196,60,11760
2024-10-23,Wednesday,10,2024,0,0,Paneer Tikka,122,280,34160
2024-10-24,Thursday,10,2024,0,0,Biryani,220,350,77000
2024-10-24,Thursday,10,2024,0,0,Butter Chicken,149,320,47680
2024-10-24,Thursday,10,2024,0,0,Dal Makhani,95,220,20900
2024-10-24,Thursday,10,2024,0,0,Gulab Jamun,91,80,7280
2024-10-24,Thursday,10,2024,0,0,Mango Lassi,108,90,9720
2024-10-24,Thursday,10,2024,0,0,Masala Dosa,124,120,14880
2024-10-24,Thursday,10,2024,0,0,Naan,233,60,13980
2024-10-24,Thursday,10,2024,0,0,Paneer Tikka,120,280,33600
2024-10-25,Friday,10,2024,0,0,Biryani,269,350,94150
2024-10-25,Friday,10,2024,0,0,Butter Chicken,193,320,61760
2024-10-25,Friday,10,2024,0,0,Dal Makhani,111,220,24420
2024-10-25,Friday,10,2024,0,0,Gulab Jamun,108,80,8640
2024-10-25,Friday,10,2024,0,0,Mango Lassi,157,90,14130
2024-10-25,Friday,10,2024,0,0,Masala Dosa,153,120,18360
2024-10-25,Friday,10,2024,0,0,Naan,294,60,17640
2024-10-25,Friday,10,2024,0,0,Paneer Tikka,168,280,47040
2024-10-26,Saturday,10,2024,1,0,Biryani,252,350,88200
2024-10-26,Saturday,10,2024,1,0,Butter Chicken,180,320,57600
2024-10-26,Saturday,10,2024,1,0,Dal Makhani,120,220,26400
2024-10-26,Saturday,10,2024,1,0,Gulab Jamun,109,80,8720
2024-10-26,Saturday,10,2024,1,0,Mango Lassi,145,90,13050
2024-10-26,Saturday,10,2024,1,0,Masala Dosa,169,120,20280
2024-10-26,Saturday,10,2024,1,0,Naan,265,60,15900
2024-10-26,Saturday,10,2024,1,0,Paneer Tikka,152,280,42560
2024-10-27,Sunday,10,2024,1,0,Biryani,309,350,108150
2024-10-27,Sunday,10,2024,1,0,Butter Chicken,204,320,65280
2024-10-27,Sunday,10,2024,1,0,Dal Makhani,127,220,27940
2024-10-27,Sunday,10,2024,1,0,Gulab Jamun,105,80,8400
2024-10-27,Sunday,10,2024,1,0,Mango Lassi,140,90,12600
2024-10-27,Sunday,10,2024,1,0,Masala Dosa,174,120,20880
2024-10-27,Sunday,10,2024,1,0,Naan,331,60,19860
2024-10-27,Sunday,10,2024,1,0,Paneer Tikka,128,280,35840
2024-10-28,Monday,10,2024,0,0,Biryani,151,350,52850
2024-10-28,Monday,10,2024,0,0,Butter Chicken,124,320,39680
2024-10-28,Monday,10,2024,0,0,Dal Makhani,71,220,15620
2024-10-28,Monday,10,2024,0,0,Gulab Jamun,60,80,4800
2024-10-28,Monday,10,2024,0,0,Mango Lassi,76,90,6840
2024-10-28,Monday,10,2024,0,0,Masala Dosa,118,120,14160
2024-10-28,Monday,10,2024,0,0,Naan,197,60,11820
2024-10-28,Monday,10,2024,0,0,Paneer Tikka,70,280,19600
2024-10-29,Tuesday,10,2024,0,0,Biryani,194,350,67900
2024-10-29,Tuesday,10,2024,0,0,Butter Chicken,138,320,44160
2024-10-29,Tuesday,10,2024,0,0,Dal Makhani,100,220,22000
2024-10-29,Tuesday,10,2024,0,0,Gulab Jamun,66,80,5280
2024-10-29,Tuesday,10,2024,0,0,Mango Lassi,94,90,8460
2024-10-29,Tuesday,10,2024,0,0,Masala Dosa,135,120,16200
2024-10-29,Tuesday,10,2024,0,0,Naan,209,60,12540
2024-10-29,Tuesday,10,2024,0,0,Paneer Tikka,100,280,28000
2024-10-30,Wednesday,10,2024,0,0,Biryani,196,350,68600
2024-10-30,Wednesday,10,2024,0,0,Butter Chicken,141,320,45120
2024-10-30,Wednesday,10,2024,0,0,Dal Makhani,67,220,14740
2024-10-30,Wednesday,10,2024,0,0,Gulab Jamun,89,80,7120
2024-10-30,Wednesday,10,2024,0,0,Mango Lassi,106,90,9540
2024-10-30,Wednesday,10,2024,0,0,Masala Dosa,129,120,15480
2024-10-30,Wednesday,10,2024,0,0,Naan,182,60,10920
2024-10-30,Wednesday,10,2024,0,0,Paneer Tikka,133,280,37240
2024-10-31,Thursday,10,2024,0,0,Biryani,189,350,66150
2024-10-31,Thursday,10,2024,0,0,Butter Chicken,150,320,48000
2024-10-31,Thursday,10,2024,0,0,Dal Makhani,102,220,22440
2024-10-31,Thursday,10,2024,0,0,Gulab Jamun,65,80,5200
2024-10-31,Thursday,10,2024,0,0,Mango Lassi,98,90,8820
2024-10-31,Thursday,10,2024,0,0,Masala Dosa,115,120,13800
2024-10-31,Thursday,10,2024,0,0,Naan,192,60,11520
2024-10-31,Thursday,10,2024,0,0,Paneer Tikka,126,280,35280
2024-11-01,Friday,11,2024,0,1,Biryani,434,350,151900
2024-11-01,Friday,11,2024,0,1,Butter Chicken,311,320,99520
2024-11-01,Friday,11,2024,0,1,Dal Makhani,174,220,38280
2024-11-01,Friday,11,2024,0,1,Gulab Jamun,205,80,16400
2024-11-01,Friday,11,2024,0,1,Mango Lassi,207,90,18630
2024-11-01,Friday,11,2024,0,1,Masala Dosa,224,120,26880
2024-11-01,Friday,11,2024,0,1,Naan,497,60,29820
2024-11-01,Friday,11,2024,0,1,Paneer Tikka,238,280,66640
2024-11-02,Saturday,11,2024,1,0,Biryani,236,350,82600
2024-11-02,Saturday,11,2024,1,0,Butter Chicken,190,320,60800
2024-11-02,Saturday,11,2024,1,0,Dal Makhani,109,220,23980
2024-11-02,Saturday,11,2024,1,0,Gulab Jamun,119,80,9520
2024-11-02,Saturday,11,2024,1,0,Mango Lassi,151,90,13590
2024-11-02,Saturday,11,2024,1,0,Masala Dosa,175,120,21000
2024-11-02,Saturday,11,2024,1,0,Naan,285,60,17100
2024-11-02,Saturday,11,2024,1,0,Paneer Tikka,180,280,50400
2024-11-03,Sunday,11,2024,1,0,Biryani,298,350,104300
2024-11-03,Sunday,11,2024,1,0,Butter Chicken,264,320,84480
2024-11-03,Sunday,11,2024,1,0,Dal Makhani,117,220,25740
2024-11-03,Sunday,11,2024,1,0,Gulab Jamun,101,80,8080
2024-11-03,Sunday,11,2024,1,0,Mango Lassi,167,90,15030
2024-11-03,Sunday,11,2024,1,0,Masala Dosa,163,120,19560
2024-11-03,Sunday,11,2024,1,0,Naan,305,60,18300
2024-11-03,Sunday,11,2024,1,0,Paneer Tikka,110,280,30800
2024-11-04,Monday,11,2024,0,0,Biryani,191,350,66850
2024-11-04,Monday,11,2024,0,0,Butter Chicken,131,320,41920
2024-11-04,Monday,11,2024,0,0,Dal Makhani,61,220,13420
2024-11-04,Monday,11,2024,0,0,Gulab Jamun,61,80,4880
2024-11-04,Monday,11,2024,0,0,Mango Lassi,83,90,7470
2024-11-04,Monday,11,2024,0,0,Masala Dosa,77,120,9240
2024-11-04,Monday,11,2024,0,0,Naan,163,60,9780
2024-11-04,Monday,11,2024,0,0,Paneer Tikka,90,280,25200
2024-11-05,Tuesday,11,2024,0,0,Biryani,171,350,59850
2024-11-05,Tuesday,11,2024,0,0,Butter Chicken,151,320,48320
2024-11-05,Tuesday,11,2024,0,0,Dal Makhani,102,220,22440
2024-11-05,Tuesday,11,2024,0,0,Gulab Jamun,65,80,5200
2024-11-05,Tuesday,11,2024,0,0,Mango Lassi,106,90,9540
2024-11-05,Tuesday,11,2024,0,0,Masala Dosa,142,120,17040
2024-11-05,Tuesday,11,2024,0,0,Naan,250,60,15000
2024-11-05,Tuesday,11,2024,0,0,Paneer Tikka,114,280,31920
2024-11-06,Wednesday,11,2024,0,0,Biryani,219,350,76650
2024-11-06,Wednesday,11,2024,0,0,Butter Chicken,128,320,40960
2024-11-06,Wednesday,11,2024,0,0,Dal Makhani,94,220,20680
2024-11-06,Wednesday,11,2024,0,0,Gulab Jamun,68,80,5440
2024-11-06,Wednesday,11,2024,0,0,Mango Lassi,117,90,10530
2024-11-06,Wednesday,11,2024,0,0,Masala Dosa,131,120,15720
2024-11-06,Wednesday,11,2024,0,0,Naan,218,60,13080
2024-11-06,Wednesday,11,2024,0,0,Paneer Tikka,106,280,29680
2024-11-07,Thursday,11,2024,0,0,Biryani,192,350,67200
2024-11-07,Thursday,11,2024,0,0,Butter Chicken,146,320,46720
2024-11-07,Thursday,11,2024,0,0,Dal Makhani,87,220,19140
2024-11-07,Thursday,11,2024,0,0,Gulab Jamun,77,80,6160
2024-11-07,Thursday,11,2024,0,0,Mango Lassi,110,90,9900
2024-11-07,Thursday,11,2024,0,0,Masala Dosa,144,120,17280
2024-11-07,Thursday,11,2024,0,0,Naan,221,60,13260
2024-11-07,Thursday,11,2024,0,0,Paneer Tikka,127,280,35560
2024-11-08,Friday,11,2024,0,0,Biryani,258,350,90300
2024-11-08,Friday,11,2024,0,0,Butter Chicken,192,320,61440
2024-11-08,Friday,11,2024,0,0,Dal Makhani,108,220,23760
2024-11-08,Friday,11,2024,0,0,Gulab Jamun,126,80,10080
2024-11-08,Friday,11,2024,0,0,Mango Lassi,137,90,12330
2024-11-08,Friday,11,2024,0,0,Masala Dosa,151,120,18120
2024-11-08,Friday,11,2024,0,0,Naan,329,60,19740
2024-11-08,Friday,11,2024,0,0,Paneer Tikka,115,280,32200
2024-11-09,Saturday,11,2024,1,0,Biryani,310,350,108500
2024-11-09,Saturday,11,2024,1,0,Butter Chicken,197,320,63040
2024-11-09,Saturday,11,2024,1,0,Dal Makhani,126,220,27720
2024-11-09,Saturday,11,2024,1,0,Gulab Jamun,104,80,8320
2024-11-09,Saturday,11,2024,1,0,Mango Lassi,128,90,11520
2024-11-09,Saturday,11,2024,1,0,Masala Dosa,139,120,16680
2024-11-09,Saturday,11,2024,1,0,Naan,298,60,17880
2024-11-09,Saturday,11,2024,1,0,Paneer Tikka,163,280,45640
2024-11-10,Sunday,11,2024,1,0,Biryani,300,350,105000
2024-11-10,Sunday,11,2024,1,0,Butter Chicken,204,320,65280
2024-11-10,Sunday,11,2024,1,0,Dal Makhani,117,220,25740
2024-11-10,Sunday,11,2024,1,0,Gulab Jamun,118,80,9440
2024-11-10,Sunday,11,2024,1,0,Mango Lassi,137,90,12330
2024-11-10,Sunday,11,2024,1,0,Masala Dosa,202,120,24240
2024-11-10,Sunday,11,2024,1,0,Naan,326,60,19560
2024-11-10,Sunday,11,2024,1,0,Paneer Tikka,145,280,40600
2024-11-11,Monday,11,2024,0,0,Biryani,147,350,51450
2024-11-11,Monday,11,2024,0,0,Butter Chicken,111,320,35520
2024-11-11,Monday,11,2024,0,0,Dal Makhani,70,220,15400
2024-11-11,Monday,11,2024,0,0,Gulab Jamun,56,80,4480
2024-11-11,Monday,11,2024,0,0,Mango Lassi,99,90,8910
2024-11-11,Monday,11,2024,0,0,Masala Dosa,102,120,12240
2024-11-11,Monday,11,2024,0,0,Naan,212,60,12720
2024-11-11,Monday,11,2024,0,0,Paneer Tikka,83,280,23240
2024-11-12,Tuesday,11,2024,0,0,Biryani,195,350,68250
2024-11-12,Tuesday,11,2024,0,0,Butter Chicken,155,320,49600
2024-11-12,Tuesday,11,2024,0,0,Dal Makhani,94,220,20680
2024-11-12,Tuesday,11,2024,0,0,Gulab Jamun,94,80,7520
2024-11-12,Tuesday,11,2024,0,0,Mango Lassi,120,90,10800
2024-11-12,Tuesday,11,2024,0,0,Masala Dosa,113,120,13560
2024-11-12,Tuesday,11,2024,0,0,Naan,293,60,17580
2024-11-12,Tuesday,11,2024,0,0,Paneer Tikka,93,280,26040
2024-11-13,Wednesday,11,2024,0,0,Biryani,180,350,63000
2024-11-13,Wednesday,11,2024,0,0,Butter Chicken,138,320,44160
2024-11-13,Wednesday,11,2024,0,0,Dal Makhani,91,220,20020
2024-11-13,Wednesday,11,2024,0,0,Gulab Jamun,95,80,7600
2024-11-13,Wednesday,11,2024,0,0,Mango Lassi,93,90,8370
2024-11-13,Wednesday,11,2024,0,0,Masala Dosa,141,120,16920
2024-11-13,Wednesday,11,2024,0,0,Naan,242,60,14520
2024-11-13,Wednesday,11,2024,0,0,Paneer Tikka,108,280,30240
2024-11-14,Thursday,11,2024,0,0,Biryani,213,350,74550
2024-11-14,Thursday,11,2024,0,0,Butter Chicken,114,320,36480
2024-11-14,Thursday,11,2024,0,0,Dal Makhani,96,220,21120
2024-11-14,Thursday,11,2024,0,0,Gulab Jamun,99,80,7920
2024-11-14,Thursday,11,2024,0,0,Mango Lassi,107,90,9630
2024-11-14,Thursday,11,2024,0,0,Masala Dosa,133,120,15960
2024-11-14,Thursday,11,2024,0,0,Naan,233,60,13980
2024-11-14,Thursday,11,2024,0,0,Paneer Tikka,112,280,31360
2024-11-15,Friday,11,2024,0,0,Biryani,272,350,95200
2024-11-15,Friday,11,2024,0,0,Butter Chicken,193,320,61760
2024-11-15,Friday,11,2024,0,0,Dal Makhani,151,220,33220
2024-11-15,Friday,11,2024,0,0,Gulab Jamun,107,80,8560
2024-11-15,Friday,11,2024,0,0,Mango Lassi,157,90,14130
2024-11-15,Friday,11,2024,0,0,Masala Dosa,176,120,21120
2024-11-15,Friday,11,2024,0,0,Naan,321,60,19260
2024-11-15,Friday,11,2024,0,0,Paneer Tikka,142,280,39760
2024-11-16,Saturday,11,2024,1,0,Biryani,280,350,98000
2024-11-16,Saturday,11,2024,1,0,Butter Chicken,249,320,79680
2024-11-16,Saturday,11,2024,1,0,Dal Makhani,126,220,27720
2024-11-16,Saturday,11,2024,1,0,Gulab Jamun,115,80,9200
2024-11-16,Saturday,11,2024,1,0,Mango Lassi,146,90,13140
2024-11-16,Saturday,11,2024,1,0,Masala Dosa,192,120,23040
2024-11-16,Saturday,11,2024,1,0,Naan,234,60,14040
2024-11-16,Saturday,11,2024,1,0,Paneer Tikka,159,280,44520
2024-11-17,Sunday,11,2024,1,0,Biryani,264,350,92400
2024-11-17,Sunday,11,2024,1,0,Butter Chicken,184,320,58880
2024-11-17,Sunday,11,2024,1,0,Dal Makhani,141,220,31020
2024-11-17,Sunday,11,2024,1,0,Gulab Jamun,119,80,9520
2024-11-17,Sunday,11,2024,1,0,Mango Lassi,117,90,10530
2024-11-17,Sunday,11,2024,1,0,Masala Dosa,221,120,26520
2024-11-17,Sunday,11,2024,1,0,Naan,313,60,18780
2024-11-17,Sunday,11,2024,1,0,Paneer Tikka,144,280,40320
2024-11-18,Monday,11,2024,0,0,Biryani,121,350,42350
2024-11-18,Monday,11,2024,0,0,Butter Chicken,117,320,37440
2024-11-18,Monday,11,2024,0,0,Dal Makhani,89,220,19580
2024-11-18,Monday,11,2024,0,0,Gulab Jamun,68,80,5440
2024-11-18,Monday,11,2024,0,0,Mango Lassi,68,90,6120
2024-11-18,Monday,11,2024,0,0,Masala Dosa,111,120,13320
2024-11-18,Monday,11,2024,0,0,Naan,211,60,12660
2024-11-18,Monday,11,2024,0,0,Paneer Tikka,82,280,22960
2024-11-19,Tuesday,11,2024,0,0,Biryani,179,350,62650
2024-11-19,Tuesday,11,2024,0,0,Butter Chicken,141,320,45120
2024-11-19,Tuesday,11,2024,0,0,Dal Makhani,65,220,14300
2024-11-19,Tuesday,11,2024,0,0,Gulab Jamun,85,80,6800
2024-11-19,Tuesday,11,2024,0,0,Mango Lassi,111,90,9990
2024-11-19,Tuesday,11,2024,0,0,Masala Dosa,128,120,15360
2024-11-19,Tuesday,11,2024,0,0,Naan,236,60,14160
2024-11-19,Tuesday,11,2024,0,0,Paneer Tikka,123,280,34440
2024-11-20,Wednesday,11,2024,0,0,Biryani,235,350,82250
2024-11-20,Wednesday,11,2024,0,0,Butter Chicken,161,320,51520
2024-11-20,Wednesday,11,2024,0,0,Dal Makhani,76,220,16720
2024-11-20,Wednesday,11,2024,0,0,Gulab Jamun,71,80,5680
2024-11-20,Wednesday,11,2024,0,0,Mango Lassi,84,90,7560
2024-11-20,Wednesday,11,2024,0,0,Masala Dosa,140,120,16800
2024-11-20,Wednesday,11,2024,0,0,Naan,258,60,15480
2024-11-20,Wednesday,11,2024,0,0,Paneer Tikka,115,280,32200
2024-11-21,Thursday,11,2024,0,0,Biryani,224,350,78400
2024-11-21,Thursday,11,2024,0,0,Butter Chicken,136,320,43520
2024-11-21,Thursday,11,2024,0,0,Dal Makhani,86,220,18920
2024-11-21,Thursday,11,2024,0,0,Gulab Jamun,95,80,7600
2024-11-21,Thursday,11,2024,0,0,Mango Lassi,103,90,9270
2024-11-21,Thursday,11,2024,0,0,Masala Dosa,121,120,14520
2024-11-21,Thursday,11,2024,0,0,Naan,218,60,13080
2024-11-21,Thursday,11,2024,0,0,Paneer Tikka,103,280,28840
2024-11-22,Friday,11,2024,0,0,Biryani,321,350,112350
2024-11-22,Friday,11,2024,0,0,Butter Chicken,197,320,63040
2024-11-22,Friday,11,2024,0,0,Dal Makhani,115,220,25300
2024-11-22,Friday,11,2024,0,0,Gulab Jamun,111,80,8880
2024-11-22,Friday,11,2024,0,0,Mango Lassi,180,90,16200
2024-11-22,Friday,11,2024,0,0,Masala Dosa,181,120,21720
2024-11-22,Friday,11,2024,0,0,Naan,380,60,22800
2024-11-22,Friday,11,2024,0,0,Paneer Tikka,149,280,41720
2024-11-23,Saturday,11,2024,1,0,Biryani,236,350,82600
2024-11-23,Saturday,11,2024,1,0,Butter Chicken,176,320,56320
2024-11-23,Saturday,11,2024,1,0,Dal Makhani,140,220,30800
2024-11-23,Saturday,11,2024,1,0,Gulab Jamun,130,80,10400
2024-11-23,Saturday,11,2024,1,0,Mango Lassi,135,90,12150
2024-11-23,Saturday,11,2024,1,0,Masala Dosa,212,120,25440
2024-11-23,Saturday,11,2024,1,0,Naan,395,60,23700
2024-11-23,Saturday,11,2024,1,0,Paneer Tikka,145,280,40600
2024-11-24,Sunday,11,2024,1,0,Biryani,345,350,120750
2024-11-24,Sunday,11,2024,1,0,Butter Chicken,193,320,61760
2024-11-24,Sunday,11,2024,1,0,Dal Makhani,133,220,29260
2024-11-24,Sunday,11,2024,1,0,Gulab Jamun,100,80,8000
2024-11-24,Sunday,11,2024,1,0,Mango Lassi,145,90,13050
2024-11-24,Sunday,11,2024,1,0,Masala Dosa,205,120,24600
2024-11-24,Sunday,11,2024,1,0,Naan,309,60,18540
2024-11-24,Sunday,11,2024,1,0,Paneer Tikka,121,280,33880
2024-11-25,Monday,11,2024,0,0,Biryani,163,350,57050
2024-11-25,Monday,11,2024,0,0,Butter Chicken,117,320,37440
2024-11-25,Monday,11,2024,0,0,Dal Makhani,61,220,13420
2024-11-25,Monday,11,2024,0,0,Gulab Jamun,67,80,5360
2024-11-25,Monday,11,2024,0,0,Mango Lassi,90,90,8100
2024-11-25,Monday,11,2024,0,0,Masala Dosa,118,120,14160
2024-11-25,Monday,11,2024,0,0,Naan,196,60,11760
2024-11-25,Monday,11,2024,0,0,Paneer Tikka,96,280,26880
2024-11-26,Tuesday,11,2024,0,0,Biryani,190,350,66500
2024-11-26,Tuesday,11,2024,0,0,Butter Chicken,130,320,41600
2024-11-26,Tuesday,11,2024,0,0,Dal Makhani,101,220,22220
2024-11-26,Tuesday,11,2024,0,0,Gulab Jamun,95,80,7600
2024-11-26,Tuesday,11,2024,0,0,Mango Lassi,111,90,9990
2024-11-26,Tuesday,11,2024,0,0,Masala Dosa,141,120,16920
2024-11-26,Tuesday,11,2024,0,0,Naan,244,60,14640
2024-11-26,Tuesday,11,2024,0,0,Paneer Tikka,111,280,31080
2024-11-27,Wednesday,11,2024,0,0,Biryani,205,350,71750
2024-11-27,Wednesday,11,2024,0,0,Butter Chicken,154,320,49280
2024-11-27,Wednesday,11,2024,0,0,Dal Makhani,87,220,19140
2024-11-27,Wednesday,11,2024,0,0,Gulab Jamun,74,80,5920
2024-11-27,Wednesday,11,2024,0,0,Mango Lassi,78,90,7020
2024-11-27,Wednesday,11,2024,0,0,Masala Dosa,125,120,15000
2024-11-27,Wednesday,11,2024,0,0,Naan,233,60,13980
2024-11-27,Wednesday,11,2024,0,0,Paneer Tikka,98,280,27440
2024-11-28,Thursday,11,2024,0,0,Biryani,172,350,60200
2024-11-28,Thursday,11,2024,0,0,Butter Chicken,137,320,43840
2024-11-28,Thursday,11,2024,0,0,Dal Makhani,93,220,20460
2024-11-28,Thursday,11,2024,0,0,Gulab Jamun,100,80,8000
2024-11-28,Thursday,11,2024,0,0,Mango Lassi,107,90,9630
2024-11-28,Thursday,11,2024,0,0,Masala Dosa,147,120,17640
2024-11-28,Thursday,11,2024,0,0,Naan,298,60,17880
2024-11-28,Thursday,11,2024,0,0,Paneer Tikka,114,280,31920
2024-11-29,Friday,11,2024,0,0,Biryani,256,350,89600
2024-11-29,Friday,11,2024,0,0,Butter Chicken,230,320,73600
2024-11-29,Friday,11,2024,0,0,Dal Makhani,84,220,18480
2024-11-29,Friday,11,2024,0,0,Gulab Jamun,106,80,8480
2024-11-29,Friday,11,2024,0,0,Mango Lassi,134,90,12060
2024-11-29,Friday,11,2024,0,0,Masala Dosa,209,120,25080
2024-11-29,Friday,11,2024,0,0,Naan,375,60,22500
2024-11-29,Friday,11,2024,0,0,Paneer Tikka,138,280,38640
2024-11-30,Saturday,11,2024,1,0,Biryani,315,350,110250
2024-11-30,Saturday,11,2024,1,0,Butter Chicken,183,320,58560
2024-11-30,Saturday,11,2024,1,0,Dal Makhani,99,220,21780
2024-11-30,Saturday,11,2024,1,0,Gulab Jamun,115,80,9200
2024-11-30,Saturday,11,2024,1,0,Mango Lassi,146,90,13140
2024-11-30,Saturday,11,2024,1,0,Masala Dosa,171,120,20520
2024-11-30,Saturday,11,2024,1,0,Naan,344,60,20640
2024-11-30,Saturday,11,2024,1,0,Paneer Tikka,158,280,44240
2024-12-01,Sunday,12,2024,1,0,Biryani,211,350,73850
2024-12-01,Sunday,12,2024,1,0,Butter Chicken,154,320,49280
2024-12-01,Sunday,12,2024,1,0,Dal Makhani,110,220,24200
2024-12-01,Sunday,12,2024,1,0,Gulab Jamun,75,80,6000
2024-12-01,Sunday,12,2024,1,0,Mango Lassi,103,90,9270
2024-12-01,Sunday,12,2024,1,0,Masala Dosa,141,120,16920
2024-12-01,Sunday,12,2024,1,0,Naan,269,60,16140
2024-12-01,Sunday,12,2024,1,0,Paneer Tikka,116,280,32480
2024-12-02,Monday,12,2024,0,0,Biryani,138,350,48300
2024-12-02,Monday,12,2024,0,0,Butter Chicken,103,320,32960
2024-12-02,Monday,12,2024,0,0,Dal Makhani,70,220,15400
2024-12-02,Monday,12,2024,0,0,Gulab Jamun,49,80,3920
2024-12-02,Monday,12,2024,0,0,Mango Lassi,44,90,3960
2024-12-02,Monday,12,2024,0,0,Masala Dosa,82,120,9840
2024-12-02,Monday,12,2024,0,0,Naan,170,60,10200
2024-12-02,Monday,12,2024,0,0,Paneer Tikka,70,280,19600
2024-12-03,Tuesday,12,2024,0,0,Biryani,168,350,58800
2024-12-03,Tuesday,12,2024,0,0,Butter Chicken,114,320,36480
2024-12-03,Tuesday,12,2024,0,0,Dal Makhani,71,220,15620
2024-12-03,Tuesday,12,2024,0,0,Gulab Jamun,58,80,4640
2024-12-03,Tuesday,12,2024,0,0,Mango Lassi,84,90,7560
2024-12-03,Tuesday,12,2024,0,0,Masala Dosa,80,120,9600
2024-12-03,Tuesday,12,2024,0,0,Naan,182,60,10920
2024-12-03,Tuesday,12,2024,0,0,Paneer Tikka,84,280,23520
2024-12-04,Wednesday,12,2024,0,0,Biryani,166,350,58100
2024-12-04,Wednesday,12,2024,0,0,Butter Chicken,140,320,44800
2024-12-04,Wednesday,12,2024,0,0,Dal Makhani,81,220,17820
2024-12-04,Wednesday,12,2024,0,0,Gulab Jamun,59,80,4720
2024-12-04,Wednesday,12,2024,0,0,Mango Lassi,88,90,7920
2024-12-04,Wednesday,12,2024,0,0,Masala Dosa,106,120,12720
2024-12-04,Wednesday,12,2024,0,0,Naan,171,60,10260
2024-12-04,Wednesday,12,2024,0,0,Paneer Tikka,86,280,24080
2024-12-05,Thursday,12,2024,0,0,Biryani,145,350,50750
2024-12-05,Thursday,12,2024,0,0,Butter Chicken,118,320,37760
2024-12-05,Thursday,12,2024,0,0,Dal Makhani,79,220,17380
2024-12-05,Thursday,12,2024,0,0,Gulab Jamun,63,80,5040
2024-12-05,Thursday,12,2024,0,0,Mango Lassi,82,90,7380
2024-12-05,Thursday,12,2024,0,0,Masala Dosa,89,120,10680
2024-12-05,Thursday,12,2024,0,0,Naan,237,60,14220
2024-12-05,Thursday,12,2024,0,0,Paneer Tikka,90,280,25200
2024-12-06,Friday,12,2024,0,0,Biryani,143,350,50050
2024-12-06,Friday,12,2024,0,0,Butter Chicken,172,320,55040
2024-12-06,Friday,12,2024,0,0,Dal Makhani,114,220,25080
2024-12-06,Friday,12,2024,0,0,Gulab Jamun,82,80,6560
2024-12-06,Friday,12,2024,0,0,Mango Lassi,128,90,11520
2024-12-06,Friday,12,2024,0,0,Masala Dosa,109,120,13080
2024-12-06,Friday,12,2024,0,0,Naan,279,60,16740
2024-12-06,Friday,12,2024,0,0,Paneer Tikka,110,280,30800
2024-12-07,Saturday,12,2024,1,0,Biryani,212,350,74200
2024-12-07,Saturday,12,2024,1,0,Butter Chicken,185,320,59200
2024-12-07,Saturday,12,2024,1,0,Dal Makhani,99,220,21780
2024-12-07,Saturday,12,2024,1,0,Gulab Jamun,79,80,6320
2024-12-07,Saturday,12,2024,1,0,Mango Lassi,97,90,8730
2024-12-07,Saturday,12,2024,1,0,Masala Dosa,156,120,18720
2024-12-07,Saturday,12,2024,1,0,Naan,252,60,15120
2024-12-07,Saturday,12,2024,1,0,Paneer Tikka,131,280,36680
2024-12-08,Sunday,12,2024,1,0,Biryani,252,350,88200
2024-12-08,Sunday,12,2024,1,0,Butter Chicken,176,320,56320
2024-12-08,Sunday,12,2024,1,0,Dal Makhani,90,220,19800
2024-12-08,Sunday,12,2024,1,0,Gulab Jamun,88,80,7040
2024-12-08,Sunday,12,2024,1,0,Mango Lassi,89,90,8010
2024-12-08,Sunday,12,2024,1,0,Masala Dosa,122,120,14640
2024-12-08,Sunday,12,2024,1,0,Naan,254,60,15240
2024-12-08,Sunday,12,2024,1,0,Paneer Tikka,117,280,32760
2024-12-09,Monday,12,2024,0,0,Biryani,139,350,48650
2024-12-09,Monday,12,2024,0,0,Butter Chicken,87,320,27840
2024-12-09,Monday,12,2024,0,0,Dal Makhani,63,220,13860
2024-12-09,Monday,12,2024,0,0,Gulab Jamun,68,80,5440
2024-12-09,Monday,12,2024,0,0,Mango Lassi,64,90,5760
2024-12-09,Monday,12,2024,0,0,Masala Dosa,94,120,11280
2024-12-09,Monday,12,2024,0,0,Naan,120,60,7200
2024-12-09,Monday,12,2024,0,0,Paneer Tikka,58,280,16240
2024-12-10,Tuesday,12,2024,0,0,Biryani,135,350,47250
2024-12-10,Tuesday,12,2024,0,0,Butter Chicken,107,320,34240
2024-12-10,Tuesday,12,2024,0,0,Dal Makhani,73,220,16060
2024-12-10,Tuesday,12,2024,0,0,Gulab Jamun,68,80,5440
2024-12-10,Tuesday,12,2024,0,0,Mango Lassi,75,90,6750
2024-12-10,Tuesday,12,2024,0,0,Masala Dosa,118,120,14160
2024-12-10,Tuesday,12,2024,0,0,Naan,193,60,11580
2024-12-10,Tuesday,12,2024,0,0,Paneer Tikka,117,280,32760
2024-12-11,Wednesday,12,2024,0,0,Biryani,141,350,49350
2024-12-11,Wednesday,12,2024,0,0,Butter Chicken,103,320,32960
2024-12-11,Wednesday,12,2024,0,0,Dal Makhani,73,220,16060
2024-12-11,Wednesday,12,2024,0,0,Gulab Jamun,75,80,6000
2024-12-11,Wednesday,12,2024,0,0,Mango Lassi,75,90,6750
2024-12-11,Wednesday,12,2024,0,0,Masala Dosa,83,120,9960
2024-12-11,Wednesday,12,2024,0,0,Naan,176,60,10560
2024-12-11,Wednesday,12,2024,0,0,Paneer Tikka,84,280,23520
2024-12-12,Thursday,12,2024,0,0,Biryani,161,350,56350
2024-12-12,Thursday,12,2024,0,0,Butter Chicken,99,320,31680
2024-12-12,Thursday,12,2024,0,0,Dal Makhani,57,220,12540
2024-12-12,Thursday,12,2024,0,0,Gulab Jamun,79,80,6320
2024-12-12,Thursday,12,2024,0,0,Mango Lassi,85,90,7650
2024-12-12,Thursday,12,2024,0,0,Masala Dosa,89,120,10680
2024-12-12,Thursday,12,2024,0,0,Naan,197,60,11820
2024-12-12,Thursday,12,2024,0,0,Paneer Tikka,85,280,23800
2024-12-13,Friday,12,2024,0,0,Biryani,214,350,74900
2024-12-13,Friday,12,2024,0,0,Butter Chicken,150,320,48000
2024-12-13,Friday,12,2024,0,0,Dal Makhani,105,220,23100
2024-12-13,Friday,12,2024,0,0,Gulab Jamun,89,80,7120
2024-12-13,Friday,12,2024,0,0,Mango Lassi,100,90,9000
2024-12-13,Friday,12,2024,0,0,Masala Dosa,134,120,16080
2024-12-13,Friday,12,2024,0,0,Naan,255,60,15300
2024-12-13,Friday,12,2024,0,0,Paneer Tikka,107,280,29960
2024-12-14,Saturday,12,2024,1,0,Biryani,242,350,84700
2024-12-14,Saturday,12,2024,1,0,Butter Chicken,151,320,48320
2024-12-14,Saturday,12,2024,1,0,Dal Makhani,102,220,22440
2024-12-14,Saturday,12,2024,1,0,Gulab Jamun,89,80,7120
2024-12-14,Saturday,12,2024,1,0,Mango Lassi,94,90,8460
2024-12-14,Saturday,12,2024,1,0,Masala Dosa,169,120,20280
2024-12-14,Saturday,12,2024,1,0,Naan,232,60,13920
2024-12-14,Saturday,12,2024,1,0,Paneer Tikka,88,280,24640
2024-12-15,Sunday,12,2024,1,0,Biryani,227,350,79450
2024-12-15,Sunday,12,2024,1,0,Butter Chicken,173,320,55360
2024-12-15,Sunday,12,2024,1,0,Dal Makhani,93,220,20460
2024-12-15,Sunday,12,2024,1,0,Gulab Jamun,94,80,7520
2024-12-15,Sunday,12,2024,1,0,Mango Lassi,83,90,7470
2024-12-15,Sunday,12,2024,1,0,Masala Dosa,133,120,15960
2024-12-15,Sunday,12,2024,1,0,Naan,270,60,16200
2024-12-15,Sunday,12,2024,1,0,Paneer Tikka,123,280,34440
2024-12-16,Monday,12,2024,0,0,Biryani,116,350,40600
2024-12-16,Monday,12,2024,0,0,Butter Chicken,88,320,28160
2024-12-16,Monday,12,2024,0,0,Dal Makhani,54,220,11880
2024-12-16,Monday,12,2024,0,0,Gulab Jamun,38,80,3040
2024-12-16,Monday,12,2024,0,0,Mango Lassi,62,90,5580
2024-12-16,Monday,12,2024,0,0,Masala Dosa,69,120,8280
2024-12-16,Monday,12,2024,0,0,Naan,143,60,8580
2024-12-16,Monday,12,2024,0,0,Paneer Tikka,84,280,23520
2024-12-17,Tuesday,12,2024,0,0,Biryani,157,350,54950
2024-12-17,Tuesday,12,2024,0,0,Butter Chicken,118,320,37760
2024-12-17,Tuesday,12,2024,0,0,Dal Makhani,73,220,16060
2024-12-17,Tuesday,12,2024,0,0,Gulab Jamun,61,80,4880
2024-12-17,Tuesday,12,2024,0,0,Mango Lassi,77,90,6930
2024-12-17,Tuesday,12,2024,0,0,Masala Dosa,99,120,11880
2024-12-17,Tuesday,12,2024,0,0,Naan,213,60,12780
2024-12-17,Tuesday,12,2024,0,0,Paneer Tikka,87,280,24360
2024-12-18,Wednesday,12,2024,0,0,Biryani,148,350,51800
2024-12-18,Wednesday,12,2024,0,0,Butter Chicken,124,320,39680
2024-12-18,Wednesday,12,2024,0,0,Dal Makhani,73,220,16060
2024-12-18,Wednesday,12,2024,0,0,Gulab Jamun,65,80,5200
2024-12-18,Wednesday,12,2024,0,0,Mango Lassi,66,90,5940
2024-12-18,Wednesday,12,2024,0,0,Masala Dosa,90,120,10800
2024-12-18,Wednesday,12,2024,0,0,Naan,197,60,11820
2024-12-18,Wednesday,12,2024,0,0,Paneer Tikka,102,280,28560
2024-12-19,Thursday,12,2024,0,0,Biryani,153,350,53550
2024-12-19,Thursday,12,2024,0,0,Butter Chicken,92,320,29440
2024-12-19,Thursday,12,2024,0,0,Dal Makhani,74,220,16280
2024-12-19,Thursday,12,2024,0,0,Gulab Jamun,65,80,5200
2024-12-19,Thursday,12,2024,0,0,Mango Lassi,68,90,6120
2024-12-19,Thursday,12,2024,0,0,Masala Dosa,90,120,10800
2024-12-19,Thursday,12,2024,0,0,Naan,189,60,11340
2024-12-19,Thursday,12,2024,0,0,Paneer Tikka,91,280,25480
2024-12-20,Friday,12,2024,0,0,Biryani,211,350,73850
2024-12-20,Friday,12,2024,0,0,Butter Chicken,183,320,58560
2024-12-20,Friday,12,2024,0,0,Dal Makhani,86,220,18920
2024-12-20,Friday,12,2024,0,0,Gulab Jamun,83,80,6640
2024-12-20,Friday,12,2024,0,0,Mango Lassi,119,90,10710
2024-12-20,Friday,12,2024,0,0,Masala Dosa,132,120,15840
2024-12-20,Friday,12,2024,0,0,Naan,273,60,16380
2024-12-20,Friday,12,2024,0,0,Paneer Tikka,99,280,27720
2024-12-21,Saturday,12,2024,1,0,Biryani,191,350,66850
2024-12-21,Saturday,12,2024,1,0,Butter Chicken,158,320,50560
2024-12-21,Saturday,12,2024,1,0,Dal Makhani,81,220,17820
2024-12-21,Saturday,12,2024,1,0,Gulab Jamun,95,80,7600
2024-12-21,Saturday,12,2024,1,0,Mango Lassi,107,90,9630
2024-12-21,Saturday,12,2024,1,0,Masala Dosa,132,120,15840
2024-12-21,Saturday,12,2024,1,0,Naan,259,60,15540
2024-12-21,Saturday,12,2024,1,0,Paneer Tikka,125,280,35000
2024-12-22,Sunday,12,2024,1,0,Biryani,265,350,92750
2024-12-22,Sunday,12,2024,1,0,Butter Chicken,161,320,51520
2024-12-22,Sunday,12,2024,1,0,Dal Makhani,96,220,21120
2024-12-22,Sunday,12,2024,1,0,Gulab Jamun,91,80,7280
2024-12-22,Sunday,12,2024,1,0,Mango Lassi,91,90,8190
2024-12-22,Sunday,12,2024,1,0,Masala Dosa,124,120,14880
2024-12-22,Sunday,12,2024,1,0,Naan,277,60,16620
2024-12-22,Sunday,12,2024,1,0,Paneer Tikka,95,280,26600
2024-12-23,Monday,12,2024,0,0,Biryani,128,350,44800
2024-12-23,Monday,12,2024,0,0,Butter Chicken,98,320,31360
2024-12-23,Monday,12,2024,0,0,Dal Makhani,63,220,13860
2024-12-23,Monday,12,2024,0,0,Gulab Jamun,55,80,4400
2024-12-23,Monday,12,2024,0,0,Mango Lassi,80,90,7200
2024-12-23,Monday,12,2024,0,0,Masala Dosa,75,120,9000
2024-12-23,Monday,12,2024,0,0,Naan,129,60,7740
2024-12-23,Monday,12,2024,0,0,Paneer Tikka,67,280,18760
2024-12-24,Tuesday,12,2024,0,0,Biryani,158,350,55300
2024-12-24,Tuesday,12,2024,0,0,Butter Chicken,114,320,36480
2024-12-24,Tuesday,12,2024,0,0,Dal Makhani,90,220,19800
2024-12-24,Tuesday,12,2024,0,0,Gulab Jamun,52,80,4160
2024-12-24,Tuesday,12,2024,0,0,Mango Lassi,56,90,5040
2024-12-24,Tuesday,12,2024,0,0,Masala Dosa,103,120,12360
2024-12-24,Tuesday,12,2024,0,0,Naan,150,60,9000
2024-12-24,Tuesday,12,2024,0,0,Paneer Tikka,93,280,26040
2024-12-25,Wednesday,12,2024,0,1,Biryani,240,350,84000
2024-12-25,Wednesday,12,2024,0,1,Butter Chicken,187,320,59840
2024-12-25,Wednesday,12,2024,0,1,Dal Makhani,111,220,24420
2024-12-25,Wednesday,12,2024,0,1,Gulab Jamun,108,80,8640
2024-12-25,Wednesday,12,2024,0,1,Mango Lassi,114,90,10260
2024-12-25,Wednesday,12,2024,0,1,Masala Dosa,153,120,18360
2024-12-25,Wednesday,12,2024,0,1,Naan,403,60,24180
2024-12-25,Wednesday,12,2024,0,1,Paneer Tikka,138,280,38640
2024-12-26,Thursday,12,2024,0,0,Biryani,152,350,53200
2024-12-26,Thursday,12,2024,0,0,Butter Chicken,120,320,38400
2024-12-26,Thursday,12,2024,0,0,Dal Makhani,88,220,19360
2024-12-26,Thursday,12,2024,0,0,Gulab Jamun,47,80,3760
2024-12-26,Thursday,12,2024,0,0,Mango Lassi,76,90,6840
2024-12-26,Thursday,12,2024,0,0,Masala Dosa,103,120,12360
2024-12-26,Thursday,12,2024,0,0,Naan,216,60,12960
2024-12-26,Thursday,12,2024,0,0,Paneer Tikka,85,280,23800
2024-12-27,Friday,12,2024,0,0,Biryani,245,350,85750
2024-12-27,Friday,12,2024,0,0,Butter Chicken,208,320,66560
2024-12-27,Friday,12,2024,0,0,Dal Makhani,115,220,25300
2024-12-27,Friday,12,2024,0,0,Gulab Jamun,62,80,4960
2024-12-27,Friday,12,2024,0,0,Mango Lassi,117,90,10530
2024-12-27,Friday,12,2024,0,0,Masala Dosa,124,120,14880
2024-12-27,Friday,12,2024,0,0,Naan,262,60,15720
2024-12-27,Friday,12,2024,0,0,Paneer Tikka,114,280,31920
2024-12-28,Saturday,12,2024,1,0,Biryani,184,350,64400
2024-12-28,Saturday,12,2024,1,0,Butter Chicken,142,320,45440
2024-12-28,Saturday,12,2024,1,0,Dal Makhani,95,220,20900
2024-12-28,Saturday,12,2024,1,0,Gulab Jamun,76,80,6080
2024-12-28,Saturday,12,2024,1,0,Mango Lassi,123,90,11070
2024-12-28,Saturday,12,2024,1,0,Masala Dosa,142,120,17040
2024-12-28,Saturday,12,2024,1,0,Naan,257,60,15420
2024-12-28,Saturday,12,2024,1,0,Paneer Tikka,120,280,33600
2024-12-29,Sunday,12,2024,1,0,Biryani,213,350,74550
2024-12-29,Sunday,12,2024,1,0,Butter Chicken,146,320,46720
2024-12-29,Sunday,12,2024,1,0,Dal Makhani,98,220,21560
2024-12-29,Sunday,12,2024,1,0,Gulab Jamun,86,80,6880
2024-12-29,Sunday,12,2024,1,0,Mango Lassi,106,90,9540
2024-12-29,Sunday,12,2024,1,0,Masala Dosa,160,120,19200
2024-12-29,Sunday,12,2024,1,0,Naan,261,60,15660
2024-12-29,Sunday,12,2024,1,0,Paneer Tikka,94,280,26320
2024-12-30,Monday,12,2024,0,0,Biryani,131,350,45850
2024-12-30,Monday,12,2024,0,0,Butter Chicken,81,320,25920
2024-12-30,Monday,12,2024,0,0,Dal Makhani,55,220,12100
2024-12-30,Monday,12,2024,0,0,Gulab Jamun,44,80,3520
2024-12-30,Monday,12,2024,0,0,Mango Lassi,59,90,5310
2024-12-30,Monday,12,2024,0,0,Masala Dosa,95,120,11400
2024-12-30,Monday,12,2024,0,0,Naan,117,60,7020
2024-12-30,Monday,12,2024,0,0,Paneer Tikka,76,280,21280
2024-12-31,Tuesday,12,2024,0,0,Biryani,131,350,45850
2024-12-31,Tuesday,12,2024,0,0,Butter Chicken,121,320,38720
2024-12-31,Tuesday,12,2024,0,0,Dal Makhani,54,220,11880
2024-12-31,Tuesday,12,2024,0,0,Gulab Jamun,88,80,7040
2024-12-31,Tuesday,12,2024,0,0,Mango Lassi,70,90,6300
2024-12-31,Tuesday,12,2024,0,0,Masala Dosa,95,120,11400
2024-12-31,Tuesday,12,2024,0,0,Naan,206,60,12360
2024-12-31,Tuesday,12,2024,0,0,Paneer Tikka,75,280,21000
